-- --------------------------------------------------------
-- Host:                         store-huy91027-8633.aivencloud.com
-- Server version:               8.0.30 - Source distribution
-- Server OS:                    Linux
-- HeidiSQL Version:             12.6.0.6765
-- --------------------------------------------------------

/*!40101 SET @OLD_CHARACTER_SET_CLIENT=@@CHARACTER_SET_CLIENT */;
/*!40101 SET NAMES utf8 */;
/*!50503 SET NAMES utf8mb4 */;
/*!40103 SET @OLD_TIME_ZONE=@@TIME_ZONE */;
/*!40103 SET TIME_ZONE='+00:00' */;
/*!40014 SET @OLD_FOREIGN_KEY_CHECKS=@@FOREIGN_KEY_CHECKS, FOREIGN_KEY_CHECKS=0 */;
/*!40101 SET @OLD_SQL_MODE=@@SQL_MODE, SQL_MODE='NO_AUTO_VALUE_ON_ZERO' */;
/*!40111 SET @OLD_SQL_NOTES=@@SQL_NOTES, SQL_NOTES=0 */;


-- Dumping database structure for defaultdb
CREATE DATABASE IF NOT EXISTS `defaultdb` /*!40100 DEFAULT CHARACTER SET utf8mb4 COLLATE utf8mb4_0900_ai_ci */ /*!80016 DEFAULT ENCRYPTION='N' */;
USE `defaultdb`;

-- Dumping structure for table defaultdb.account
CREATE TABLE IF NOT EXISTS `account` (
  `id` varchar(100) COLLATE utf8mb4_vietnamese_ci NOT NULL,
  `Account` varchar(100) COLLATE utf8mb4_vietnamese_ci NOT NULL,
  `Password` varchar(100) COLLATE utf8mb4_vietnamese_ci NOT NULL,
  PRIMARY KEY (`Account`)
) ENGINE=InnoDB DEFAULT CHARSET=utf8mb4 COLLATE=utf8mb4_vietnamese_ci;

-- Dumping data for table defaultdb.account: ~8 rows (approximately)
INSERT INTO `account` (`id`, `Account`, `Password`) VALUES
	('admine88e7421-a0d4-48f2-a221-b30cfc54a7dc]', 'admin', 'admin@admin'),
	('9e3aadcb-23b1-4540-8ec3-4bbb6892f3e1', 'DenVau@pmq.com', 'huy@huy123'),
	('c9a79c22-8546-4540-8d16-92c01c4a6a23', 'huy91027@gmail.com', 'huy@huy123'),
	('user-f251a07e-7465-477b-9fa6-ee0a9f85c52d-1723366291936', 'huyihuy140@gmail.com', ''),
	('user-c7438792-5c68-466d-ae19-25aef6856bc2', 'nhanvien', 'huy@huy123'),
	('user-9a6bf20a-dcee-4adf-81cf-e18a524a98b9', 'nhanvien2', 'huy@huy123'),
	('user-7364e787-c5e0-495f-852c-9d7850b817ef', 'nhanvien3', 'huy@huy123'),
	('42a9314d-5f14-4786-88ab-604359aa75e1', 'PhanManhQuynh@pmq.com', 'huy@huy123'),
	('51925ca6-74c6-418d-9273-793061b05aa6', 'sontungmtp@enter.com', 'huy@huy123');

-- Dumping structure for table defaultdb.artistmanagement
CREATE TABLE IF NOT EXISTS `artistmanagement` (
  `idArtist` varchar(100) COLLATE utf8mb4_vietnamese_ci NOT NULL,
  `createtime` datetime NOT NULL DEFAULT CURRENT_TIMESTAMP,
  PRIMARY KEY (`idArtist`)
) ENGINE=InnoDB DEFAULT CHARSET=utf8mb4 COLLATE=utf8mb4_vietnamese_ci;

-- Dumping data for table defaultdb.artistmanagement: ~45 rows (approximately)
INSERT INTO `artistmanagement` (`idArtist`, `createtime`) VALUES
	('artist-020da543-7392-4c8f-a5e4-948c8ad812d8-1738510117580', '2025-02-02 15:28:41'),
	('artist-0553133c-8416-4c87-bc32-b007699a9a2b-1738574392549', '2025-02-03 09:19:54'),
	('artist-05fffea7-110d-45ef-b70b-975c27c7fed0-1738325890038', '2025-01-31 12:18:10'),
	('artist-0a9a1230-3eae-4275-90e2-4f38ba44a6d9', '2024-07-01 03:26:10'),
	('artist-0ce5ed6a-5b84-4c74-942e-b59926e83b66-1738512533902', '2025-02-02 16:08:56'),
	('artist-13c5ddd7-222b-45d5-8260-3c62ce646e01-1732718402757', '2024-11-27 14:40:06'),
	('artist-1456b930-ad22-4f4f-a140-513ac23c8ad5-1738073625853', '2025-01-28 14:13:48'),
	('artist-1bc9c882-f6ec-4cc0-98c9-419eba220014-1738424207163', '2025-02-01 15:36:50'),
	('artist-24f621fc-2ec1-4753-b79d-fbd35b5f17cb-1737819585602', '2025-01-25 15:39:50'),
	('artist-37d07bbb-b815-488f-baa5-6c25cbe4ba74-1725550799643', '2024-09-05 15:40:03'),
	('artist-4539e319-819e-4627-a60c-eddc308df754-1738423582802', '2025-02-01 15:26:23'),
	('artist-48c4134e-cbc8-42a1-8737-f575c01848ec-1738548540433', '2025-02-03 02:09:01'),
	('artist-4c4ae34c-b34b-427b-825c-59f995dfcc14-1738076385917', '2025-01-28 14:59:48'),
	('artist-4f2455ed-cadd-476b-b4c2-1663891c933a-1734273911958', '2024-12-15 14:45:15'),
	('artist-53a888c8-ff1f-4fbc-9510-3d50d4d8aefb-1738511202803', '2025-02-02 15:46:46'),
	('artist-55930b25-3bb4-4934-9e66-e3d58649eca5-1738573864283', '2025-02-03 09:11:07'),
	('artist-566a4f2a-83f4-4ad1-a550-1b52091a8bf2', '2024-07-01 04:24:58'),
	('artist-63e39141-f2ca-43ff-9ede-c66d5ab980e9-1738655453104', '2025-02-04 07:50:57'),
	('artist-6d3f4e14-ff96-4082-ba82-02674890905e-1737796923598', '2025-01-25 09:22:08'),
	('artist-717aba39-8501-41c1-8a26-8f68c4b282e3-1725186015160', '2024-09-01 10:20:17'),
	('artist-72f7937e-dc5b-4bbd-941c-8ec37458ed93-1738547171759', '2025-02-03 01:46:14'),
	('artist-79971eb4-fcaa-4be6-b4c3-70e7dd5923e3-1738423596080', '2025-02-01 15:26:36'),
	('artist-7ca17e4c-b92f-48cb-9642-4ffbc9f19978-1738551165034', '2025-02-03 02:52:49'),
	('artist-7d2a7a2a-6110-4746-ac9b-9d0fb1e90b60-1737815723696', '2025-01-25 14:35:28'),
	('artist-87cb9a4c-45d8-426a-bcac-9576677321f0-1725185616844', '2024-09-01 10:13:39'),
	('artist-8d22b263-0b3e-44f0-b6fe-4d1a1f8cb9d9-1738508571727', '2025-02-02 15:02:55'),
	('artist-8dca8df5-0a86-4150-96ea-b00ed01305c3-1738547567642', '2025-02-03 01:52:51'),
	('artist-a3e230e4-c1bb-48a8-8069-d6e3792323fc-1725283096104', '2024-09-02 13:18:18'),
	('artist-b29a1a00-42ee-4984-a16e-0c757b4cec78-1731984342688', '2024-11-19 02:45:46'),
	('artist-b5f7bbc5-8a8d-425a-92d2-69c70e175a1f-1738551776320', '2025-02-03 03:03:00'),
	('artist-bca4ab76-29ad-48b0-a6bf-0afacb6c545c-1738491015170', '2025-02-02 10:10:19'),
	('artist-bce49a0b-09fb-430f-8a0a-253ec877419f-1738672823180', '2025-02-04 12:40:34'),
	('artist-c07dcb4a-6dc6-40d8-ab80-d8058b56c6e7-1736004451431', '2025-01-04 15:27:34'),
	('artist-d71883a7-b621-4693-b9e8-062c144b4d45-1737797467978', '2025-01-25 09:31:11'),
	('artist-df5c4415-932c-4b69-98ca-740516b210cf-1737779637572', '2025-01-25 04:34:01'),
	('artist-e3f078e5-f587-4c18-a790-424e6dd64487-1725455195688', '2024-09-04 13:06:38'),
	('artist-e5325c2e-4c74-4f23-a1fc-79de0b487f96-1738507126215', '2025-02-02 14:38:47'),
	('artist-e9a1e896-ecc4-4adc-9f5e-2cd107fb1ed4', '2024-06-25 23:25:10'),
	('artist-ea7319fc-a892-4526-a664-0347f2302ed6-1738549115228', '2025-02-03 02:18:39'),
	('artist-ea7399e9-d854-426d-b4ca-dc2644b88a74-1723107672710', '2024-08-08 09:01:15'),
	('artist-eb91aa80-3869-430d-9810-dd12344779ed-1738071857142', '2025-01-28 13:44:20'),
	('artist-ee6b7fbc-e072-4a33-9e03-887fc1f82008-1725286552482', '2024-09-02 14:15:54'),
	('artist-efd0f20b-ea67-45e9-a76d-9118dc6f0588-1738547135616', '2025-02-03 01:45:40'),
	('artist-f4cee228-4fc9-4014-a0c8-5151397bb463-1732030044782', '2024-11-19 15:27:28'),
	('artist-f7098c96-6699-4646-be45-717b445672dd-1732026661111', '2024-11-19 14:31:04'),
	('artist-fd1ff219-ee15-45ff-baa5-316e29bd8998-1723110503718', '2024-08-08 09:48:26'),
	('artist-fe79e6f5-1ebe-4223-9b00-3e00c16af0bd', '2024-07-04 14:07:33');

-- Dumping structure for table defaultdb.boxchat
CREATE TABLE IF NOT EXISTS `boxchat` (
  `idBox` varchar(100) COLLATE utf8mb3_vietnamese_ci NOT NULL,
  `Ngay` datetime NOT NULL DEFAULT CURRENT_TIMESTAMP,
  `content` varchar(100) CHARACTER SET utf8mb3 COLLATE utf8mb3_vietnamese_ci DEFAULT '',
  `id` varchar(100) CHARACTER SET utf8mb3 COLLATE utf8mb3_vietnamese_ci DEFAULT NULL,
  `boxtype` varchar(100) COLLATE utf8mb3_vietnamese_ci NOT NULL DEFAULT 'nofirend',
  `boxiamge` varchar(100) COLLATE utf8mb3_vietnamese_ci DEFAULT NULL,
  `updateDay` datetime DEFAULT NULL,
  `messType` varchar(20) CHARACTER SET utf8mb3 COLLATE utf8mb3_vietnamese_ci DEFAULT NULL,
  PRIMARY KEY (`idBox`)
) ENGINE=InnoDB DEFAULT CHARSET=utf8mb3 COLLATE=utf8mb3_vietnamese_ci;

-- Dumping data for table defaultdb.boxchat: ~5 rows (approximately)
INSERT INTO `boxchat` (`idBox`, `Ngay`, `content`, `id`, `boxtype`, `boxiamge`, `updateDay`, `messType`) VALUES
	('idbox-54858f9c-e336-4cad-923d-985cbfc60e15', '2024-08-18 14:56:18', '', NULL, 'friend', NULL, NULL, NULL),
	('idbox-6acf7197-951e-45ca-bfc2-a984997d6501', '2024-04-11 09:05:30', '', 'c9a79c22-8546-4540-8d16-92c01c4a6a23', 'noFriend', NULL, '2024-04-14 19:56:02', 'Mess'),
	('idbox-af322496-7c64-4592-8c98-a9e0dbce8285', '2024-08-18 14:58:23', '', NULL, 'noFriend', NULL, NULL, NULL),
	('idbox-deae105f-13a3-4656-bd1e-d2c669c238ff', '2024-04-10 10:00:08', '', 'c9a79c22-8546-4540-8d16-92c01c4a6a23', 'noFriend', NULL, '2024-04-14 19:55:59', 'Mess'),
	('idbox-ff455627-b907-4ede-b7a0-f9371a20703d', '2024-04-11 09:15:28', 'Chào', 'c9a79c22-8546-4540-8d16-92c01c4a6a23', 'noFriend', NULL, '2025-01-24 10:41:34', 'Mess');

-- Dumping structure for table defaultdb.contain
CREATE TABLE IF NOT EXISTS `contain` (
  `Song_ID` varchar(100) COLLATE utf8mb4_vietnamese_ci NOT NULL,
  `PlayList_id` varchar(100) COLLATE utf8mb4_vietnamese_ci NOT NULL,
  `TimeCreate` datetime NOT NULL DEFAULT CURRENT_TIMESTAMP,
  UNIQUE KEY `PlayList_id` (`PlayList_id`,`Song_ID`)
) ENGINE=InnoDB DEFAULT CHARSET=utf8mb4 COLLATE=utf8mb4_vietnamese_ci;

-- Dumping data for table defaultdb.contain: ~414 rows (approximately)
INSERT INTO `contain` (`Song_ID`, `PlayList_id`, `TimeCreate`) VALUES
	('381b6b5e-305f-4cbc-a3bf-7707147c8804', '12a2b6d1-9684-4ffd-8b26-f593ad302ca7', '2024-04-01 21:26:30'),
	('e17363fa-82d8-4ca4-8dee-ce1b62bcf995', '12a2b6d1-9684-4ffd-8b26-f593ad302ca7', '2024-06-25 20:49:22'),
	('ef9012fd-f635-49b5-918b-874c806a6b40', '12a2b6d1-9684-4ffd-8b26-f593ad302ca7', '2024-06-25 20:49:22'),
	('f6e0a637-d439-49d2-b720-edb8f9c750f5', '12a2b6d1-9684-4ffd-8b26-f593ad302ca7', '2024-06-25 20:49:22'),
	('song-0872b219-c9e9-40be-b5ca-2243067fc5f2', '12a2b6d1-9684-4ffd-8b26-f593ad302ca7', '2025-01-29 07:51:19'),
	('song-09bf528d-f36d-4092-a0c1-30ce3c75c133', '12a2b6d1-9684-4ffd-8b26-f593ad302ca7', '2024-08-06 09:09:22'),
	('song-0b2f3131-e7f1-4774-860c-f6f01785f862', '12a2b6d1-9684-4ffd-8b26-f593ad302ca7', '2025-01-29 07:51:19'),
	('song-0be4bfaf-2c6d-4aa7-bc41-52958c1234cd', '12a2b6d1-9684-4ffd-8b26-f593ad302ca7', '2025-01-29 07:51:19'),
	('song-0ffc9672-199c-4571-bf2d-1acba562fee6', '12a2b6d1-9684-4ffd-8b26-f593ad302ca7', '2024-08-06 09:09:22'),
	('song-1018dc51-23e5-4e5f-934b-9d0c9de55105', '12a2b6d1-9684-4ffd-8b26-f593ad302ca7', '2025-01-29 07:51:19'),
	('song-104bc6e6-0fef-47e0-8711-b7927848f523', '12a2b6d1-9684-4ffd-8b26-f593ad302ca7', '2025-01-29 07:51:19'),
	('song-10652f8a-6e9c-47b9-acb2-6ef44c21977c', '12a2b6d1-9684-4ffd-8b26-f593ad302ca7', '2025-01-29 07:51:19'),
	('song-14ad2fe8-5236-4da3-8255-8f96be44cfff', '12a2b6d1-9684-4ffd-8b26-f593ad302ca7', '2025-01-29 07:51:19'),
	('song-154a024a-7903-4211-9e82-5c0d9d018d9d', '12a2b6d1-9684-4ffd-8b26-f593ad302ca7', '2025-01-29 07:51:19'),
	('song-15df81ef-2198-400e-aa4b-e444ebd830e3', '12a2b6d1-9684-4ffd-8b26-f593ad302ca7', '2025-01-29 07:51:19'),
	('song-181e740c-21dc-42be-88e0-2f8a31b8c957', '12a2b6d1-9684-4ffd-8b26-f593ad302ca7', '2025-01-29 07:51:19'),
	('song-19da69ea-95be-4cbe-bd44-f478d351f3a2', '12a2b6d1-9684-4ffd-8b26-f593ad302ca7', '2025-01-29 07:51:19'),
	('song-1acbe83f-cfac-4359-a242-20090273f7d0', '12a2b6d1-9684-4ffd-8b26-f593ad302ca7', '2025-01-29 07:51:19'),
	('song-1d7422a0-38e9-4d54-ba74-df0dc415cd61', '12a2b6d1-9684-4ffd-8b26-f593ad302ca7', '2025-01-29 07:51:19'),
	('song-1d91e5de-acd7-499e-b79a-11ba8f916c90', '12a2b6d1-9684-4ffd-8b26-f593ad302ca7', '2024-08-06 09:09:22'),
	('song-1fb9c6d4-3844-4772-972e-b8b918829202', '12a2b6d1-9684-4ffd-8b26-f593ad302ca7', '2025-01-29 07:51:19'),
	('song-21ca8286-7a4a-4fc4-9aaf-e7b7e9da8f10', '12a2b6d1-9684-4ffd-8b26-f593ad302ca7', '2025-01-29 07:51:19'),
	('song-275e4c7f-99ce-4848-8c99-db6c8316f289', '12a2b6d1-9684-4ffd-8b26-f593ad302ca7', '2025-01-29 07:51:19'),
	('song-279034ba-af64-4b30-8342-09aa24557a2d', '12a2b6d1-9684-4ffd-8b26-f593ad302ca7', '2025-01-29 07:51:19'),
	('song-27b04085-ddac-46f4-ba90-b5269a6b12c1', '12a2b6d1-9684-4ffd-8b26-f593ad302ca7', '2025-01-29 07:51:19'),
	('song-2e208458-ba2e-4e84-9849-7d57c013ddb8', '12a2b6d1-9684-4ffd-8b26-f593ad302ca7', '2025-01-29 08:09:44'),
	('song-3099d47b-0ff1-44cd-a46c-616d206f0292', '12a2b6d1-9684-4ffd-8b26-f593ad302ca7', '2025-01-29 07:51:19'),
	('song-33790516-d0c7-4535-8865-d18949565652', '12a2b6d1-9684-4ffd-8b26-f593ad302ca7', '2025-01-29 07:51:19'),
	('song-34070b1c-5232-4543-b271-772926aa0c5b', '12a2b6d1-9684-4ffd-8b26-f593ad302ca7', '2025-01-29 07:51:19'),
	('song-36d7e699-f13e-4746-93ba-0755345cb06d', '12a2b6d1-9684-4ffd-8b26-f593ad302ca7', '2024-08-06 09:09:22'),
	('song-377a311a-e766-417a-889b-6c3df423e855', '12a2b6d1-9684-4ffd-8b26-f593ad302ca7', '2025-01-29 08:09:44'),
	('song-37999a9e-3ca8-4346-b4ba-d6e256e8ffb5', '12a2b6d1-9684-4ffd-8b26-f593ad302ca7', '2024-08-06 09:09:22'),
	('song-3a759e1a-3432-4f0d-9fc2-c5c86c733259', '12a2b6d1-9684-4ffd-8b26-f593ad302ca7', '2024-08-06 09:09:22'),
	('song-4055a30d-96e1-488a-8ad7-adacc3b155d5', '12a2b6d1-9684-4ffd-8b26-f593ad302ca7', '2025-01-29 08:09:44'),
	('song-45f37a25-fa22-4234-99c1-eebf02c5c6f4', '12a2b6d1-9684-4ffd-8b26-f593ad302ca7', '2025-01-29 08:09:44'),
	('song-4763e94c-76a4-40c2-a478-4ff14713cb11', '12a2b6d1-9684-4ffd-8b26-f593ad302ca7', '2025-01-29 08:09:44'),
	('song-478c4d87-f77e-49fd-9163-56685817540b', '12a2b6d1-9684-4ffd-8b26-f593ad302ca7', '2025-01-29 08:09:45'),
	('song-49722cde-1ea6-4e7f-b552-b45ccc6a9f11', '12a2b6d1-9684-4ffd-8b26-f593ad302ca7', '2024-08-07 03:15:17'),
	('song-4994ca26-490e-4412-9e54-826c652dd1b0', '12a2b6d1-9684-4ffd-8b26-f593ad302ca7', '2025-01-29 08:09:45'),
	('song-49a9dcca-4b57-4efd-b4b3-a28d09045c16', '12a2b6d1-9684-4ffd-8b26-f593ad302ca7', '2025-01-29 08:09:45'),
	('song-4f1658fb-0766-49b0-bd17-2706ced368e0', '12a2b6d1-9684-4ffd-8b26-f593ad302ca7', '2024-08-06 09:09:22'),
	('song-600838b4-efcc-40ae-86ae-8f3aa108d08b', '12a2b6d1-9684-4ffd-8b26-f593ad302ca7', '2024-08-06 09:09:22'),
	('song-729e7f87-e705-4164-83c3-a49bc4d8ab46', '12a2b6d1-9684-4ffd-8b26-f593ad302ca7', '2024-08-06 09:09:22'),
	('song-784d02fa-dc31-4c2f-9627-820889482e80', '12a2b6d1-9684-4ffd-8b26-f593ad302ca7', '2024-08-07 03:15:17'),
	('song-7ab6533d-db5d-4885-8e7a-a1e1d37d2800', '12a2b6d1-9684-4ffd-8b26-f593ad302ca7', '2024-08-07 03:15:17'),
	('song-93fdba3c-5398-45a0-adf7-375b5ef97a48', '12a2b6d1-9684-4ffd-8b26-f593ad302ca7', '2024-08-07 03:15:17'),
	('song-a3c722bd-ba0a-4ac3-9844-da80ae7731ed', '12a2b6d1-9684-4ffd-8b26-f593ad302ca7', '2024-08-07 03:15:17'),
	('song-a9a0721a-e1e6-494a-9643-1b63bc711005', '12a2b6d1-9684-4ffd-8b26-f593ad302ca7', '2024-08-07 03:15:17'),
	('f6e0a637-d439-49d2-b720-edb8f9c750f5', '42a9314d-5f14-4786-88ab-604359aa75e1', '2024-06-07 21:42:05'),
	('song-7a126c0e-ebe5-491e-8041-d520b396ef24', '42a9314d-5f14-4786-88ab-604359aa75e1', '2024-08-11 02:43:41'),
	('song-93fdba3c-5398-45a0-adf7-375b5ef97a48', '42a9314d-5f14-4786-88ab-604359aa75e1', '2024-07-07 15:50:08'),
	('song-c6240124-3a3b-446c-ad72-96beb41c4506', '42a9314d-5f14-4786-88ab-604359aa75e1', '2024-10-21 13:29:12'),
	('song-d5929fd7-3621-4b43-828c-ebfe89618c21', '42a9314d-5f14-4786-88ab-604359aa75e1', '2024-08-11 02:52:24'),
	('ef9012fd-f635-49b5-918b-874c806a6b40', '51925ca6-74c6-418d-9273-793061b05aa6', '2024-06-07 21:43:44'),
	('song-0ffc9672-199c-4571-bf2d-1acba562fee6', '51925ca6-74c6-418d-9273-793061b05aa6', '2024-07-10 04:37:18'),
	('song-1d91e5de-acd7-499e-b79a-11ba8f916c90', '51925ca6-74c6-418d-9273-793061b05aa6', '2024-07-04 14:32:06'),
	('song-275e4c7f-99ce-4848-8c99-db6c8316f289', '51925ca6-74c6-418d-9273-793061b05aa6', '2024-09-05 13:38:41'),
	('song-36d7e699-f13e-4746-93ba-0755345cb06d', '51925ca6-74c6-418d-9273-793061b05aa6', '2024-07-05 11:39:30'),
	('song-37999a9e-3ca8-4346-b4ba-d6e256e8ffb5', '51925ca6-74c6-418d-9273-793061b05aa6', '2024-07-10 04:03:11'),
	('song-45f37a25-fa22-4234-99c1-eebf02c5c6f4', '51925ca6-74c6-418d-9273-793061b05aa6', '2024-09-02 08:39:18'),
	('song-478c4d87-f77e-49fd-9163-56685817540b', '51925ca6-74c6-418d-9273-793061b05aa6', '2024-09-05 13:29:58'),
	('song-49722cde-1ea6-4e7f-b552-b45ccc6a9f11', '51925ca6-74c6-418d-9273-793061b05aa6', '2024-07-05 11:24:06'),
	('song-4f1658fb-0766-49b0-bd17-2706ced368e0', '51925ca6-74c6-418d-9273-793061b05aa6', '2024-07-05 11:10:20'),
	('song-600838b4-efcc-40ae-86ae-8f3aa108d08b', '51925ca6-74c6-418d-9273-793061b05aa6', '2024-07-10 04:01:56'),
	('song-729e7f87-e705-4164-83c3-a49bc4d8ab46', '51925ca6-74c6-418d-9273-793061b05aa6', '2024-07-05 11:36:26'),
	('song-7ab6533d-db5d-4885-8e7a-a1e1d37d2800', '51925ca6-74c6-418d-9273-793061b05aa6', '2024-07-10 04:06:22'),
	('song-88382a76-7ced-4df5-b1e6-9a218bdd5cb8', '51925ca6-74c6-418d-9273-793061b05aa6', '2024-09-02 08:58:14'),
	('song-a9a0721a-e1e6-494a-9643-1b63bc711005', '51925ca6-74c6-418d-9273-793061b05aa6', '2024-07-10 04:14:18'),
	('song-aac27eea-cbc1-4031-be26-b0e0d5e6a25f', '51925ca6-74c6-418d-9273-793061b05aa6', '2024-07-10 04:04:36'),
	('song-ab7da2ba-6079-434b-96b1-7742eb40c7d7', '51925ca6-74c6-418d-9273-793061b05aa6', '2024-07-10 04:09:25'),
	('song-b769ab3f-f2bd-4c23-a41a-ec3f99e9f4dc', '51925ca6-74c6-418d-9273-793061b05aa6', '2024-07-05 11:19:34'),
	('song-d539d44d-fdf0-41d5-ab2b-4bc5b3f2ba95', '51925ca6-74c6-418d-9273-793061b05aa6', '2024-07-05 11:32:14'),
	('song-db7a06fe-3561-4b53-bd28-8151fb65bc44', '51925ca6-74c6-418d-9273-793061b05aa6', '2024-09-05 13:51:05'),
	('381b6b5e-305f-4cbc-a3bf-7707147c8804', '8f23b4e3-85f2-48ef-a865-9797a7100862', '2024-07-05 11:13:12'),
	('e17363fa-82d8-4ca4-8dee-ce1b62bcf995', '8f23b4e3-85f2-48ef-a865-9797a7100862', '2024-07-05 11:13:12'),
	('f6e0a637-d439-49d2-b720-edb8f9c750f5', '8f23b4e3-85f2-48ef-a865-9797a7100862', '2024-07-05 11:13:12'),
	('song-09bf528d-f36d-4092-a0c1-30ce3c75c133', '8f23b4e3-85f2-48ef-a865-9797a7100862', '2024-08-06 09:09:58'),
	('song-0ffc9672-199c-4571-bf2d-1acba562fee6', '8f23b4e3-85f2-48ef-a865-9797a7100862', '2024-08-06 09:09:58'),
	('song-154a024a-7903-4211-9e82-5c0d9d018d9d', '8f23b4e3-85f2-48ef-a865-9797a7100862', '2025-01-29 08:11:56'),
	('song-15df81ef-2198-400e-aa4b-e444ebd830e3', '8f23b4e3-85f2-48ef-a865-9797a7100862', '2025-01-29 08:11:56'),
	('song-19da69ea-95be-4cbe-bd44-f478d351f3a2', '8f23b4e3-85f2-48ef-a865-9797a7100862', '2024-08-06 09:09:58'),
	('song-1acbe83f-cfac-4359-a242-20090273f7d0', '8f23b4e3-85f2-48ef-a865-9797a7100862', '2025-01-29 08:11:56'),
	('song-1d7422a0-38e9-4d54-ba74-df0dc415cd61', '8f23b4e3-85f2-48ef-a865-9797a7100862', '2025-01-29 08:11:56'),
	('song-1d91e5de-acd7-499e-b79a-11ba8f916c90', '8f23b4e3-85f2-48ef-a865-9797a7100862', '2024-07-05 11:13:12'),
	('song-1fb9c6d4-3844-4772-972e-b8b918829202', '8f23b4e3-85f2-48ef-a865-9797a7100862', '2025-01-29 08:11:56'),
	('song-21ca8286-7a4a-4fc4-9aaf-e7b7e9da8f10', '8f23b4e3-85f2-48ef-a865-9797a7100862', '2025-01-29 08:11:56'),
	('song-279034ba-af64-4b30-8342-09aa24557a2d', '8f23b4e3-85f2-48ef-a865-9797a7100862', '2025-01-29 08:11:56'),
	('song-27b04085-ddac-46f4-ba90-b5269a6b12c1', '8f23b4e3-85f2-48ef-a865-9797a7100862', '2025-01-29 08:11:56'),
	('song-2e208458-ba2e-4e84-9849-7d57c013ddb8', '8f23b4e3-85f2-48ef-a865-9797a7100862', '2025-01-29 08:11:56'),
	('song-36d7e699-f13e-4746-93ba-0755345cb06d', '8f23b4e3-85f2-48ef-a865-9797a7100862', '2024-08-06 09:09:58'),
	('song-37999a9e-3ca8-4346-b4ba-d6e256e8ffb5', '8f23b4e3-85f2-48ef-a865-9797a7100862', '2024-08-06 09:09:58'),
	('song-3a759e1a-3432-4f0d-9fc2-c5c86c733259', '8f23b4e3-85f2-48ef-a865-9797a7100862', '2024-07-05 11:13:12'),
	('song-4763e94c-76a4-40c2-a478-4ff14713cb11', '8f23b4e3-85f2-48ef-a865-9797a7100862', '2025-01-29 08:11:56'),
	('song-478c4d87-f77e-49fd-9163-56685817540b', '8f23b4e3-85f2-48ef-a865-9797a7100862', '2025-01-29 08:11:56'),
	('song-49722cde-1ea6-4e7f-b552-b45ccc6a9f11', '8f23b4e3-85f2-48ef-a865-9797a7100862', '2024-08-06 09:09:58'),
	('song-4994ca26-490e-4412-9e54-826c652dd1b0', '8f23b4e3-85f2-48ef-a865-9797a7100862', '2025-01-29 08:11:56'),
	('song-4f1658fb-0766-49b0-bd17-2706ced368e0', '8f23b4e3-85f2-48ef-a865-9797a7100862', '2024-08-06 09:09:58'),
	('song-533f87a8-965d-4a83-91ff-57b446085a9d', '8f23b4e3-85f2-48ef-a865-9797a7100862', '2024-07-05 11:13:12'),
	('song-5c3b562d-bf3c-490c-a8c1-c119294e2820', '8f23b4e3-85f2-48ef-a865-9797a7100862', '2025-01-29 08:11:56'),
	('song-5ce1a02d-9830-444e-9495-0f6629effd92', '8f23b4e3-85f2-48ef-a865-9797a7100862', '2025-01-29 08:11:56'),
	('song-5d887b87-81e8-4604-a529-b0a732b60c2d', '8f23b4e3-85f2-48ef-a865-9797a7100862', '2025-01-29 08:11:56'),
	('song-600838b4-efcc-40ae-86ae-8f3aa108d08b', '8f23b4e3-85f2-48ef-a865-9797a7100862', '2024-08-06 09:09:58'),
	('song-63810c36-0bfe-448c-9fca-ab6865a9b557', '8f23b4e3-85f2-48ef-a865-9797a7100862', '2025-01-29 08:11:56'),
	('song-65ab71c0-895c-43ce-8af2-14b4670f10ca', '8f23b4e3-85f2-48ef-a865-9797a7100862', '2025-01-29 08:11:56'),
	('song-729e7f87-e705-4164-83c3-a49bc4d8ab46', '8f23b4e3-85f2-48ef-a865-9797a7100862', '2024-08-06 09:09:58'),
	('song-784d02fa-dc31-4c2f-9627-820889482e80', '8f23b4e3-85f2-48ef-a865-9797a7100862', '2024-07-05 11:13:12'),
	('song-7a126c0e-ebe5-491e-8041-d520b396ef24', '8f23b4e3-85f2-48ef-a865-9797a7100862', '2025-01-29 08:11:56'),
	('song-7ab6533d-db5d-4885-8e7a-a1e1d37d2800', '8f23b4e3-85f2-48ef-a865-9797a7100862', '2024-08-06 09:09:58'),
	('song-804d7a8e-25af-4fa9-b575-087865be1ca0', '8f23b4e3-85f2-48ef-a865-9797a7100862', '2025-01-29 08:11:56'),
	('song-858a0871-ff5b-47f2-bdda-88ca679b141b', '8f23b4e3-85f2-48ef-a865-9797a7100862', '2025-01-29 08:11:56'),
	('song-88382a76-7ced-4df5-b1e6-9a218bdd5cb8', '8f23b4e3-85f2-48ef-a865-9797a7100862', '2025-01-29 08:11:56'),
	('song-8bbae5ba-093b-47c1-9a4d-9fddc39eeecb', '8f23b4e3-85f2-48ef-a865-9797a7100862', '2025-01-29 08:11:56'),
	('song-93fdba3c-5398-45a0-adf7-375b5ef97a48', '8f23b4e3-85f2-48ef-a865-9797a7100862', '2025-01-29 08:11:56'),
	('song-9c4ca4f2-5085-409c-a413-5c30d4f042ad', '8f23b4e3-85f2-48ef-a865-9797a7100862', '2025-01-29 08:11:56'),
	('song-a3c722bd-ba0a-4ac3-9844-da80ae7731ed', '8f23b4e3-85f2-48ef-a865-9797a7100862', '2025-01-29 08:11:56'),
	('song-a636ab8d-bed9-43df-b1e2-01161aeceb5f', '8f23b4e3-85f2-48ef-a865-9797a7100862', '2025-01-29 08:11:56'),
	('song-aac27eea-cbc1-4031-be26-b0e0d5e6a25f', '8f23b4e3-85f2-48ef-a865-9797a7100862', '2025-01-29 08:11:56'),
	('song-ab7da2ba-6079-434b-96b1-7742eb40c7d7', '8f23b4e3-85f2-48ef-a865-9797a7100862', '2025-01-29 08:11:56'),
	('song-afe234d5-fb74-4b4a-a48a-a1a191c36a2e', '8f23b4e3-85f2-48ef-a865-9797a7100862', '2025-01-29 08:11:56'),
	('song-b1d95327-057f-4a9f-abec-8eba59ea9371', '8f23b4e3-85f2-48ef-a865-9797a7100862', '2025-01-29 08:11:56'),
	('song-f3d6d762-65be-4a7a-b84c-127ad60f0e28', '8f23b4e3-85f2-48ef-a865-9797a7100862', '2025-01-29 08:11:56'),
	('song-f696fb26-5004-4136-8621-02cce631e173', '8f23b4e3-85f2-48ef-a865-9797a7100862', '2025-01-29 08:11:56'),
	('song-f6d98097-3555-4a83-9838-84cbae4a3bd3', '8f23b4e3-85f2-48ef-a865-9797a7100862', '2025-01-29 08:11:56'),
	('381b6b5e-305f-4cbc-a3bf-7707147c8804', '9e3aadcb-23b1-4540-8ec3-4bbb6892f3e1', '2024-06-07 21:44:15'),
	('e17363fa-82d8-4ca4-8dee-ce1b62bcf995', '9e3aadcb-23b1-4540-8ec3-4bbb6892f3e1', '2024-06-07 21:44:15'),
	('song-0872b219-c9e9-40be-b5ca-2243067fc5f2', '9e3aadcb-23b1-4540-8ec3-4bbb6892f3e1', '2024-07-16 13:54:22'),
	('song-09bf528d-f36d-4092-a0c1-30ce3c75c133', '9e3aadcb-23b1-4540-8ec3-4bbb6892f3e1', '2024-07-10 05:06:15'),
	('song-533f87a8-965d-4a83-91ff-57b446085a9d', '9e3aadcb-23b1-4540-8ec3-4bbb6892f3e1', '2024-07-01 09:46:59'),
	('381b6b5e-305f-4cbc-a3bf-7707147c8804', 'a1a46dc3-cd88-4aeb-9ae0-276962d22922', '2024-04-02 15:04:21'),
	('e17363fa-82d8-4ca4-8dee-ce1b62bcf995', 'a1a46dc3-cd88-4aeb-9ae0-276962d22922', '2024-04-02 15:06:07'),
	('ef9012fd-f635-49b5-918b-874c806a6b40', 'a1a46dc3-cd88-4aeb-9ae0-276962d22922', '2024-06-25 20:48:57'),
	('f6e0a637-d439-49d2-b720-edb8f9c750f5', 'a1a46dc3-cd88-4aeb-9ae0-276962d22922', '2024-06-25 20:48:57'),
	('song-0872b219-c9e9-40be-b5ca-2243067fc5f2', 'a1a46dc3-cd88-4aeb-9ae0-276962d22922', '2025-01-29 08:10:28'),
	('song-09bf528d-f36d-4092-a0c1-30ce3c75c133', 'a1a46dc3-cd88-4aeb-9ae0-276962d22922', '2025-01-29 08:10:28'),
	('song-0b2f3131-e7f1-4774-860c-f6f01785f862', 'a1a46dc3-cd88-4aeb-9ae0-276962d22922', '2025-01-29 08:10:28'),
	('song-0be4bfaf-2c6d-4aa7-bc41-52958c1234cd', 'a1a46dc3-cd88-4aeb-9ae0-276962d22922', '2025-01-29 08:10:28'),
	('song-0ffc9672-199c-4571-bf2d-1acba562fee6', 'a1a46dc3-cd88-4aeb-9ae0-276962d22922', '2025-01-29 08:10:28'),
	('song-1018dc51-23e5-4e5f-934b-9d0c9de55105', 'a1a46dc3-cd88-4aeb-9ae0-276962d22922', '2025-01-29 08:10:28'),
	('song-104bc6e6-0fef-47e0-8711-b7927848f523', 'a1a46dc3-cd88-4aeb-9ae0-276962d22922', '2025-01-29 08:10:28'),
	('song-10652f8a-6e9c-47b9-acb2-6ef44c21977c', 'a1a46dc3-cd88-4aeb-9ae0-276962d22922', '2025-01-29 08:10:28'),
	('song-14ad2fe8-5236-4da3-8255-8f96be44cfff', 'a1a46dc3-cd88-4aeb-9ae0-276962d22922', '2025-01-29 08:10:28'),
	('song-154a024a-7903-4211-9e82-5c0d9d018d9d', 'a1a46dc3-cd88-4aeb-9ae0-276962d22922', '2025-01-29 08:10:28'),
	('song-15df81ef-2198-400e-aa4b-e444ebd830e3', 'a1a46dc3-cd88-4aeb-9ae0-276962d22922', '2025-01-29 08:10:28'),
	('song-1acbe83f-cfac-4359-a242-20090273f7d0', 'a1a46dc3-cd88-4aeb-9ae0-276962d22922', '2025-01-29 08:10:28'),
	('song-1d7422a0-38e9-4d54-ba74-df0dc415cd61', 'a1a46dc3-cd88-4aeb-9ae0-276962d22922', '2025-01-29 08:10:28'),
	('song-1d91e5de-acd7-499e-b79a-11ba8f916c90', 'a1a46dc3-cd88-4aeb-9ae0-276962d22922', '2025-01-29 08:10:28'),
	('song-1fb9c6d4-3844-4772-972e-b8b918829202', 'a1a46dc3-cd88-4aeb-9ae0-276962d22922', '2025-01-29 08:10:28'),
	('song-21ca8286-7a4a-4fc4-9aaf-e7b7e9da8f10', 'a1a46dc3-cd88-4aeb-9ae0-276962d22922', '2025-01-29 08:10:28'),
	('song-275e4c7f-99ce-4848-8c99-db6c8316f289', 'a1a46dc3-cd88-4aeb-9ae0-276962d22922', '2025-01-29 08:10:28'),
	('song-279034ba-af64-4b30-8342-09aa24557a2d', 'a1a46dc3-cd88-4aeb-9ae0-276962d22922', '2025-01-29 08:10:28'),
	('song-27b04085-ddac-46f4-ba90-b5269a6b12c1', 'a1a46dc3-cd88-4aeb-9ae0-276962d22922', '2025-01-29 08:10:45'),
	('song-2e208458-ba2e-4e84-9849-7d57c013ddb8', 'a1a46dc3-cd88-4aeb-9ae0-276962d22922', '2025-01-29 08:10:45'),
	('song-3099d47b-0ff1-44cd-a46c-616d206f0292', 'a1a46dc3-cd88-4aeb-9ae0-276962d22922', '2025-01-29 08:10:45'),
	('song-33790516-d0c7-4535-8865-d18949565652', 'a1a46dc3-cd88-4aeb-9ae0-276962d22922', '2025-01-29 08:10:45'),
	('song-34070b1c-5232-4543-b271-772926aa0c5b', 'a1a46dc3-cd88-4aeb-9ae0-276962d22922', '2025-01-29 08:10:45'),
	('song-36d7e699-f13e-4746-93ba-0755345cb06d', 'a1a46dc3-cd88-4aeb-9ae0-276962d22922', '2025-01-29 08:10:45'),
	('song-4f1658fb-0766-49b0-bd17-2706ced368e0', 'a1a46dc3-cd88-4aeb-9ae0-276962d22922', '2024-08-07 03:15:42'),
	('song-5ce1a02d-9830-444e-9495-0f6629effd92', 'a1a46dc3-cd88-4aeb-9ae0-276962d22922', '2025-01-29 08:10:45'),
	('song-5d078f4a-08dd-4d12-b1ec-57c70e19ac27', 'a1a46dc3-cd88-4aeb-9ae0-276962d22922', '2025-01-29 08:10:45'),
	('song-5d887b87-81e8-4604-a529-b0a732b60c2d', 'a1a46dc3-cd88-4aeb-9ae0-276962d22922', '2025-01-29 08:10:45'),
	('song-600838b4-efcc-40ae-86ae-8f3aa108d08b', 'a1a46dc3-cd88-4aeb-9ae0-276962d22922', '2024-08-07 03:15:42'),
	('song-729e7f87-e705-4164-83c3-a49bc4d8ab46', 'a1a46dc3-cd88-4aeb-9ae0-276962d22922', '2024-08-07 03:15:42'),
	('song-784d02fa-dc31-4c2f-9627-820889482e80', 'a1a46dc3-cd88-4aeb-9ae0-276962d22922', '2024-08-07 03:15:42'),
	('song-7ab6533d-db5d-4885-8e7a-a1e1d37d2800', 'a1a46dc3-cd88-4aeb-9ae0-276962d22922', '2024-08-07 03:15:42'),
	('song-93fdba3c-5398-45a0-adf7-375b5ef97a48', 'a1a46dc3-cd88-4aeb-9ae0-276962d22922', '2024-08-07 03:15:42'),
	('song-a3c722bd-ba0a-4ac3-9844-da80ae7731ed', 'a1a46dc3-cd88-4aeb-9ae0-276962d22922', '2024-08-07 03:15:42'),
	('song-a9a0721a-e1e6-494a-9643-1b63bc711005', 'a1a46dc3-cd88-4aeb-9ae0-276962d22922', '2024-08-07 03:15:42'),
	('song-aac27eea-cbc1-4031-be26-b0e0d5e6a25f', 'a1a46dc3-cd88-4aeb-9ae0-276962d22922', '2024-08-07 03:15:42'),
	('song-ab7da2ba-6079-434b-96b1-7742eb40c7d7', 'a1a46dc3-cd88-4aeb-9ae0-276962d22922', '2024-08-07 03:15:42'),
	('song-b769ab3f-f2bd-4c23-a41a-ec3f99e9f4dc', 'a1a46dc3-cd88-4aeb-9ae0-276962d22922', '2024-08-07 03:15:42'),
	('song-d539d44d-fdf0-41d5-ab2b-4bc5b3f2ba95', 'a1a46dc3-cd88-4aeb-9ae0-276962d22922', '2024-08-07 03:15:42'),
	('song-e8de7073-0a5e-4140-8627-bc617fc86c13', 'a1a46dc3-cd88-4aeb-9ae0-276962d22922', '2025-01-29 08:11:04'),
	('song-ea417cc6-bf0e-4c36-bfc9-7d0d4ea9995c', 'a1a46dc3-cd88-4aeb-9ae0-276962d22922', '2025-01-29 08:11:04'),
	('song-f19d4db3-0087-4224-961a-f977afd194a4', 'a1a46dc3-cd88-4aeb-9ae0-276962d22922', '2025-01-29 08:10:28'),
	('song-f29bddea-56c9-415f-980d-491d489a5732', 'a1a46dc3-cd88-4aeb-9ae0-276962d22922', '2024-08-07 03:15:42'),
	('song-f3d6d762-65be-4a7a-b84c-127ad60f0e28', 'a1a46dc3-cd88-4aeb-9ae0-276962d22922', '2025-01-29 08:10:28'),
	('song-f696fb26-5004-4136-8621-02cce631e173', 'a1a46dc3-cd88-4aeb-9ae0-276962d22922', '2025-01-29 08:10:28'),
	('song-f6d98097-3555-4a83-9838-84cbae4a3bd3', 'a1a46dc3-cd88-4aeb-9ae0-276962d22922', '2025-01-29 08:10:28'),
	('song-0751946f-37d9-4b91-9371-13ff14e8b209', 'artist-020da543-7392-4c8f-a5e4-948c8ad812d8-1738510117580', '2025-02-02 15:42:33'),
	('song-4166e218-e31f-4a3f-a943-a2c345d903f4', 'artist-020da543-7392-4c8f-a5e4-948c8ad812d8-1738510117580', '2025-02-02 15:29:17'),
	('song-62c017df-d24e-420e-9bc8-dfcbbf329ce6', 'artist-020da543-7392-4c8f-a5e4-948c8ad812d8-1738510117580', '2025-02-02 15:37:01'),
	('song-7b0b0724-ae28-4dd5-95af-2a111697e4d0', 'artist-0553133c-8416-4c87-bc32-b007699a9a2b-1738574392549', '2025-02-03 09:21:01'),
	('song-b6266d98-49b2-4aab-974b-04f0dc13f3e8', 'artist-0553133c-8416-4c87-bc32-b007699a9a2b-1738574392549', '2025-02-03 09:37:54'),
	('song-78857a62-c7a9-41e2-abba-12b096ad0b76', 'artist-05fffea7-110d-45ef-b70b-975c27c7fed0-1738325890038', '2025-01-31 12:19:44'),
	('song-adaec925-bf2e-4669-8c57-77ec19747ca9', 'artist-05fffea7-110d-45ef-b70b-975c27c7fed0-1738325890038', '2025-01-31 12:32:25'),
	('381b6b5e-305f-4cbc-a3bf-7707147c8804', 'artist-0a9a1230-3eae-4275-90e2-4f38ba44a6d9', '2024-07-01 03:34:02'),
	('song-104bc6e6-0fef-47e0-8711-b7927848f523', 'artist-0a9a1230-3eae-4275-90e2-4f38ba44a6d9', '2024-09-01 14:43:23'),
	('song-15df81ef-2198-400e-aa4b-e444ebd830e3', 'artist-0a9a1230-3eae-4275-90e2-4f38ba44a6d9', '2024-12-12 08:52:09'),
	('song-533f87a8-965d-4a83-91ff-57b446085a9d', 'artist-0a9a1230-3eae-4275-90e2-4f38ba44a6d9', '2024-07-01 09:46:59'),
	('song-784d02fa-dc31-4c2f-9627-820889482e80', 'artist-0a9a1230-3eae-4275-90e2-4f38ba44a6d9', '2024-07-01 09:06:58'),
	('song-a3c722bd-ba0a-4ac3-9844-da80ae7731ed', 'artist-0a9a1230-3eae-4275-90e2-4f38ba44a6d9', '2024-07-01 09:55:04'),
	('song-c7bf148f-c85e-47ad-88ef-e44ed8bd7a27', 'artist-0a9a1230-3eae-4275-90e2-4f38ba44a6d9', '2024-09-05 15:44:51'),
	('song-178de5d0-53b2-4b69-80b2-7e41410d4846', 'artist-0ce5ed6a-5b84-4c74-942e-b59926e83b66-1738512533902', '2025-02-02 16:10:15'),
	('song-9307de90-d2fa-44d6-9938-468a3db8b5a0', 'artist-13c5ddd7-222b-45d5-8260-3c62ce646e01-1732718402757', '2024-11-27 14:49:38'),
	('song-181e740c-21dc-42be-88e0-2f8a31b8c957', 'artist-1456b930-ad22-4f4f-a140-513ac23c8ad5-1738073625853', '2025-01-28 14:45:09'),
	('song-217cc123-5cc5-49f1-a633-f4baf7187d0e', 'artist-1456b930-ad22-4f4f-a140-513ac23c8ad5-1738073625853', '2025-01-28 14:27:20'),
	('song-696cd143-755a-4524-9a18-f20272cbd303', 'artist-1456b930-ad22-4f4f-a140-513ac23c8ad5-1738073625853', '2025-01-28 14:33:31'),
	('song-8d2ede38-9298-42a1-8f7b-d8b8f5030799', 'artist-1456b930-ad22-4f4f-a140-513ac23c8ad5-1738073625853', '2025-01-28 14:54:52'),
	('song-93e4e301-e7fc-4109-be08-5127938c68dd', 'artist-1456b930-ad22-4f4f-a140-513ac23c8ad5-1738073625853', '2025-01-28 14:39:34'),
	('song-973e9f0d-7d80-4163-a815-56d45bc4311b', 'artist-1456b930-ad22-4f4f-a140-513ac23c8ad5-1738073625853', '2025-01-28 14:25:14'),
	('song-d0787553-4f74-4db9-83dd-2d88ae5a41a4', 'artist-1456b930-ad22-4f4f-a140-513ac23c8ad5-1738073625853', '2025-01-28 14:14:10'),
	('song-fd04f9f5-d3e9-4161-accb-cb80f1e9fd85', 'artist-1456b930-ad22-4f4f-a140-513ac23c8ad5-1738073625853', '2025-01-28 14:20:32'),
	('song-1c1e0c41-1480-44ec-aeee-594e5228a5d7', 'artist-1bc9c882-f6ec-4cc0-98c9-419eba220014-1738424207163', '2025-02-02 09:59:13'),
	('song-23d147c6-b178-42e0-a294-1bcf4405ddd4', 'artist-1bc9c882-f6ec-4cc0-98c9-419eba220014-1738424207163', '2025-02-01 15:43:08'),
	('song-7192b129-7729-44a6-aca7-4082096af355', 'artist-1bc9c882-f6ec-4cc0-98c9-419eba220014-1738424207163', '2025-02-02 10:01:11'),
	('song-82ea8d9a-2f47-4e79-89bf-6206e0bbb4cd', 'artist-1bc9c882-f6ec-4cc0-98c9-419eba220014-1738424207163', '2025-02-02 10:16:07'),
	('song-ba71cede-7f52-45b4-ab85-5b9a6bc18d87', 'artist-1bc9c882-f6ec-4cc0-98c9-419eba220014-1738424207163', '2025-02-02 15:59:59'),
	('song-f8325f13-4eb7-46e4-acd9-f1532725fa1a', 'artist-1bc9c882-f6ec-4cc0-98c9-419eba220014-1738424207163', '2025-02-02 09:56:32'),
	('song-ffdab8bd-da57-4a41-8ec0-7213fd351ca2', 'artist-1bc9c882-f6ec-4cc0-98c9-419eba220014-1738424207163', '2025-02-02 10:03:00'),
	('song-377a311a-e766-417a-889b-6c3df423e855', 'artist-24f621fc-2ec1-4753-b79d-fbd35b5f17cb-1737819585602', '2025-01-25 15:41:16'),
	('song-49a9dcca-4b57-4efd-b4b3-a28d09045c16', 'artist-24f621fc-2ec1-4753-b79d-fbd35b5f17cb-1737819585602', '2025-01-26 14:15:05'),
	('song-526167fb-8c2c-46a5-8ef3-d5f6a516227e', 'artist-24f621fc-2ec1-4753-b79d-fbd35b5f17cb-1737819585602', '2025-01-26 02:10:20'),
	('song-71204703-0de7-4f09-9cb4-39fe8ab41ab9', 'artist-24f621fc-2ec1-4753-b79d-fbd35b5f17cb-1737819585602', '2025-01-26 14:22:21'),
	('song-88c9b7e6-c225-463f-8d11-7af8679d39d3', 'artist-24f621fc-2ec1-4753-b79d-fbd35b5f17cb-1737819585602', '2025-01-26 14:31:28'),
	('song-f9cd4b19-514a-4b22-932f-a73382d03e17', 'artist-24f621fc-2ec1-4753-b79d-fbd35b5f17cb-1737819585602', '2025-01-26 00:43:57'),
	('song-15df81ef-2198-400e-aa4b-e444ebd830e3', 'artist-37d07bbb-b815-488f-baa5-6c25cbe4ba74-1725550799643', '2024-12-12 08:48:17'),
	('song-377a311a-e766-417a-889b-6c3df423e855', 'artist-37d07bbb-b815-488f-baa5-6c25cbe4ba74-1725550799643', '2025-01-25 15:42:22'),
	('song-c7bf148f-c85e-47ad-88ef-e44ed8bd7a27', 'artist-37d07bbb-b815-488f-baa5-6c25cbe4ba74-1725550799643', '2024-09-05 15:43:48'),
	('song-a4f534a6-1560-4390-8c68-7157513eab53', 'artist-4539e319-819e-4627-a60c-eddc308df754-1738423582802', '2025-02-01 15:26:42'),
	('song-b3667c0a-223e-4fab-b6d0-2bf5ae119327', 'artist-48c4134e-cbc8-42a1-8737-f575c01848ec-1738548540433', '2025-02-03 02:09:14'),
	('song-78857a62-c7a9-41e2-abba-12b096ad0b76', 'artist-4c4ae34c-b34b-427b-825c-59f995dfcc14-1738076385917', '2025-01-31 12:18:17'),
	('song-adaec925-bf2e-4669-8c57-77ec19747ca9', 'artist-4c4ae34c-b34b-427b-825c-59f995dfcc14-1738076385917', '2025-01-28 15:05:10'),
	('song-d7953a19-4f48-4051-982f-e528c5db7cec', 'artist-4c4ae34c-b34b-427b-825c-59f995dfcc14-1738076385917', '2025-01-28 15:00:50'),
	('song-154a024a-7903-4211-9e82-5c0d9d018d9d', 'artist-4f2455ed-cadd-476b-b4c2-1663891c933a-1734273911958', '2024-12-15 14:46:12'),
	('song-4994ca26-490e-4412-9e54-826c652dd1b0', 'artist-4f2455ed-cadd-476b-b4c2-1663891c933a-1734273911958', '2024-12-20 02:42:14'),
	('song-5c372862-da4d-486e-9e45-e3ec51880c09', 'artist-4f2455ed-cadd-476b-b4c2-1663891c933a-1734273911958', '2025-01-24 15:29:08'),
	('song-a93c7513-4d0a-49c4-a613-a85aa196d39f', 'artist-4f2455ed-cadd-476b-b4c2-1663891c933a-1734273911958', '2024-12-20 10:52:10'),
	('song-db4ed8d3-c166-426f-817b-54e6762cd179', 'artist-4f2455ed-cadd-476b-b4c2-1663891c933a-1734273911958', '2024-12-20 02:44:54'),
	('song-c5c86838-f1bb-4cc2-9b89-c9fd23a03aa7', 'artist-53a888c8-ff1f-4fbc-9510-3d50d4d8aefb-1738511202803', '2025-02-02 15:49:07'),
	('song-e9cd49b9-0d52-4c13-9481-5adf3626297a', 'artist-55930b25-3bb4-4934-9e66-e3d58649eca5-1738573864283', '2025-02-03 09:12:11'),
	('song-0872b219-c9e9-40be-b5ca-2243067fc5f2', 'artist-566a4f2a-83f4-4ad1-a550-1b52091a8bf2', '2024-07-16 13:54:33'),
	('song-3099d47b-0ff1-44cd-a46c-616d206f0292', 'artist-566a4f2a-83f4-4ad1-a550-1b52091a8bf2', '2024-08-30 15:51:08'),
	('song-3a759e1a-3432-4f0d-9fc2-c5c86c733259', 'artist-566a4f2a-83f4-4ad1-a550-1b52091a8bf2', '2024-07-01 08:53:46'),
	('song-51fc786f-155b-455c-a918-5e1b3f0fe649', 'artist-566a4f2a-83f4-4ad1-a550-1b52091a8bf2', '2024-08-07 03:11:55'),
	('song-533f87a8-965d-4a83-91ff-57b446085a9d', 'artist-566a4f2a-83f4-4ad1-a550-1b52091a8bf2', '2024-07-01 09:46:31'),
	('song-f29bddea-56c9-415f-980d-491d489a5732', 'artist-566a4f2a-83f4-4ad1-a550-1b52091a8bf2', '2024-07-01 08:08:08'),
	('song-f696fb26-5004-4136-8621-02cce631e173', 'artist-566a4f2a-83f4-4ad1-a550-1b52091a8bf2', '2024-08-08 10:03:54'),
	('song-fa0861c1-196a-4c0f-beb9-40b6f5f8b8f5', 'artist-63e39141-f2ca-43ff-9ede-c66d5ab980e9-1738655453104', '2025-02-04 07:51:53'),
	('song-0b2f3131-e7f1-4774-860c-f6f01785f862', 'artist-717aba39-8501-41c1-8a26-8f68c4b282e3-1725186015160', '2025-01-08 09:41:18'),
	('song-858a0871-ff5b-47f2-bdda-88ca679b141b', 'artist-717aba39-8501-41c1-8a26-8f68c4b282e3-1725186015160', '2024-09-01 13:16:08'),
	('song-88c9b7e6-c225-463f-8d11-7af8679d39d3', 'artist-717aba39-8501-41c1-8a26-8f68c4b282e3-1725186015160', '2025-01-26 14:41:05'),
	('song-9c4ca4f2-5085-409c-a413-5c30d4f042ad', 'artist-717aba39-8501-41c1-8a26-8f68c4b282e3-1725186015160', '2024-09-01 13:01:58'),
	('song-d1eac032-1b95-425f-a4a8-26ba8f22b16d', 'artist-717aba39-8501-41c1-8a26-8f68c4b282e3-1725186015160', '2024-12-21 11:55:44'),
	('song-2e1663d5-aebd-442c-8d19-f02b8a232656', 'artist-72f7937e-dc5b-4bbd-941c-8ec37458ed93-1738547171759', '2025-02-03 01:50:39'),
	('song-a4f534a6-1560-4390-8c68-7157513eab53', 'artist-79971eb4-fcaa-4be6-b4c3-70e7dd5923e3-1738423596080', '2025-02-01 15:26:42'),
	('song-adb9e73f-0d00-4578-a1d8-693252af950b', 'artist-79971eb4-fcaa-4be6-b4c3-70e7dd5923e3-1738423596080', '2025-02-02 15:55:17'),
	('song-fafaf10c-0257-417b-bce3-9667dd00f13d', 'artist-7ca17e4c-b92f-48cb-9642-4ffbc9f19978-1738551165034', '2025-02-03 02:54:20'),
	('song-14ad2fe8-5236-4da3-8255-8f96be44cfff', 'artist-7d2a7a2a-6110-4746-ac9b-9d0fb1e90b60-1737815723696', '2025-01-25 15:26:22'),
	('song-2e208458-ba2e-4e84-9849-7d57c013ddb8', 'artist-7d2a7a2a-6110-4746-ac9b-9d0fb1e90b60-1737815723696', '2025-01-25 15:31:55'),
	('song-afe234d5-fb74-4b4a-a48a-a1a191c36a2e', 'artist-7d2a7a2a-6110-4746-ac9b-9d0fb1e90b60-1737815723696', '2025-01-25 15:08:58'),
	('song-bf027b85-813b-4993-b58e-7a2ff4a92300', 'artist-7d2a7a2a-6110-4746-ac9b-9d0fb1e90b60-1737815723696', '2025-01-25 15:18:24'),
	('song-e8de7073-0a5e-4140-8627-bc617fc86c13', 'artist-7d2a7a2a-6110-4746-ac9b-9d0fb1e90b60-1737815723696', '2025-01-25 15:22:40'),
	('song-0b2f3131-e7f1-4774-860c-f6f01785f862', 'artist-87cb9a4c-45d8-426a-bcac-9576677321f0-1725185616844', '2025-01-08 09:43:14'),
	('song-10652f8a-6e9c-47b9-acb2-6ef44c21977c', 'artist-87cb9a4c-45d8-426a-bcac-9576677321f0-1725185616844', '2024-09-01 10:49:36'),
	('song-4055a30d-96e1-488a-8ad7-adacc3b155d5', 'artist-87cb9a4c-45d8-426a-bcac-9576677321f0-1725185616844', '2024-11-22 10:16:06'),
	('song-4b8528bb-d89a-4613-be22-412fabe6bde8', 'artist-87cb9a4c-45d8-426a-bcac-9576677321f0-1725185616844', '2024-09-02 04:14:26'),
	('song-982f10b9-42ec-4af8-9de8-7f77f623913b', 'artist-87cb9a4c-45d8-426a-bcac-9576677321f0-1725185616844', '2024-09-01 13:53:21'),
	('song-ab26daf4-6ff0-4358-ac9e-08d674b81e42', 'artist-8d22b263-0b3e-44f0-b6fe-4d1a1f8cb9d9-1738508571727', '2025-02-02 15:20:01'),
	('song-1f177511-feb6-46d2-bbee-e078e9be7980', 'artist-8dca8df5-0a86-4150-96ea-b00ed01305c3-1738547567642', '2025-02-03 01:54:00'),
	('song-b3667c0a-223e-4fab-b6d0-2bf5ae119327', 'artist-8dca8df5-0a86-4150-96ea-b00ed01305c3-1738547567642', '2025-02-03 02:07:45'),
	('song-ed483e4d-928a-497e-8efc-1fa69989092b', 'artist-8dca8df5-0a86-4150-96ea-b00ed01305c3-1738547567642', '2025-02-03 01:58:06'),
	('song-5ce1a02d-9830-444e-9495-0f6629effd92', 'artist-a3e230e4-c1bb-48a8-8069-d6e3792323fc-1725283096104', '2024-09-02 13:38:43'),
	('song-a636ab8d-bed9-43df-b1e2-01161aeceb5f', 'artist-a3e230e4-c1bb-48a8-8069-d6e3792323fc-1725283096104', '2024-09-02 14:02:24'),
	('song-b1d95327-057f-4a9f-abec-8eba59ea9371', 'artist-a3e230e4-c1bb-48a8-8069-d6e3792323fc-1725283096104', '2024-09-02 13:26:35'),
	('song-dcf2696a-bad3-4046-8101-64b3e943a3bf', 'artist-a3e230e4-c1bb-48a8-8069-d6e3792323fc-1725283096104', '2024-09-02 13:19:33'),
	('song-e2497509-d209-44cd-8af0-e077f6f182e7', 'artist-a3e230e4-c1bb-48a8-8069-d6e3792323fc-1725283096104', '2024-09-02 13:47:48'),
	('song-0be4bfaf-2c6d-4aa7-bc41-52958c1234cd', 'artist-b29a1a00-42ee-4984-a16e-0c757b4cec78-1731984342688', '2024-11-19 03:26:03'),
	('song-1d7422a0-38e9-4d54-ba74-df0dc415cd61', 'artist-b29a1a00-42ee-4984-a16e-0c757b4cec78-1731984342688', '2024-11-19 03:47:05'),
	('song-5d078f4a-08dd-4d12-b1ec-57c70e19ac27', 'artist-b29a1a00-42ee-4984-a16e-0c757b4cec78-1731984342688', '2024-11-19 04:08:22'),
	('song-8bbae5ba-093b-47c1-9a4d-9fddc39eeecb', 'artist-b29a1a00-42ee-4984-a16e-0c757b4cec78-1731984342688', '2024-11-19 03:52:07'),
	('song-b987433e-b777-40c4-8e84-edf3dca11b64', 'artist-b29a1a00-42ee-4984-a16e-0c757b4cec78-1731984342688', '2024-11-19 03:59:20'),
	('song-bdc3f005-cad3-438d-97cf-475a01c5cae6', 'artist-b29a1a00-42ee-4984-a16e-0c757b4cec78-1731984342688', '2024-11-19 03:42:10'),
	('song-f6d98097-3555-4a83-9838-84cbae4a3bd3', 'artist-b29a1a00-42ee-4984-a16e-0c757b4cec78-1731984342688', '2024-11-19 03:31:32'),
	('song-128fb4bd-118c-4433-94fe-036f7645b61b', 'artist-b5f7bbc5-8a8d-425a-92d2-69c70e175a1f-1738551776320', '2025-02-03 03:09:54'),
	('song-bd619e99-6e06-4f10-b010-1346a32ff692', 'artist-bca4ab76-29ad-48b0-a6bf-0afacb6c545c-1738491015170', '2025-02-02 14:55:08'),
	('song-d381dc1a-f71c-4a1b-9c8a-4d73446a5f6a', 'artist-bca4ab76-29ad-48b0-a6bf-0afacb6c545c-1738491015170', '2025-02-02 14:45:36'),
	('song-86c5aee1-3a29-4690-8970-47020cd34228', 'artist-bce49a0b-09fb-430f-8a0a-253ec877419f-1738672823180', '2025-02-04 12:40:58'),
	('song-d06e760a-9645-4d27-b02e-fd365096d682', 'artist-bce49a0b-09fb-430f-8a0a-253ec877419f-1738672823180', '2025-02-04 12:48:37'),
	('song-cc571170-c656-4960-b448-712b0188a595', 'artist-c07dcb4a-6dc6-40d8-ab80-d8058b56c6e7-1736004451431', '2025-01-04 15:29:51'),
	('song-21ca8286-7a4a-4fc4-9aaf-e7b7e9da8f10', 'artist-d71883a7-b621-4693-b9e8-062c144b4d45-1737797467978', '2025-01-25 09:54:29'),
	('song-c7b2e3e8-cca2-4e21-9919-289d104cbfc4', 'artist-d71883a7-b621-4693-b9e8-062c144b4d45-1737797467978', '2025-01-25 09:59:06'),
	('song-f3d6d762-65be-4a7a-b84c-127ad60f0e28', 'artist-d71883a7-b621-4693-b9e8-062c144b4d45-1737797467978', '2025-01-25 09:34:34'),
	('song-804d7a8e-25af-4fa9-b575-087865be1ca0', 'artist-df5c4415-932c-4b69-98ca-740516b210cf-1737779637572', '2025-01-25 04:34:24'),
	('song-279034ba-af64-4b30-8342-09aa24557a2d', 'artist-e3f078e5-f587-4c18-a790-424e6dd64487-1725455195688', '2024-09-04 13:20:02'),
	('song-5c3b562d-bf3c-490c-a8c1-c119294e2820', 'artist-e3f078e5-f587-4c18-a790-424e6dd64487-1725455195688', '2024-09-04 13:24:27'),
	('song-a1ced8dc-d59b-48e0-8708-49924c754261', 'artist-e5325c2e-4c74-4f23-a1fc-79de0b487f96-1738507126215', '2025-02-02 14:39:46'),
	('song-b4dfb119-131a-408e-aba3-b84befa0a062', 'artist-e5325c2e-4c74-4f23-a1fc-79de0b487f96-1738507126215', '2025-02-02 14:43:24'),
	('song-d381dc1a-f71c-4a1b-9c8a-4d73446a5f6a', 'artist-e5325c2e-4c74-4f23-a1fc-79de0b487f96-1738507126215', '2025-02-02 14:47:28'),
	('song-19da69ea-95be-4cbe-bd44-f478d351f3a2', 'artist-e9a1e896-ecc4-4adc-9f5e-2cd107fb1ed4', '2024-06-27 22:26:02'),
	('song-43b4a4c4-4b1e-4293-a800-e8cd18008028', 'artist-e9a1e896-ecc4-4adc-9f5e-2cd107fb1ed4', '2024-07-14 04:14:27'),
	('song-878cd831-fdb8-4623-9305-fabbb69395ca', 'artist-e9a1e896-ecc4-4adc-9f5e-2cd107fb1ed4', '2024-06-27 21:59:52'),
	('song-945e2d3b-1652-4fb3-970a-c36ce43282bc', 'artist-e9a1e896-ecc4-4adc-9f5e-2cd107fb1ed4', '2024-06-27 22:10:50'),
	('song-94abb065-3617-49a5-96cd-7688733c5472', 'artist-e9a1e896-ecc4-4adc-9f5e-2cd107fb1ed4', '2024-10-25 13:56:00'),
	('song-d2ba7c4e-e4b2-440a-8252-a7a488ac5439', 'artist-e9a1e896-ecc4-4adc-9f5e-2cd107fb1ed4', '2024-06-26 23:01:37'),
	('song-f4381e2c-c4a5-4c1d-bf4c-dd4f03aef3de', 'artist-e9a1e896-ecc4-4adc-9f5e-2cd107fb1ed4', '2024-06-27 22:42:51'),
	('song-453eaff6-6ddd-462e-bba6-d8c1b30b5678', 'artist-ea7319fc-a892-4526-a664-0347f2302ed6-1738549115228', '2025-02-03 02:43:18'),
	('song-51eaae38-d450-4fe3-9d88-26b88db434ca', 'artist-ea7319fc-a892-4526-a664-0347f2302ed6-1738549115228', '2025-02-03 02:36:27'),
	('song-10652f8a-6e9c-47b9-acb2-6ef44c21977c', 'artist-ea7399e9-d854-426d-b4ca-dc2644b88a74-1723107672710', '2024-09-01 10:48:02'),
	('song-1acbe83f-cfac-4359-a242-20090273f7d0', 'artist-ea7399e9-d854-426d-b4ca-dc2644b88a74-1723107672710', '2024-08-08 09:43:18'),
	('song-4b8528bb-d89a-4613-be22-412fabe6bde8', 'artist-ea7399e9-d854-426d-b4ca-dc2644b88a74-1723107672710', '2024-09-02 04:09:02'),
	('song-63810c36-0bfe-448c-9fca-ab6865a9b557', 'artist-ea7399e9-d854-426d-b4ca-dc2644b88a74-1723107672710', '2024-08-08 09:52:53'),
	('song-e4e99454-add9-4bbf-a77b-ad3e56699c3b', 'artist-ea7399e9-d854-426d-b4ca-dc2644b88a74-1723107672710', '2024-08-08 09:57:41'),
	('song-f19d4db3-0087-4224-961a-f977afd194a4', 'artist-ea7399e9-d854-426d-b4ca-dc2644b88a74-1723107672710', '2024-08-08 09:35:33'),
	('song-2b9fa186-fe17-45b1-99e7-495ad71e86e5', 'artist-eb91aa80-3869-430d-9810-dd12344779ed-1738071857142', '2025-01-28 14:18:57'),
	('song-94f93a3e-e9fe-4336-8804-db4bd4af2ad0', 'artist-eb91aa80-3869-430d-9810-dd12344779ed-1738071857142', '2025-01-28 14:00:05'),
	('song-a961384b-b512-4ffa-9f7f-234a66121299', 'artist-eb91aa80-3869-430d-9810-dd12344779ed-1738071857142', '2025-01-28 14:05:07'),
	('song-c8fd9440-c08c-4811-b263-05026d01816f', 'artist-eb91aa80-3869-430d-9810-dd12344779ed-1738071857142', '2025-01-28 13:45:22'),
	('song-f3934345-93c2-444f-a297-cc1efc9bfdd8', 'artist-eb91aa80-3869-430d-9810-dd12344779ed-1738071857142', '2025-01-28 13:56:31'),
	('song-fb310e12-5b58-4eda-b9fc-0a8817130b1f', 'artist-eb91aa80-3869-430d-9810-dd12344779ed-1738071857142', '2025-01-28 13:54:01'),
	('song-33790516-d0c7-4535-8865-d18949565652', 'artist-ee6b7fbc-e072-4a33-9e03-887fc1f82008-1725286552482', '2024-09-02 14:16:24'),
	('song-95520147-9480-45d4-afc2-c31436be5b0d', 'artist-ee6b7fbc-e072-4a33-9e03-887fc1f82008-1725286552482', '2024-11-28 04:09:53'),
	('song-cf0b9b88-603f-435c-b7f9-b35935b76480', 'artist-ee6b7fbc-e072-4a33-9e03-887fc1f82008-1725286552482', '2024-09-02 14:27:49'),
	('song-2e1663d5-aebd-442c-8d19-f02b8a232656', 'artist-efd0f20b-ea67-45e9-a76d-9118dc6f0588-1738547135616', '2025-02-03 01:49:08'),
	('song-1018dc51-23e5-4e5f-934b-9d0c9de55105', 'artist-f4cee228-4fc9-4014-a0c8-5151397bb463-1732030044782', '2024-11-20 03:02:05'),
	('song-27b04085-ddac-46f4-ba90-b5269a6b12c1', 'artist-f4cee228-4fc9-4014-a0c8-5151397bb463-1732030044782', '2024-11-19 15:33:58'),
	('song-34070b1c-5232-4543-b271-772926aa0c5b', 'artist-f4cee228-4fc9-4014-a0c8-5151397bb463-1732030044782', '2024-11-20 01:59:21'),
	('song-4763e94c-76a4-40c2-a478-4ff14713cb11', 'artist-f4cee228-4fc9-4014-a0c8-5151397bb463-1732030044782', '2024-11-20 03:06:30'),
	('song-543c046f-5a09-4016-970d-64bc63f17110', 'artist-f4cee228-4fc9-4014-a0c8-5151397bb463-1732030044782', '2024-11-20 02:54:24'),
	('song-5d887b87-81e8-4604-a529-b0a732b60c2d', 'artist-f4cee228-4fc9-4014-a0c8-5151397bb463-1732030044782', '2024-11-20 02:37:20'),
	('song-65ab71c0-895c-43ce-8af2-14b4670f10ca', 'artist-f4cee228-4fc9-4014-a0c8-5151397bb463-1732030044782', '2024-11-20 02:57:57'),
	('song-ba3c4b4d-a3f8-446a-8697-6d4179af49c4', 'artist-f4cee228-4fc9-4014-a0c8-5151397bb463-1732030044782', '2024-11-20 02:32:36'),
	('song-d2e32bb6-21c9-488d-91bb-7553c0302dc8', 'artist-f4cee228-4fc9-4014-a0c8-5151397bb463-1732030044782', '2024-11-20 02:50:01'),
	('song-ea417cc6-bf0e-4c36-bfc9-7d0d4ea9995c', 'artist-f4cee228-4fc9-4014-a0c8-5151397bb463-1732030044782', '2024-11-20 02:45:35'),
	('song-27b04085-ddac-46f4-ba90-b5269a6b12c1', 'artist-f7098c96-6699-4646-be45-717b445672dd-1732026661111', '2024-11-19 15:37:38'),
	('song-34070b1c-5232-4543-b271-772926aa0c5b', 'artist-f7098c96-6699-4646-be45-717b445672dd-1732026661111', '2024-11-20 02:06:23'),
	('song-a4f534a6-1560-4390-8c68-7157513eab53', 'artist-f7098c96-6699-4646-be45-717b445672dd-1732026661111', '2025-02-01 15:24:45'),
	('song-ba3c4b4d-a3f8-446a-8697-6d4179af49c4', 'artist-f7098c96-6699-4646-be45-717b445672dd-1732026661111', '2024-11-20 02:36:09'),
	('song-d2e32bb6-21c9-488d-91bb-7553c0302dc8', 'artist-f7098c96-6699-4646-be45-717b445672dd-1732026661111', '2024-11-20 02:52:34'),
	('song-ea417cc6-bf0e-4c36-bfc9-7d0d4ea9995c', 'artist-f7098c96-6699-4646-be45-717b445672dd-1732026661111', '2024-11-20 02:48:50'),
	('song-63810c36-0bfe-448c-9fca-ab6865a9b557', 'artist-fd1ff219-ee15-45ff-baa5-316e29bd8998-1723110503718', '2024-08-08 09:55:19'),
	('song-e4e99454-add9-4bbf-a77b-ad3e56699c3b', 'artist-fd1ff219-ee15-45ff-baa5-316e29bd8998-1723110503718', '2024-08-08 09:58:04'),
	('song-1fb9c6d4-3844-4772-972e-b8b918829202', 'artist-fe79e6f5-1ebe-4223-9b00-3e00c16af0bd', '2024-11-22 10:10:45'),
	('song-51fc786f-155b-455c-a918-5e1b3f0fe649', 'artist-fe79e6f5-1ebe-4223-9b00-3e00c16af0bd', '2024-08-07 03:06:22'),
	('381b6b5e-305f-4cbc-a3bf-7707147c8804', 'cf345c59-5079-452e-b1de-c829f774e7f2', '2024-04-02 14:45:18'),
	('e17363fa-82d8-4ca4-8dee-ce1b62bcf995', 'cf345c59-5079-452e-b1de-c829f774e7f2', '2024-04-02 14:45:27'),
	('ef9012fd-f635-49b5-918b-874c806a6b40', 'cf345c59-5079-452e-b1de-c829f774e7f2', '2024-06-25 20:48:36'),
	('f6e0a637-d439-49d2-b720-edb8f9c750f5', 'cf345c59-5079-452e-b1de-c829f774e7f2', '2024-06-25 20:48:36'),
	('song-09bf528d-f36d-4092-a0c1-30ce3c75c133', 'cf345c59-5079-452e-b1de-c829f774e7f2', '2024-08-07 03:16:36'),
	('song-0ffc9672-199c-4571-bf2d-1acba562fee6', 'cf345c59-5079-452e-b1de-c829f774e7f2', '2024-08-07 03:16:36'),
	('song-19da69ea-95be-4cbe-bd44-f478d351f3a2', 'cf345c59-5079-452e-b1de-c829f774e7f2', '2024-08-07 03:16:36'),
	('song-43b4a4c4-4b1e-4293-a800-e8cd18008028', 'cf345c59-5079-452e-b1de-c829f774e7f2', '2024-08-07 03:16:36'),
	('song-4f1658fb-0766-49b0-bd17-2706ced368e0', 'cf345c59-5079-452e-b1de-c829f774e7f2', '2024-08-07 03:16:36'),
	('song-600838b4-efcc-40ae-86ae-8f3aa108d08b', 'cf345c59-5079-452e-b1de-c829f774e7f2', '2024-08-07 03:16:36'),
	('song-729e7f87-e705-4164-83c3-a49bc4d8ab46', 'cf345c59-5079-452e-b1de-c829f774e7f2', '2024-08-07 03:16:36'),
	('song-784d02fa-dc31-4c2f-9627-820889482e80', 'cf345c59-5079-452e-b1de-c829f774e7f2', '2024-08-07 03:16:36'),
	('song-7ab6533d-db5d-4885-8e7a-a1e1d37d2800', 'cf345c59-5079-452e-b1de-c829f774e7f2', '2024-08-07 03:16:36'),
	('song-878cd831-fdb8-4623-9305-fabbb69395ca', 'cf345c59-5079-452e-b1de-c829f774e7f2', '2024-08-07 03:16:36'),
	('song-93fdba3c-5398-45a0-adf7-375b5ef97a48', 'cf345c59-5079-452e-b1de-c829f774e7f2', '2024-08-07 03:16:36'),
	('song-945e2d3b-1652-4fb3-970a-c36ce43282bc', 'cf345c59-5079-452e-b1de-c829f774e7f2', '2024-08-07 03:16:36'),
	('song-a9a0721a-e1e6-494a-9643-1b63bc711005', 'cf345c59-5079-452e-b1de-c829f774e7f2', '2024-08-07 03:16:36'),
	('song-aac27eea-cbc1-4031-be26-b0e0d5e6a25f', 'cf345c59-5079-452e-b1de-c829f774e7f2', '2024-08-07 03:16:36'),
	('song-ab7da2ba-6079-434b-96b1-7742eb40c7d7', 'cf345c59-5079-452e-b1de-c829f774e7f2', '2024-08-07 03:16:36'),
	('song-b769ab3f-f2bd-4c23-a41a-ec3f99e9f4dc', 'cf345c59-5079-452e-b1de-c829f774e7f2', '2024-08-07 03:16:36'),
	('song-d2ba7c4e-e4b2-440a-8252-a7a488ac5439', 'cf345c59-5079-452e-b1de-c829f774e7f2', '2024-08-07 03:16:36'),
	('song-d539d44d-fdf0-41d5-ab2b-4bc5b3f2ba95', 'cf345c59-5079-452e-b1de-c829f774e7f2', '2024-08-07 03:16:36'),
	('song-f29bddea-56c9-415f-980d-491d489a5732', 'cf345c59-5079-452e-b1de-c829f774e7f2', '2024-08-07 03:16:36'),
	('song-f4381e2c-c4a5-4c1d-bf4c-dd4f03aef3de', 'cf345c59-5079-452e-b1de-c829f774e7f2', '2024-08-07 03:16:36'),
	('song-181e740c-21dc-42be-88e0-2f8a31b8c957', 'playlist-26f3f59e-5ca8-47e0-adbd-118aaf949524', '2025-01-29 08:29:51'),
	('song-217cc123-5cc5-49f1-a633-f4baf7187d0e', 'playlist-26f3f59e-5ca8-47e0-adbd-118aaf949524', '2025-01-29 08:29:51'),
	('song-2b9fa186-fe17-45b1-99e7-495ad71e86e5', 'playlist-26f3f59e-5ca8-47e0-adbd-118aaf949524', '2025-01-29 08:29:51'),
	('song-696cd143-755a-4524-9a18-f20272cbd303', 'playlist-26f3f59e-5ca8-47e0-adbd-118aaf949524', '2025-01-29 08:29:51'),
	('song-8d2ede38-9298-42a1-8f7b-d8b8f5030799', 'playlist-26f3f59e-5ca8-47e0-adbd-118aaf949524', '2025-01-29 08:29:51'),
	('song-93e4e301-e7fc-4109-be08-5127938c68dd', 'playlist-26f3f59e-5ca8-47e0-adbd-118aaf949524', '2025-01-29 08:29:51'),
	('song-94f93a3e-e9fe-4336-8804-db4bd4af2ad0', 'playlist-26f3f59e-5ca8-47e0-adbd-118aaf949524', '2025-01-29 08:29:51'),
	('song-973e9f0d-7d80-4163-a815-56d45bc4311b', 'playlist-26f3f59e-5ca8-47e0-adbd-118aaf949524', '2025-01-29 08:29:51'),
	('song-a961384b-b512-4ffa-9f7f-234a66121299', 'playlist-26f3f59e-5ca8-47e0-adbd-118aaf949524', '2025-01-29 08:29:51'),
	('song-adaec925-bf2e-4669-8c57-77ec19747ca9', 'playlist-26f3f59e-5ca8-47e0-adbd-118aaf949524', '2025-01-29 08:29:51'),
	('song-c8fd9440-c08c-4811-b263-05026d01816f', 'playlist-26f3f59e-5ca8-47e0-adbd-118aaf949524', '2025-01-29 08:29:51'),
	('song-d0787553-4f74-4db9-83dd-2d88ae5a41a4', 'playlist-26f3f59e-5ca8-47e0-adbd-118aaf949524', '2025-01-29 08:29:51'),
	('song-d7953a19-4f48-4051-982f-e528c5db7cec', 'playlist-26f3f59e-5ca8-47e0-adbd-118aaf949524', '2025-01-29 08:29:51'),
	('song-f3934345-93c2-444f-a297-cc1efc9bfdd8', 'playlist-26f3f59e-5ca8-47e0-adbd-118aaf949524', '2025-01-29 08:29:51'),
	('song-fb310e12-5b58-4eda-b9fc-0a8817130b1f', 'playlist-26f3f59e-5ca8-47e0-adbd-118aaf949524', '2025-01-29 08:29:51'),
	('song-fd04f9f5-d3e9-4161-accb-cb80f1e9fd85', 'playlist-26f3f59e-5ca8-47e0-adbd-118aaf949524', '2025-01-29 08:29:51'),
	('song-181e740c-21dc-42be-88e0-2f8a31b8c957', 'playlist-2a74e115-81e2-48d4-9136-659330cbe3f0', '2025-01-29 08:23:26'),
	('song-217cc123-5cc5-49f1-a633-f4baf7187d0e', 'playlist-2a74e115-81e2-48d4-9136-659330cbe3f0', '2025-01-29 08:23:27'),
	('song-2b9fa186-fe17-45b1-99e7-495ad71e86e5', 'playlist-2a74e115-81e2-48d4-9136-659330cbe3f0', '2025-01-29 08:23:27'),
	('song-696cd143-755a-4524-9a18-f20272cbd303', 'playlist-2a74e115-81e2-48d4-9136-659330cbe3f0', '2025-01-29 08:23:26'),
	('song-8d2ede38-9298-42a1-8f7b-d8b8f5030799', 'playlist-2a74e115-81e2-48d4-9136-659330cbe3f0', '2025-01-29 08:23:27'),
	('song-93e4e301-e7fc-4109-be08-5127938c68dd', 'playlist-2a74e115-81e2-48d4-9136-659330cbe3f0', '2025-01-29 08:23:26'),
	('song-94f93a3e-e9fe-4336-8804-db4bd4af2ad0', 'playlist-2a74e115-81e2-48d4-9136-659330cbe3f0', '2025-01-29 08:23:26'),
	('song-973e9f0d-7d80-4163-a815-56d45bc4311b', 'playlist-2a74e115-81e2-48d4-9136-659330cbe3f0', '2025-01-29 08:23:27'),
	('song-a961384b-b512-4ffa-9f7f-234a66121299', 'playlist-2a74e115-81e2-48d4-9136-659330cbe3f0', '2025-01-29 08:23:27'),
	('song-adaec925-bf2e-4669-8c57-77ec19747ca9', 'playlist-2a74e115-81e2-48d4-9136-659330cbe3f0', '2025-01-29 08:23:26'),
	('song-c8fd9440-c08c-4811-b263-05026d01816f', 'playlist-2a74e115-81e2-48d4-9136-659330cbe3f0', '2025-01-29 08:23:26'),
	('song-d0787553-4f74-4db9-83dd-2d88ae5a41a4', 'playlist-2a74e115-81e2-48d4-9136-659330cbe3f0', '2025-01-29 08:23:26'),
	('song-d7953a19-4f48-4051-982f-e528c5db7cec', 'playlist-2a74e115-81e2-48d4-9136-659330cbe3f0', '2025-01-29 08:23:26'),
	('song-f3934345-93c2-444f-a297-cc1efc9bfdd8', 'playlist-2a74e115-81e2-48d4-9136-659330cbe3f0', '2025-01-29 08:23:26'),
	('song-fb310e12-5b58-4eda-b9fc-0a8817130b1f', 'playlist-2a74e115-81e2-48d4-9136-659330cbe3f0', '2025-01-29 08:23:26'),
	('song-fd04f9f5-d3e9-4161-accb-cb80f1e9fd85', 'playlist-2a74e115-81e2-48d4-9136-659330cbe3f0', '2025-01-29 08:23:26'),
	('song-0b2f3131-e7f1-4774-860c-f6f01785f862', 'playlist-8b21fea4-2a13-47d4-81a1-6b224cd3f48f', '2025-02-04 10:59:20'),
	('song-128fb4bd-118c-4433-94fe-036f7645b61b', 'playlist-8b21fea4-2a13-47d4-81a1-6b224cd3f48f', '2025-02-04 11:01:08'),
	('song-1c1e0c41-1480-44ec-aeee-594e5228a5d7', 'playlist-8b21fea4-2a13-47d4-81a1-6b224cd3f48f', '2025-02-04 11:01:08'),
	('song-1f177511-feb6-46d2-bbee-e078e9be7980', 'playlist-8b21fea4-2a13-47d4-81a1-6b224cd3f48f', '2025-02-04 11:01:08'),
	('song-4166e218-e31f-4a3f-a943-a2c345d903f4', 'playlist-8b21fea4-2a13-47d4-81a1-6b224cd3f48f', '2025-02-04 11:01:08'),
	('song-453eaff6-6ddd-462e-bba6-d8c1b30b5678', 'playlist-8b21fea4-2a13-47d4-81a1-6b224cd3f48f', '2025-02-04 11:01:08'),
	('song-4b8528bb-d89a-4613-be22-412fabe6bde8', 'playlist-8b21fea4-2a13-47d4-81a1-6b224cd3f48f', '2025-02-04 10:59:20'),
	('song-51eaae38-d450-4fe3-9d88-26b88db434ca', 'playlist-8b21fea4-2a13-47d4-81a1-6b224cd3f48f', '2025-02-04 11:01:08'),
	('song-5d078f4a-08dd-4d12-b1ec-57c70e19ac27', 'playlist-8b21fea4-2a13-47d4-81a1-6b224cd3f48f', '2025-02-04 10:59:20'),
	('song-982f10b9-42ec-4af8-9de8-7f77f623913b', 'playlist-8b21fea4-2a13-47d4-81a1-6b224cd3f48f', '2025-02-04 10:59:20'),
	('song-a3c722bd-ba0a-4ac3-9844-da80ae7731ed', 'playlist-8b21fea4-2a13-47d4-81a1-6b224cd3f48f', '2025-02-04 10:59:20'),
	('song-a4f534a6-1560-4390-8c68-7157513eab53', 'playlist-8b21fea4-2a13-47d4-81a1-6b224cd3f48f', '2025-02-04 10:59:20'),
	('song-a93c7513-4d0a-49c4-a613-a85aa196d39f', 'playlist-8b21fea4-2a13-47d4-81a1-6b224cd3f48f', '2025-02-04 10:59:20'),
	('song-adb9e73f-0d00-4578-a1d8-693252af950b', 'playlist-8b21fea4-2a13-47d4-81a1-6b224cd3f48f', '2025-02-04 10:59:20'),
	('song-bdc3f005-cad3-438d-97cf-475a01c5cae6', 'playlist-8b21fea4-2a13-47d4-81a1-6b224cd3f48f', '2025-02-04 10:59:20'),
	('song-f6d98097-3555-4a83-9838-84cbae4a3bd3', 'playlist-8b21fea4-2a13-47d4-81a1-6b224cd3f48f', '2025-02-04 10:59:20'),
	('song-0b2f3131-e7f1-4774-860c-f6f01785f862', 'playlist-aa7168a0-91c0-48e6-8c50-ced18ebac3d6', '2025-02-04 10:58:20'),
	('song-128fb4bd-118c-4433-94fe-036f7645b61b', 'playlist-aa7168a0-91c0-48e6-8c50-ced18ebac3d6', '2025-02-04 10:58:20'),
	('song-4b8528bb-d89a-4613-be22-412fabe6bde8', 'playlist-aa7168a0-91c0-48e6-8c50-ced18ebac3d6', '2025-02-04 10:58:20'),
	('song-5d078f4a-08dd-4d12-b1ec-57c70e19ac27', 'playlist-aa7168a0-91c0-48e6-8c50-ced18ebac3d6', '2025-02-04 10:58:20'),
	('song-7b0b0724-ae28-4dd5-95af-2a111697e4d0', 'playlist-aa7168a0-91c0-48e6-8c50-ced18ebac3d6', '2025-02-04 10:58:20'),
	('song-982f10b9-42ec-4af8-9de8-7f77f623913b', 'playlist-aa7168a0-91c0-48e6-8c50-ced18ebac3d6', '2025-02-04 10:58:20'),
	('song-a3c722bd-ba0a-4ac3-9844-da80ae7731ed', 'playlist-aa7168a0-91c0-48e6-8c50-ced18ebac3d6', '2025-02-04 10:58:20'),
	('song-a4f534a6-1560-4390-8c68-7157513eab53', 'playlist-aa7168a0-91c0-48e6-8c50-ced18ebac3d6', '2025-02-04 10:58:20'),
	('song-a93c7513-4d0a-49c4-a613-a85aa196d39f', 'playlist-aa7168a0-91c0-48e6-8c50-ced18ebac3d6', '2025-02-04 10:58:20'),
	('song-ab26daf4-6ff0-4358-ac9e-08d674b81e42', 'playlist-aa7168a0-91c0-48e6-8c50-ced18ebac3d6', '2025-02-04 10:58:20'),
	('song-adb9e73f-0d00-4578-a1d8-693252af950b', 'playlist-aa7168a0-91c0-48e6-8c50-ced18ebac3d6', '2025-02-04 10:58:20'),
	('song-bdc3f005-cad3-438d-97cf-475a01c5cae6', 'playlist-aa7168a0-91c0-48e6-8c50-ced18ebac3d6', '2025-02-04 10:58:20'),
	('song-f6d98097-3555-4a83-9838-84cbae4a3bd3', 'playlist-aa7168a0-91c0-48e6-8c50-ced18ebac3d6', '2025-02-04 10:58:20'),
	('song-0751946f-37d9-4b91-9371-13ff14e8b209', 'playlist-efce5e71-5c78-4d2a-a5a6-f480661c6055', '2025-02-02 16:03:40'),
	('song-128fb4bd-118c-4433-94fe-036f7645b61b', 'playlist-efce5e71-5c78-4d2a-a5a6-f480661c6055', '2025-02-03 03:11:41'),
	('song-178de5d0-53b2-4b69-80b2-7e41410d4846', 'playlist-efce5e71-5c78-4d2a-a5a6-f480661c6055', '2025-02-03 01:59:49'),
	('song-1c1e0c41-1480-44ec-aeee-594e5228a5d7', 'playlist-efce5e71-5c78-4d2a-a5a6-f480661c6055', '2025-02-02 15:23:26'),
	('song-1f177511-feb6-46d2-bbee-e078e9be7980', 'playlist-efce5e71-5c78-4d2a-a5a6-f480661c6055', '2025-02-03 01:59:49'),
	('song-23d147c6-b178-42e0-a294-1bcf4405ddd4', 'playlist-efce5e71-5c78-4d2a-a5a6-f480661c6055', '2025-02-02 15:23:26'),
	('song-2e1663d5-aebd-442c-8d19-f02b8a232656', 'playlist-efce5e71-5c78-4d2a-a5a6-f480661c6055', '2025-02-03 01:59:49'),
	('song-4166e218-e31f-4a3f-a943-a2c345d903f4', 'playlist-efce5e71-5c78-4d2a-a5a6-f480661c6055', '2025-02-02 16:03:40'),
	('song-453eaff6-6ddd-462e-bba6-d8c1b30b5678', 'playlist-efce5e71-5c78-4d2a-a5a6-f480661c6055', '2025-02-03 03:11:41'),
	('song-51eaae38-d450-4fe3-9d88-26b88db434ca', 'playlist-efce5e71-5c78-4d2a-a5a6-f480661c6055', '2025-02-03 03:11:41'),
	('song-62c017df-d24e-420e-9bc8-dfcbbf329ce6', 'playlist-efce5e71-5c78-4d2a-a5a6-f480661c6055', '2025-02-02 16:03:40'),
	('song-7192b129-7729-44a6-aca7-4082096af355', 'playlist-efce5e71-5c78-4d2a-a5a6-f480661c6055', '2025-02-02 15:23:26'),
	('song-82ea8d9a-2f47-4e79-89bf-6206e0bbb4cd', 'playlist-efce5e71-5c78-4d2a-a5a6-f480661c6055', '2025-02-02 15:23:26'),
	('song-ab26daf4-6ff0-4358-ac9e-08d674b81e42', 'playlist-efce5e71-5c78-4d2a-a5a6-f480661c6055', '2025-02-02 15:23:26'),
	('song-b3667c0a-223e-4fab-b6d0-2bf5ae119327', 'playlist-efce5e71-5c78-4d2a-a5a6-f480661c6055', '2025-02-03 03:11:41'),
	('song-ba71cede-7f52-45b4-ab85-5b9a6bc18d87', 'playlist-efce5e71-5c78-4d2a-a5a6-f480661c6055', '2025-02-02 16:03:40'),
	('song-bd619e99-6e06-4f10-b010-1346a32ff692', 'playlist-efce5e71-5c78-4d2a-a5a6-f480661c6055', '2025-02-02 15:23:27'),
	('song-d381dc1a-f71c-4a1b-9c8a-4d73446a5f6a', 'playlist-efce5e71-5c78-4d2a-a5a6-f480661c6055', '2025-02-02 15:23:27'),
	('song-ed483e4d-928a-497e-8efc-1fa69989092b', 'playlist-efce5e71-5c78-4d2a-a5a6-f480661c6055', '2025-02-03 01:59:49'),
	('song-f8325f13-4eb7-46e4-acd9-f1532725fa1a', 'playlist-efce5e71-5c78-4d2a-a5a6-f480661c6055', '2025-02-02 15:23:27'),
	('song-fafaf10c-0257-417b-bce3-9667dd00f13d', 'playlist-efce5e71-5c78-4d2a-a5a6-f480661c6055', '2025-02-03 03:11:41'),
	('song-ffdab8bd-da57-4a41-8ec0-7213fd351ca2', 'playlist-efce5e71-5c78-4d2a-a5a6-f480661c6055', '2025-02-02 15:23:27');

-- Dumping structure for table defaultdb.discuss
CREATE TABLE IF NOT EXISTS `discuss` (
  `User_Id` varchar(100) COLLATE utf8mb4_vietnamese_ci NOT NULL,
  `Discuss_Id` varchar(100) COLLATE utf8mb4_vietnamese_ci NOT NULL,
  `Parent_discuss_Id` varchar(100) COLLATE utf8mb4_vietnamese_ci NOT NULL,
  `Replay_Discuss_Id` varchar(100) COLLATE utf8mb4_vietnamese_ci NOT NULL,
  `Replay_quality` int NOT NULL DEFAULT '0',
  `Content` varchar(200) COLLATE utf8mb4_vietnamese_ci NOT NULL,
  `Type` tinyint NOT NULL DEFAULT '0',
  `Song_Id` varchar(100) COLLATE utf8mb4_vietnamese_ci NOT NULL,
  `createtime` datetime NOT NULL DEFAULT CURRENT_TIMESTAMP,
  KEY `Song_Id` (`Song_Id`,`Discuss_Id`)
) ENGINE=InnoDB DEFAULT CHARSET=utf8mb4 COLLATE=utf8mb4_vietnamese_ci;

-- Dumping data for table defaultdb.discuss: ~1 rows (approximately)

-- Dumping structure for table defaultdb.following
CREATE TABLE IF NOT EXISTS `following` (
  `Following_User_Id` varchar(100) COLLATE utf8mb4_vietnamese_ci NOT NULL,
  `User_ID` varchar(100) COLLATE utf8mb4_vietnamese_ci NOT NULL
) ENGINE=InnoDB DEFAULT CHARSET=utf8mb4 COLLATE=utf8mb4_vietnamese_ci;

-- Dumping data for table defaultdb.following: ~0 rows (approximately)

-- Dumping structure for table defaultdb.genre
CREATE TABLE IF NOT EXISTS `genre` (
  `Id` varchar(100) COLLATE utf8mb4_vietnamese_ci NOT NULL,
  `Name` varchar(100) COLLATE utf8mb4_vietnamese_ci NOT NULL,
  `createtime` datetime NOT NULL DEFAULT CURRENT_TIMESTAMP,
  `RightGenre` int NOT NULL,
  `LeftGenre` int NOT NULL,
  `idParent` varchar(100) COLLATE utf8mb4_vietnamese_ci NOT NULL,
  `Floor` int NOT NULL,
  PRIMARY KEY (`Id`)
) ENGINE=InnoDB DEFAULT CHARSET=utf8mb4 COLLATE=utf8mb4_vietnamese_ci;

-- Dumping data for table defaultdb.genre: ~12 rows (approximately)
INSERT INTO `genre` (`Id`, `Name`, `createtime`, `RightGenre`, `LeftGenre`, `idParent`, `Floor`) VALUES
	('0a57712c-1d83-4d65-8d35-e931fb0c4e11', 'music', '2024-03-20 15:21:13', 27, 8, '0', 0),
	('34c696c6-e129-4a7b-93c2-e887daf485f6', 'Nhạc Việt', '2024-03-20 15:35:43', 14, 9, '0a57712c-1d83-4d65-8d35-e931fb0c4e11', 1),
	('450b9e50-3d98-4aef-aff3-a70a9d407f96', 'Nhạc trung', '2024-03-21 10:42:49', 22, 21, '0a57712c-1d83-4d65-8d35-e931fb0c4e11', 1),
	('5c34a9ba-38a3-4367-b7a4-2ee7ba0018a5', 'Hài kịch', '2024-03-20 15:35:20', 6, 5, 'ff9f2d78-513c-4071-979e-985e015793ff', 1),
	('793a3d53-6b8b-4d67-96e4-1b4d225f5855', 'Edm', '2025-01-29 08:27:51', 26, 25, '0a57712c-1d83-4d65-8d35-e931fb0c4e11', 1),
	('a7b77b1c-902b-4417-9609-eb596aa187e4', 'Nhạc Việt Hay Nhất', '2024-04-01 21:19:29', 13, 12, '34c696c6-e129-4a7b-93c2-e887daf485f6', 2),
	('b30d08cd-d161-4cf7-ab92-bd445d212896', 'Nhạc Việt thịch hành', '2024-03-20 15:36:31', 11, 10, '34c696c6-e129-4a7b-93c2-e887daf485f6', 2),
	('c2c8e9b7-b5c0-47b9-a990-348e803a9058', 'Pop', '2024-03-20 15:35:53', 18, 15, '0a57712c-1d83-4d65-8d35-e931fb0c4e11', 1),
	('cffc2553-4cf3-48ae-ae10-2e70b8d5955b', 'Anime', '2024-06-26 21:29:47', 24, 23, '0a57712c-1d83-4d65-8d35-e931fb0c4e11', 1),
	('d7368df9-d960-4d20-ad9b-0f6286b78fa5', 'K-Pop', '2024-03-20 15:36:03', 20, 19, '0a57712c-1d83-4d65-8d35-e931fb0c4e11', 1),
	('ddfe136e-98ac-4b49-9d1f-076c46615670', 'Thất tình', '2025-02-04 10:57:12', 17, 16, 'c2c8e9b7-b5c0-47b9-a990-348e803a9058', 2),
	('de671b6a-13a8-440c-a258-85a333359be6', 'Tài liệu', '2024-03-20 15:35:11', 4, 3, 'ff9f2d78-513c-4071-979e-985e015793ff', 1),
	('f115ac15-bda0-45aa-9d68-c122ff2e3d99', 'Sư phạm', '2024-03-20 15:35:03', 2, 1, 'ff9f2d78-513c-4071-979e-985e015793ff', 1),
	('ff9f2d78-513c-4071-979e-985e015793ff', 'pobcast', '2024-03-20 15:21:06', 7, 0, '0', 0);

-- Dumping structure for table defaultdb.havelistboxchat
CREATE TABLE IF NOT EXISTS `havelistboxchat` (
  `idUser` varchar(100) COLLATE utf8mb3_vietnamese_ci NOT NULL,
  `idBox` varchar(100) COLLATE utf8mb3_vietnamese_ci NOT NULL,
  `Ngay` datetime NOT NULL DEFAULT CURRENT_TIMESTAMP,
  `status` int NOT NULL,
  `idFriend` varchar(100) COLLATE utf8mb3_vietnamese_ci NOT NULL,
  `admin` int NOT NULL DEFAULT '0'
) ENGINE=InnoDB DEFAULT CHARSET=utf8mb3 COLLATE=utf8mb3_vietnamese_ci;

-- Dumping data for table defaultdb.havelistboxchat: ~8 rows (approximately)
INSERT INTO `havelistboxchat` (`idUser`, `idBox`, `Ngay`, `status`, `idFriend`, `admin`) VALUES
	('c9a79c22-8546-4540-8d16-92c01c4a6a23', 'idbox-deae105f-13a3-4656-bd1e-d2c669c238ff', '2024-08-18 14:58:48', 0, '51925ca6-74c6-418d-9273-793061b05aa6', 0),
	('51925ca6-74c6-418d-9273-793061b05aa6', 'idbox-deae105f-13a3-4656-bd1e-d2c669c238ff', '2024-04-10 10:00:08', 2, '51925ca6-74c6-418d-9273-793061b05aa6', 0),
	('c9a79c22-8546-4540-8d16-92c01c4a6a23', 'idbox-6acf7197-951e-45ca-bfc2-a984997d6501', '2024-08-18 14:59:05', 0, '9e3aadcb-23b1-4540-8ec3-4bbb6892f3e1', 0),
	('9e3aadcb-23b1-4540-8ec3-4bbb6892f3e1', 'idbox-6acf7197-951e-45ca-bfc2-a984997d6501', '2024-04-11 09:05:30', 2, 'c9a79c22-8546-4540-8d16-92c01c4a6a23', 0),
	('c9a79c22-8546-4540-8d16-92c01c4a6a23', 'idbox-ff455627-b907-4ede-b7a0-f9371a20703d', '2024-08-22 14:26:14', 1, '42a9314d-5f14-4786-88ab-604359aa75e1', 0),
	('42a9314d-5f14-4786-88ab-604359aa75e1', 'idbox-ff455627-b907-4ede-b7a0-f9371a20703d', '2024-04-11 09:15:28', 2, 'c9a79c22-8546-4540-8d16-92c01c4a6a23', 0),
	('c9a79c22-8546-4540-8d16-92c01c4a6a23', 'idbox-af322496-7c64-4592-8c98-a9e0dbce8285', '2024-08-18 14:58:31', 0, 'artist-0a9a1230-3eae-4275-90e2-4f38ba44a6d9', 0),
	('artist-0a9a1230-3eae-4275-90e2-4f38ba44a6d9', 'idbox-af322496-7c64-4592-8c98-a9e0dbce8285', '2024-08-18 14:58:23', 0, 'c9a79c22-8546-4540-8d16-92c01c4a6a23', 0);

-- Dumping structure for table defaultdb.havelistfriends
CREATE TABLE IF NOT EXISTS `havelistfriends` (
  `idUser` varchar(100) COLLATE utf8mb4_vietnamese_ci NOT NULL,
  `idFriends` varchar(100) COLLATE utf8mb4_vietnamese_ci NOT NULL,
  `IsFriend` int NOT NULL DEFAULT '0',
  `look` int NOT NULL DEFAULT '0',
  UNIQUE KEY `idUser` (`idUser`,`idFriends`)
) ENGINE=InnoDB DEFAULT CHARSET=utf8mb4 COLLATE=utf8mb4_vietnamese_ci;

-- Dumping data for table defaultdb.havelistfriends: ~2 rows (approximately)
INSERT INTO `havelistfriends` (`idUser`, `idFriends`, `IsFriend`, `look`) VALUES
	('42a9314d-5f14-4786-88ab-604359aa75e1', 'c9a79c22-8546-4540-8d16-92c01c4a6a23', 2, 0),
	('c9a79c22-8546-4540-8d16-92c01c4a6a23', '42a9314d-5f14-4786-88ab-604359aa75e1', 2, 0);

-- Dumping structure for table defaultdb.hiddenmesslist
CREATE TABLE IF NOT EXISTS `hiddenmesslist` (
  `idUser` varchar(100) CHARACTER SET utf8mb3 COLLATE utf8mb3_vietnamese_ci NOT NULL,
  `idMess` varchar(100) CHARACTER SET utf8mb3 COLLATE utf8mb3_vietnamese_ci NOT NULL
) ENGINE=InnoDB DEFAULT CHARSET=utf32 COLLATE=utf32_vietnamese_ci;

-- Dumping data for table defaultdb.hiddenmesslist: ~0 rows (approximately)

-- Dumping structure for table defaultdb.likedsong
CREATE TABLE IF NOT EXISTS `likedsong` (
  `Id` varchar(100) COLLATE utf8mb4_vietnamese_ci NOT NULL,
  `id_user_liked` varchar(100) COLLATE utf8mb4_vietnamese_ci NOT NULL,
  `liked` tinyint(1) NOT NULL DEFAULT '1',
  UNIQUE KEY `id_user_liked` (`id_user_liked`,`Id`)
) ENGINE=InnoDB DEFAULT CHARSET=utf8mb4 COLLATE=utf8mb4_vietnamese_ci;

-- Dumping data for table defaultdb.likedsong: ~119 rows (approximately)
INSERT INTO `likedsong` (`Id`, `id_user_liked`, `liked`) VALUES
	('1aa8ac68-dce5-4ad0-a34d-9bd0b7df00cc', 'admine88e7421-a0d4-48f2-a221-b30cfc54a7dc]', 0),
	('song-181e740c-21dc-42be-88e0-2f8a31b8c957', 'admine88e7421-a0d4-48f2-a221-b30cfc54a7dc]', 1),
	('song-19da69ea-95be-4cbe-bd44-f478d351f3a2', 'admine88e7421-a0d4-48f2-a221-b30cfc54a7dc]', 0),
	('song-217cc123-5cc5-49f1-a633-f4baf7187d0e', 'admine88e7421-a0d4-48f2-a221-b30cfc54a7dc]', 1),
	('song-2b9fa186-fe17-45b1-99e7-495ad71e86e5', 'admine88e7421-a0d4-48f2-a221-b30cfc54a7dc]', 1),
	('song-43b4a4c4-4b1e-4293-a800-e8cd18008028', 'admine88e7421-a0d4-48f2-a221-b30cfc54a7dc]', 1),
	('song-696cd143-755a-4524-9a18-f20272cbd303', 'admine88e7421-a0d4-48f2-a221-b30cfc54a7dc]', 1),
	('song-878cd831-fdb8-4623-9305-fabbb69395ca', 'admine88e7421-a0d4-48f2-a221-b30cfc54a7dc]', 0),
	('song-8d2ede38-9298-42a1-8f7b-d8b8f5030799', 'admine88e7421-a0d4-48f2-a221-b30cfc54a7dc]', 1),
	('song-9307de90-d2fa-44d6-9938-468a3db8b5a0', 'admine88e7421-a0d4-48f2-a221-b30cfc54a7dc]', 1),
	('song-93e4e301-e7fc-4109-be08-5127938c68dd', 'admine88e7421-a0d4-48f2-a221-b30cfc54a7dc]', 1),
	('song-945e2d3b-1652-4fb3-970a-c36ce43282bc', 'admine88e7421-a0d4-48f2-a221-b30cfc54a7dc]', 1),
	('song-94abb065-3617-49a5-96cd-7688733c5472', 'admine88e7421-a0d4-48f2-a221-b30cfc54a7dc]', 1),
	('song-94f93a3e-e9fe-4336-8804-db4bd4af2ad0', 'admine88e7421-a0d4-48f2-a221-b30cfc54a7dc]', 1),
	('song-973e9f0d-7d80-4163-a815-56d45bc4311b', 'admine88e7421-a0d4-48f2-a221-b30cfc54a7dc]', 1),
	('song-a961384b-b512-4ffa-9f7f-234a66121299', 'admine88e7421-a0d4-48f2-a221-b30cfc54a7dc]', 1),
	('song-adaec925-bf2e-4669-8c57-77ec19747ca9', 'admine88e7421-a0d4-48f2-a221-b30cfc54a7dc]', 1),
	('song-c8fd9440-c08c-4811-b263-05026d01816f', 'admine88e7421-a0d4-48f2-a221-b30cfc54a7dc]', 1),
	('song-d0787553-4f74-4db9-83dd-2d88ae5a41a4', 'admine88e7421-a0d4-48f2-a221-b30cfc54a7dc]', 1),
	('song-d2ba7c4e-e4b2-440a-8252-a7a488ac5439', 'admine88e7421-a0d4-48f2-a221-b30cfc54a7dc]', 1),
	('song-d7953a19-4f48-4051-982f-e528c5db7cec', 'admine88e7421-a0d4-48f2-a221-b30cfc54a7dc]', 1),
	('song-f3934345-93c2-444f-a297-cc1efc9bfdd8', 'admine88e7421-a0d4-48f2-a221-b30cfc54a7dc]', 1),
	('song-f4381e2c-c4a5-4c1d-bf4c-dd4f03aef3de', 'admine88e7421-a0d4-48f2-a221-b30cfc54a7dc]', 1),
	('song-fb310e12-5b58-4eda-b9fc-0a8817130b1f', 'admine88e7421-a0d4-48f2-a221-b30cfc54a7dc]', 1),
	('song-fd04f9f5-d3e9-4161-accb-cb80f1e9fd85', 'admine88e7421-a0d4-48f2-a221-b30cfc54a7dc]', 1),
	('1aa8ac68-dce5-4ad0-a34d-9bd0b7df00cc', 'c9a79c22-8546-4540-8d16-92c01c4a6a23', 1),
	('1f78e78f-18c0-405c-abe3-71ffd1fc0397', 'c9a79c22-8546-4540-8d16-92c01c4a6a23', 1),
	('381b6b5e-305f-4cbc-a3bf-7707147c8804', 'c9a79c22-8546-4540-8d16-92c01c4a6a23', 1),
	('50d8169a-a6da-4856-bb75-c0283f9849ae', 'c9a79c22-8546-4540-8d16-92c01c4a6a23', 1),
	('67a81238-3348-4cdf-b953-5096df977e27', 'c9a79c22-8546-4540-8d16-92c01c4a6a23', 1),
	('82a0e146-1b63-4194-a0f8-cfb1913f50dc', 'c9a79c22-8546-4540-8d16-92c01c4a6a23', 1),
	('837b3000-7ec2-4c85-a8fa-bc088cc0074e', 'c9a79c22-8546-4540-8d16-92c01c4a6a23', 1),
	('9bb2ddba-abfa-474a-ac84-d7952a51ad7e', 'c9a79c22-8546-4540-8d16-92c01c4a6a23', 1),
	('aaa', 'c9a79c22-8546-4540-8d16-92c01c4a6a23', 1),
	('b50e07a9-f2ea-4626-8b14-f9ef213ad8fc', 'c9a79c22-8546-4540-8d16-92c01c4a6a23', 1),
	('b53c3193-7a3f-4005-861b-52eca46f9381', 'c9a79c22-8546-4540-8d16-92c01c4a6a23', 1),
	('e17363fa-82d8-4ca4-8dee-ce1b62bcf995', 'c9a79c22-8546-4540-8d16-92c01c4a6a23', 1),
	('ecdba929-6516-46b3-b507-36d2c854b947', 'c9a79c22-8546-4540-8d16-92c01c4a6a23', 1),
	('ef9012fd-f635-49b5-918b-874c806a6b40', 'c9a79c22-8546-4540-8d16-92c01c4a6a23', 1),
	('f6e0a637-d439-49d2-b720-edb8f9c750f5', 'c9a79c22-8546-4540-8d16-92c01c4a6a23', 1),
	('song-0872b219-c9e9-40be-b5ca-2243067fc5f2', 'c9a79c22-8546-4540-8d16-92c01c4a6a23', 1),
	('song-09bf528d-f36d-4092-a0c1-30ce3c75c133', 'c9a79c22-8546-4540-8d16-92c01c4a6a23', 1),
	('song-0ffc9672-199c-4571-bf2d-1acba562fee6', 'c9a79c22-8546-4540-8d16-92c01c4a6a23', 1),
	('song-1018dc51-23e5-4e5f-934b-9d0c9de55105', 'c9a79c22-8546-4540-8d16-92c01c4a6a23', 1),
	('song-104bc6e6-0fef-47e0-8711-b7927848f523', 'c9a79c22-8546-4540-8d16-92c01c4a6a23', 1),
	('song-10652f8a-6e9c-47b9-acb2-6ef44c21977c', 'c9a79c22-8546-4540-8d16-92c01c4a6a23', 1),
	('song-15df81ef-2198-400e-aa4b-e444ebd830e3', 'c9a79c22-8546-4540-8d16-92c01c4a6a23', 1),
	('song-19da69ea-95be-4cbe-bd44-f478d351f3a2', 'c9a79c22-8546-4540-8d16-92c01c4a6a23', 1),
	('song-1acbe83f-cfac-4359-a242-20090273f7d0', 'c9a79c22-8546-4540-8d16-92c01c4a6a23', 1),
	('song-1cf0a064-ca61-47d0-b3ad-d659359e77a1', 'c9a79c22-8546-4540-8d16-92c01c4a6a23', 1),
	('song-1d91e5de-acd7-499e-b79a-11ba8f916c90', 'c9a79c22-8546-4540-8d16-92c01c4a6a23', 1),
	('song-1fb9c6d4-3844-4772-972e-b8b918829202', 'c9a79c22-8546-4540-8d16-92c01c4a6a23', 1),
	('song-21ca8286-7a4a-4fc4-9aaf-e7b7e9da8f10', 'c9a79c22-8546-4540-8d16-92c01c4a6a23', 1),
	('song-275e4c7f-99ce-4848-8c99-db6c8316f289', 'c9a79c22-8546-4540-8d16-92c01c4a6a23', 1),
	('song-279034ba-af64-4b30-8342-09aa24557a2d', 'c9a79c22-8546-4540-8d16-92c01c4a6a23', 1),
	('song-27b04085-ddac-46f4-ba90-b5269a6b12c1', 'c9a79c22-8546-4540-8d16-92c01c4a6a23', 1),
	('song-3099d47b-0ff1-44cd-a46c-616d206f0292', 'c9a79c22-8546-4540-8d16-92c01c4a6a23', 1),
	('song-33790516-d0c7-4535-8865-d18949565652', 'c9a79c22-8546-4540-8d16-92c01c4a6a23', 1),
	('song-34070b1c-5232-4543-b271-772926aa0c5b', 'c9a79c22-8546-4540-8d16-92c01c4a6a23', 1),
	('song-36d7e699-f13e-4746-93ba-0755345cb06d', 'c9a79c22-8546-4540-8d16-92c01c4a6a23', 1),
	('song-37999a9e-3ca8-4346-b4ba-d6e256e8ffb5', 'c9a79c22-8546-4540-8d16-92c01c4a6a23', 1),
	('song-3a759e1a-3432-4f0d-9fc2-c5c86c733259', 'c9a79c22-8546-4540-8d16-92c01c4a6a23', 1),
	('song-43b4a4c4-4b1e-4293-a800-e8cd18008028', 'c9a79c22-8546-4540-8d16-92c01c4a6a23', 1),
	('song-45f37a25-fa22-4234-99c1-eebf02c5c6f4', 'c9a79c22-8546-4540-8d16-92c01c4a6a23', 1),
	('song-4763e94c-76a4-40c2-a478-4ff14713cb11', 'c9a79c22-8546-4540-8d16-92c01c4a6a23', 1),
	('song-478c4d87-f77e-49fd-9163-56685817540b', 'c9a79c22-8546-4540-8d16-92c01c4a6a23', 1),
	('song-49722cde-1ea6-4e7f-b552-b45ccc6a9f11', 'c9a79c22-8546-4540-8d16-92c01c4a6a23', 1),
	('song-4994ca26-490e-4412-9e54-826c652dd1b0', 'c9a79c22-8546-4540-8d16-92c01c4a6a23', 1),
	('song-4b8528bb-d89a-4613-be22-412fabe6bde8', 'c9a79c22-8546-4540-8d16-92c01c4a6a23', 1),
	('song-4f1658fb-0766-49b0-bd17-2706ced368e0', 'c9a79c22-8546-4540-8d16-92c01c4a6a23', 1),
	('song-51fc786f-155b-455c-a918-5e1b3f0fe649', 'c9a79c22-8546-4540-8d16-92c01c4a6a23', 1),
	('song-533f87a8-965d-4a83-91ff-57b446085a9d', 'c9a79c22-8546-4540-8d16-92c01c4a6a23', 1),
	('song-543c046f-5a09-4016-970d-64bc63f17110', 'c9a79c22-8546-4540-8d16-92c01c4a6a23', 1),
	('song-5c372862-da4d-486e-9e45-e3ec51880c09', 'c9a79c22-8546-4540-8d16-92c01c4a6a23', 1),
	('song-5c3b562d-bf3c-490c-a8c1-c119294e2820', 'c9a79c22-8546-4540-8d16-92c01c4a6a23', 1),
	('song-5ce1a02d-9830-444e-9495-0f6629effd92', 'c9a79c22-8546-4540-8d16-92c01c4a6a23', 1),
	('song-5d887b87-81e8-4604-a529-b0a732b60c2d', 'c9a79c22-8546-4540-8d16-92c01c4a6a23', 1),
	('song-600838b4-efcc-40ae-86ae-8f3aa108d08b', 'c9a79c22-8546-4540-8d16-92c01c4a6a23', 1),
	('song-63810c36-0bfe-448c-9fca-ab6865a9b557', 'c9a79c22-8546-4540-8d16-92c01c4a6a23', 1),
	('song-65ab71c0-895c-43ce-8af2-14b4670f10ca', 'c9a79c22-8546-4540-8d16-92c01c4a6a23', 1),
	('song-696cd143-755a-4524-9a18-f20272cbd303', 'c9a79c22-8546-4540-8d16-92c01c4a6a23', 1),
	('song-7179a1b0-6657-47c1-9cbf-37bb6956ee6a', 'c9a79c22-8546-4540-8d16-92c01c4a6a23', 1),
	('song-729e7f87-e705-4164-83c3-a49bc4d8ab46', 'c9a79c22-8546-4540-8d16-92c01c4a6a23', 1),
	('song-784d02fa-dc31-4c2f-9627-820889482e80', 'c9a79c22-8546-4540-8d16-92c01c4a6a23', 1),
	('song-7a126c0e-ebe5-491e-8041-d520b396ef24', 'c9a79c22-8546-4540-8d16-92c01c4a6a23', 1),
	('song-7ab6533d-db5d-4885-8e7a-a1e1d37d2800', 'c9a79c22-8546-4540-8d16-92c01c4a6a23', 1),
	('song-858a0871-ff5b-47f2-bdda-88ca679b141b', 'c9a79c22-8546-4540-8d16-92c01c4a6a23', 1),
	('song-878cd831-fdb8-4623-9305-fabbb69395ca', 'c9a79c22-8546-4540-8d16-92c01c4a6a23', 1),
	('song-88382a76-7ced-4df5-b1e6-9a218bdd5cb8', 'c9a79c22-8546-4540-8d16-92c01c4a6a23', 1),
	('song-920a167b-5a3f-408e-b2c7-cac5892ebaf5', 'c9a79c22-8546-4540-8d16-92c01c4a6a23', 1),
	('song-9307de90-d2fa-44d6-9938-468a3db8b5a0', 'c9a79c22-8546-4540-8d16-92c01c4a6a23', 1),
	('song-93e4e301-e7fc-4109-be08-5127938c68dd', 'c9a79c22-8546-4540-8d16-92c01c4a6a23', 1),
	('song-93fdba3c-5398-45a0-adf7-375b5ef97a48', 'c9a79c22-8546-4540-8d16-92c01c4a6a23', 1),
	('song-945e2d3b-1652-4fb3-970a-c36ce43282bc', 'c9a79c22-8546-4540-8d16-92c01c4a6a23', 1),
	('song-94abb065-3617-49a5-96cd-7688733c5472', 'c9a79c22-8546-4540-8d16-92c01c4a6a23', 1),
	('song-973e9f0d-7d80-4163-a815-56d45bc4311b', 'c9a79c22-8546-4540-8d16-92c01c4a6a23', 1),
	('song-982f10b9-42ec-4af8-9de8-7f77f623913b', 'c9a79c22-8546-4540-8d16-92c01c4a6a23', 1),
	('song-9c4ca4f2-5085-409c-a413-5c30d4f042ad', 'c9a79c22-8546-4540-8d16-92c01c4a6a23', 1),
	('song-a3c722bd-ba0a-4ac3-9844-da80ae7731ed', 'c9a79c22-8546-4540-8d16-92c01c4a6a23', 1),
	('song-a4f534a6-1560-4390-8c68-7157513eab53', 'c9a79c22-8546-4540-8d16-92c01c4a6a23', 1),
	('song-a636ab8d-bed9-43df-b1e2-01161aeceb5f', 'c9a79c22-8546-4540-8d16-92c01c4a6a23', 1),
	('song-a93c7513-4d0a-49c4-a613-a85aa196d39f', 'c9a79c22-8546-4540-8d16-92c01c4a6a23', 1),
	('song-a9a0721a-e1e6-494a-9643-1b63bc711005', 'c9a79c22-8546-4540-8d16-92c01c4a6a23', 1),
	('song-aac27eea-cbc1-4031-be26-b0e0d5e6a25f', 'c9a79c22-8546-4540-8d16-92c01c4a6a23', 1),
	('song-ab7da2ba-6079-434b-96b1-7742eb40c7d7', 'c9a79c22-8546-4540-8d16-92c01c4a6a23', 1),
	('song-b1d95327-057f-4a9f-abec-8eba59ea9371', 'c9a79c22-8546-4540-8d16-92c01c4a6a23', 1),
	('song-b769ab3f-f2bd-4c23-a41a-ec3f99e9f4dc', 'c9a79c22-8546-4540-8d16-92c01c4a6a23', 1),
	('song-ba3c4b4d-a3f8-446a-8697-6d4179af49c4', 'c9a79c22-8546-4540-8d16-92c01c4a6a23', 1),
	('song-bcb44aa3-8366-4370-a89f-ff9d47160086', 'c9a79c22-8546-4540-8d16-92c01c4a6a23', 1),
	('song-c6240124-3a3b-446c-ad72-96beb41c4506', 'c9a79c22-8546-4540-8d16-92c01c4a6a23', 1),
	('song-c7bf148f-c85e-47ad-88ef-e44ed8bd7a27', 'c9a79c22-8546-4540-8d16-92c01c4a6a23', 1),
	('song-cc571170-c656-4960-b448-712b0188a595', 'c9a79c22-8546-4540-8d16-92c01c4a6a23', 1),
	('song-cf0b9b88-603f-435c-b7f9-b35935b76480', 'c9a79c22-8546-4540-8d16-92c01c4a6a23', 1),
	('song-d0787553-4f74-4db9-83dd-2d88ae5a41a4', 'c9a79c22-8546-4540-8d16-92c01c4a6a23', 1),
	('song-d2ba7c4e-e4b2-440a-8252-a7a488ac5439', 'c9a79c22-8546-4540-8d16-92c01c4a6a23', 1),
	('song-d2e32bb6-21c9-488d-91bb-7553c0302dc8', 'c9a79c22-8546-4540-8d16-92c01c4a6a23', 1),
	('song-d539d44d-fdf0-41d5-ab2b-4bc5b3f2ba95', 'c9a79c22-8546-4540-8d16-92c01c4a6a23', 1),
	('song-d5929fd7-3621-4b43-828c-ebfe89618c21', 'c9a79c22-8546-4540-8d16-92c01c4a6a23', 1),
	('song-db4ed8d3-c166-426f-817b-54e6762cd179', 'c9a79c22-8546-4540-8d16-92c01c4a6a23', 1),
	('song-db7a06fe-3561-4b53-bd28-8151fb65bc44', 'c9a79c22-8546-4540-8d16-92c01c4a6a23', 1),
	('song-dcf2696a-bad3-4046-8101-64b3e943a3bf', 'c9a79c22-8546-4540-8d16-92c01c4a6a23', 1),
	('song-e2497509-d209-44cd-8af0-e077f6f182e7', 'c9a79c22-8546-4540-8d16-92c01c4a6a23', 1),
	('song-e4e99454-add9-4bbf-a77b-ad3e56699c3b', 'c9a79c22-8546-4540-8d16-92c01c4a6a23', 1),
	('song-ea417cc6-bf0e-4c36-bfc9-7d0d4ea9995c', 'c9a79c22-8546-4540-8d16-92c01c4a6a23', 1),
	('song-f19d4db3-0087-4224-961a-f977afd194a4', 'c9a79c22-8546-4540-8d16-92c01c4a6a23', 1),
	('song-f29bddea-56c9-415f-980d-491d489a5732', 'c9a79c22-8546-4540-8d16-92c01c4a6a23', 1),
	('song-f4381e2c-c4a5-4c1d-bf4c-dd4f03aef3de', 'c9a79c22-8546-4540-8d16-92c01c4a6a23', 1),
	('song-f696fb26-5004-4136-8621-02cce631e173', 'c9a79c22-8546-4540-8d16-92c01c4a6a23', 1);

-- Dumping structure for table defaultdb.messenge
CREATE TABLE IF NOT EXISTS `messenge` (
  `idMess` varchar(100) COLLATE utf8mb3_vietnamese_ci NOT NULL,
  `idBox` varchar(100) COLLATE utf8mb3_vietnamese_ci NOT NULL,
  `content` varchar(400) COLLATE utf8mb3_vietnamese_ci NOT NULL,
  `type` varchar(10) COLLATE utf8mb3_vietnamese_ci NOT NULL DEFAULT 'Mess',
  `idUser` varchar(100) COLLATE utf8mb3_vietnamese_ci NOT NULL,
  `ngay` datetime NOT NULL DEFAULT CURRENT_TIMESTAMP,
  PRIMARY KEY (`idMess`),
  UNIQUE KEY `idBox` (`idBox`,`idMess`)
) ENGINE=InnoDB DEFAULT CHARSET=utf8mb3 COLLATE=utf8mb3_vietnamese_ci;

-- Dumping data for table defaultdb.messenge: ~0 rows (approximately)
INSERT INTO `messenge` (`idMess`, `idBox`, `content`, `type`, `idUser`, `ngay`) VALUES
	('Mess-607e2646-8415-4e67-9ab4-912089c264c0', 'idbox-ff455627-b907-4ede-b7a0-f9371a20703d', 'Chào', 'Mess', 'c9a79c22-8546-4540-8d16-92c01c4a6a23', '2025-01-24 10:41:34'),
	('Mess-c72c2cfb-b03e-4568-9f81-31007396de06', 'idbox-ff455627-b907-4ede-b7a0-f9371a20703d', 'hello', 'Mess', 'c9a79c22-8546-4540-8d16-92c01c4a6a23', '2025-01-24 08:23:31');

-- Dumping structure for table defaultdb.notification
CREATE TABLE IF NOT EXISTS `notification` (
  `receiver_id` varchar(100) COLLATE utf8mb4_vietnamese_ci NOT NULL,
  `Discuss_Id` varchar(100) COLLATE utf8mb4_vietnamese_ci NOT NULL,
  `createtime` datetime NOT NULL DEFAULT CURRENT_TIMESTAMP,
  `Song_Id` varchar(100) COLLATE utf8mb4_vietnamese_ci NOT NULL,
  `replay_user_id` varchar(100) COLLATE utf8mb4_vietnamese_ci NOT NULL
) ENGINE=InnoDB DEFAULT CHARSET=utf8mb4 COLLATE=utf8mb4_vietnamese_ci;

-- Dumping data for table defaultdb.notification: ~0 rows (approximately)

-- Dumping structure for table defaultdb.playlist
CREATE TABLE IF NOT EXISTS `playlist` (
  `id` varchar(100) COLLATE utf8mb4_vietnamese_ci NOT NULL,
  `User_id` varchar(100) COLLATE utf8mb4_vietnamese_ci NOT NULL,
  `Genre_ID` varchar(100) COLLATE utf8mb4_vietnamese_ci NOT NULL,
  `Type` varchar(50) COLLATE utf8mb4_vietnamese_ci NOT NULL DEFAULT 'nono',
  `ImagePath` varchar(300) COLLATE utf8mb4_vietnamese_ci NOT NULL,
  `PlayListName` varchar(100) COLLATE utf8mb4_vietnamese_ci NOT NULL,
  `Likes` int NOT NULL,
  `Songs` int NOT NULL,
  `Duration` varchar(50) COLLATE utf8mb4_vietnamese_ci NOT NULL DEFAULT '',
  `Status` varchar(2) COLLATE utf8mb4_vietnamese_ci NOT NULL DEFAULT '0',
  `Discripition` varchar(150) COLLATE utf8mb4_vietnamese_ci NOT NULL,
  PRIMARY KEY (`id`),
  UNIQUE KEY `Index 2` (`User_id`,`id`) USING BTREE
) ENGINE=InnoDB DEFAULT CHARSET=utf8mb4 COLLATE=utf8mb4_vietnamese_ci;

-- Dumping data for table defaultdb.playlist: ~57 rows (approximately)
INSERT INTO `playlist` (`id`, `User_id`, `Genre_ID`, `Type`, `ImagePath`, `PlayListName`, `Likes`, `Songs`, `Duration`, `Status`, `Discripition`) VALUES
	('12a2b6d1-9684-4ffd-8b26-f593ad302ca7', 'admine88e7421-a0d4-48f2-a221-b30cfc54a7dc]', 'a7b77b1c-902b-4417-9609-eb596aa187e4', 'playlist', '/public/playlist/playlist-avatar-1711981590640-718853768.jpeg', 'Nhạc Không Thể Thiêu', 0, 59, '0', '1', ''),
	('42a9314d-5f14-4786-88ab-604359aa75e1', '42a9314d-5f14-4786-88ab-604359aa75e1', '', 'artist', 'https://firebasestorage.googleapis.com/v0/b/supple-league-394102.appspot.com/o/PathImageFile%2F42a9314d-5f14-4786-88ab-604359aa75e1.jpeg?alt=media&token=a4d98f56-9dbb-45c6-a7ee-e84086cd17df', 'Phan Mạnh Quỳnh', 0, 0, '0', '1', '[value-11]'),
	('51925ca6-74c6-418d-9273-793061b05aa6', '51925ca6-74c6-418d-9273-793061b05aa6', '', 'artist', 'https://firebasestorage.googleapis.com/v0/b/supple-league-394102.appspot.com/o/PathImageFile%2F51925ca6-74c6-418d-9273-793061b05aa6.jpeg?alt=media&token=8f20e1fb-7667-460b-a200-d4ccf4966c70', 'Sơn Tùng M-TP', 0, 0, '0', '1', '[value-11]'),
	('8f23b4e3-85f2-48ef-a865-9797a7100862', 'admine88e7421-a0d4-48f2-a221-b30cfc54a7dc]', 'b30d08cd-d161-4cf7-ab92-bd445d212896', 'playlist', '/public/playlist/playlist-avatar-1711979780192-601050903.jpeg', 'Hot Hit VN', 0, 62, '0', '1', ''),
	('9e3aadcb-23b1-4540-8ec3-4bbb6892f3e1', '9e3aadcb-23b1-4540-8ec3-4bbb6892f3e1', '', 'artist', 'https://firebasestorage.googleapis.com/v0/b/supple-league-394102.appspot.com/o/PathImageFile%2F9e3aadcb-23b1-4540-8ec3-4bbb6892f3e1.jpeg?alt=media&token=f7f04595-a175-4af3-b7a4-bf4a6d737c98', 'Đen Vâu', 0, 0, '0', '1', '[value-11]'),
	('a1a46dc3-cd88-4aeb-9ae0-276962d22922', 'admine88e7421-a0d4-48f2-a221-b30cfc54a7dc]', 'b30d08cd-d161-4cf7-ab92-bd445d212896', 'playlist', '/public/playlist/playlist-avatar-1712045519005-846117435.jpeg', 'Anh Hào Nhạc Việt', 0, 53, '0', '1', ''),
	('artist-020da543-7392-4c8f-a5e4-948c8ad812d8-1738510117580', 'artist-020da543-7392-4c8f-a5e4-948c8ad812d8-1738510117580', '', 'artist', 'https://firebasestorage.googleapis.com/v0/b/supple-league-394102.appspot.com/o/PathImageFile%2Fartist-020da543-7392-4c8f-a5e4-948c8ad812d8-1738510117580.webp?alt=media&token=bb31e564-f478-4fb4-a0b3-cf34ec134225', 'Đẳng Thập Yêu Quân', 0, 0, '', '1', ''),
	('artist-0553133c-8416-4c87-bc32-b007699a9a2b-1738574392549', 'artist-0553133c-8416-4c87-bc32-b007699a9a2b-1738574392549', '', 'artist', 'https://firebasestorage.googleapis.com/v0/b/supple-league-394102.appspot.com/o/PathImageFile%2Fartist-0553133c-8416-4c87-bc32-b007699a9a2b-1738574392549.webp?alt=media&token=7dffc0fd-784b-4561-b021-d36156130106', 'Danh Quyết', 0, 0, '', '1', ''),
	('artist-05fffea7-110d-45ef-b70b-975c27c7fed0-1738325890038', 'artist-05fffea7-110d-45ef-b70b-975c27c7fed0-1738325890038', '', 'artist', 'https://firebasestorage.googleapis.com/v0/b/supple-league-394102.appspot.com/o/PathImageFile%2Fartist-05fffea7-110d-45ef-b70b-975c27c7fed0-1738325890038.webp?alt=media&token=5459f24d-c0b2-43c2-88a3-158386813df4', 'Cozi Zuehlsdorff', 0, 0, '', '1', ''),
	('artist-0a9a1230-3eae-4275-90e2-4f38ba44a6d9', 'artist-0a9a1230-3eae-4275-90e2-4f38ba44a6d9', '', 'artist', 'https://firebasestorage.googleapis.com/v0/b/supple-league-394102.appspot.com/o/PathImageFile%2Fartist-0a9a1230-3eae-4275-90e2-4f38ba44a6d9.jpeg?alt=media&token=6b7829ef-cbf4-4acf-80f0-baf7cfbe45e8', 'JustaTee', 0, 0, '', '1', ''),
	('artist-0ce5ed6a-5b84-4c74-942e-b59926e83b66-1738512533902', 'artist-0ce5ed6a-5b84-4c74-942e-b59926e83b66-1738512533902', '', 'artist', 'https://firebasestorage.googleapis.com/v0/b/supple-league-394102.appspot.com/o/PathImageFile%2Fartist-0ce5ed6a-5b84-4c74-942e-b59926e83b66-1738512533902.webp?alt=media&token=12436620-37a8-4b3a-9204-c4f0042a4ed5', '9277', 0, 0, '', '1', ''),
	('artist-13c5ddd7-222b-45d5-8260-3c62ce646e01-1732718402757', 'artist-13c5ddd7-222b-45d5-8260-3c62ce646e01-1732718402757', '', 'artist', 'https://firebasestorage.googleapis.com/v0/b/supple-league-394102.appspot.com/o/PathImageFile%2Fartist-13c5ddd7-222b-45d5-8260-3c62ce646e01-1732718402757.jpeg?alt=media&token=9b0b6b4b-51f1-4edb-91ba-63950dfbcc2a', 'Ali Project', 0, 0, '', '1', ''),
	('artist-1456b930-ad22-4f4f-a140-513ac23c8ad5-1738073625853', 'artist-1456b930-ad22-4f4f-a140-513ac23c8ad5-1738073625853', '', 'artist', 'https://firebasestorage.googleapis.com/v0/b/supple-league-394102.appspot.com/o/PathImageFile%2Fartist-1456b930-ad22-4f4f-a140-513ac23c8ad5-1738073625853.webp?alt=media&token=c2074c73-4f1e-48e7-9ba4-64b42ddcacfd', 'TheFatRat', 0, 0, '', '1', ''),
	('artist-1bc9c882-f6ec-4cc0-98c9-419eba220014-1738424207163', 'artist-1bc9c882-f6ec-4cc0-98c9-419eba220014-1738424207163', '', 'artist', 'https://firebasestorage.googleapis.com/v0/b/supple-league-394102.appspot.com/o/PathImageFile%2Fartist-1bc9c882-f6ec-4cc0-98c9-419eba220014-1738424207163.webp?alt=media&token=c2fa8119-a88f-4c98-b222-91e1fac23b02', 'YUAN', 0, 0, '', '1', ''),
	('artist-24f621fc-2ec1-4753-b79d-fbd35b5f17cb-1737819585602', 'artist-24f621fc-2ec1-4753-b79d-fbd35b5f17cb-1737819585602', '', 'artist', 'https://firebasestorage.googleapis.com/v0/b/supple-league-394102.appspot.com/o/PathImageFile%2Fartist-24f621fc-2ec1-4753-b79d-fbd35b5f17cb-1737819585602.webp?alt=media&token=8acd2725-bbb2-48ec-b4a4-e840c05a85fc', 'Da LAB', 0, 0, '', '1', ''),
	('artist-37d07bbb-b815-488f-baa5-6c25cbe4ba74-1725550799643', 'artist-37d07bbb-b815-488f-baa5-6c25cbe4ba74-1725550799643', '', 'artist', 'https://firebasestorage.googleapis.com/v0/b/supple-league-394102.appspot.com/o/PathImageFile%2Fartist-37d07bbb-b815-488f-baa5-6c25cbe4ba74-1725550799643.jpeg?alt=media&token=920df610-5fa4-4c4a-8884-13df8f38fee5', 'Phương Ly', 0, 0, '', '1', ''),
	('artist-4539e319-819e-4627-a60c-eddc308df754-1738423582802', 'artist-4539e319-819e-4627-a60c-eddc308df754-1738423582802', '', 'artist', 'https://firebasestorage.googleapis.com/v0/b/supple-league-394102.appspot.com/o/PathImageFile%2Fartist-4539e319-819e-4627-a60c-eddc308df754-1738423582802.webp?alt=media&token=c324c53a-2c5a-4693-982e-37a25be3a216', 'Đạt G', 0, 0, '', '1', ''),
	('artist-48c4134e-cbc8-42a1-8737-f575c01848ec-1738548540433', 'artist-48c4134e-cbc8-42a1-8737-f575c01848ec-1738548540433', '', 'artist', 'https://firebasestorage.googleapis.com/v0/b/supple-league-394102.appspot.com/o/PathImageFile%2Fartist-48c4134e-cbc8-42a1-8737-f575c01848ec-1738548540433.webp?alt=media&token=cd73ffe7-fd12-467c-ac64-a0d4265eef58', 'Silk Ye', 0, 0, '', '1', ''),
	('artist-4c4ae34c-b34b-427b-825c-59f995dfcc14-1738076385917', 'artist-4c4ae34c-b34b-427b-825c-59f995dfcc14-1738076385917', '', 'artist', 'https://firebasestorage.googleapis.com/v0/b/supple-league-394102.appspot.com/o/PathImageFile%2Fartist-4c4ae34c-b34b-427b-825c-59f995dfcc14-1738076385917.webp?alt=media&token=a3ac7cdd-c5f6-44e5-afd4-689878018886', 'Vicetone', 0, 0, '', '1', ''),
	('artist-4f2455ed-cadd-476b-b4c2-1663891c933a-1734273911958', 'artist-4f2455ed-cadd-476b-b4c2-1663891c933a-1734273911958', '', 'artist', 'https://firebasestorage.googleapis.com/v0/b/supple-league-394102.appspot.com/o/PathImageFile%2Fartist-4f2455ed-cadd-476b-b4c2-1663891c933a-1734273911958.jpeg?alt=media&token=46c7e3f1-267d-4230-8981-0b6e2ed8a150', 'Khắc Việt', 0, 0, '', '1', ''),
	('artist-53a888c8-ff1f-4fbc-9510-3d50d4d8aefb-1738511202803', 'artist-53a888c8-ff1f-4fbc-9510-3d50d4d8aefb-1738511202803', '', 'artist', 'https://firebasestorage.googleapis.com/v0/b/supple-league-394102.appspot.com/o/PathImageFile%2Fartist-53a888c8-ff1f-4fbc-9510-3d50d4d8aefb-1738511202803.webp?alt=media&token=fb5b4056-e96c-4698-b49d-7eb972367be3', 'Khánh Ngân', 0, 0, '', '1', ''),
	('artist-55930b25-3bb4-4934-9e66-e3d58649eca5-1738573864283', 'artist-55930b25-3bb4-4934-9e66-e3d58649eca5-1738573864283', '', 'artist', 'https://firebasestorage.googleapis.com/v0/b/supple-league-394102.appspot.com/o/PathImageFile%2Fartist-55930b25-3bb4-4934-9e66-e3d58649eca5-1738573864283.webp?alt=media&token=c530d1c8-d738-4de2-b87c-aa31e8f37574', 'Lưu Y Đóa', 0, 0, '', '1', ''),
	('artist-566a4f2a-83f4-4ad1-a550-1b52091a8bf2', 'artist-566a4f2a-83f4-4ad1-a550-1b52091a8bf2', '', 'artist', 'https://firebasestorage.googleapis.com/v0/b/supple-league-394102.appspot.com/o/PathImageFile%2Fartist-566a4f2a-83f4-4ad1-a550-1b52091a8bf2.jpeg?alt=media&token=c4bc0e67-98d4-49c6-b871-f31c39f95770', 'MIN', 0, 0, '', '1', ''),
	('artist-63e39141-f2ca-43ff-9ede-c66d5ab980e9-1738655453104', 'artist-63e39141-f2ca-43ff-9ede-c66d5ab980e9-1738655453104', '', 'artist', 'https://firebasestorage.googleapis.com/v0/b/supple-league-394102.appspot.com/o/PathImageFile%2Fartist-63e39141-f2ca-43ff-9ede-c66d5ab980e9-1738655453104.webp?alt=media&token=d4b77b91-1a82-4836-a25c-85864851606f', 'Trình Hưởng', 0, 0, '', '1', ''),
	('artist-717aba39-8501-41c1-8a26-8f68c4b282e3-1725186015160', 'artist-717aba39-8501-41c1-8a26-8f68c4b282e3-1725186015160', '', 'artist', 'https://firebasestorage.googleapis.com/v0/b/supple-league-394102.appspot.com/o/PathImageFile%2Fartist-717aba39-8501-41c1-8a26-8f68c4b282e3-1725186015160.jpeg?alt=media&token=6e66f5c4-f783-44fd-b79e-cd170c2e28ef', 'Miu Lê', 0, 0, '', '1', ''),
	('artist-72f7937e-dc5b-4bbd-941c-8ec37458ed93-1738547171759', 'artist-72f7937e-dc5b-4bbd-941c-8ec37458ed93-1738547171759', '', 'artist', 'https://firebasestorage.googleapis.com/v0/b/supple-league-394102.appspot.com/o/PathImageFile%2Fartist-72f7937e-dc5b-4bbd-941c-8ec37458ed93-1738547171759.webp?alt=media&token=b4cdd657-d2b6-4d34-84dc-039ed82a0b41', 'Vương Thắng Nam', 0, 0, '', '1', ''),
	('artist-79971eb4-fcaa-4be6-b4c3-70e7dd5923e3-1738423596080', 'artist-79971eb4-fcaa-4be6-b4c3-70e7dd5923e3-1738423596080', '', 'artist', 'https://firebasestorage.googleapis.com/v0/b/supple-league-394102.appspot.com/o/PathImageFile%2Fartist-79971eb4-fcaa-4be6-b4c3-70e7dd5923e3-1738423596080.webp?alt=media&token=bdd3938d-140e-4b6e-932c-9efc4cca090f', 'Masew', 0, 0, '', '1', ''),
	('artist-7ca17e4c-b92f-48cb-9642-4ffbc9f19978-1738551165034', 'artist-7ca17e4c-b92f-48cb-9642-4ffbc9f19978-1738551165034', '', 'artist', 'https://firebasestorage.googleapis.com/v0/b/supple-league-394102.appspot.com/o/PathImageFile%2Fartist-7ca17e4c-b92f-48cb-9642-4ffbc9f19978-1738551165034.webp?alt=media&token=9438d2ce-89e5-4a41-929b-6b65da35827c', 'Li Yugang', 0, 0, '', '1', ''),
	('artist-7d2a7a2a-6110-4746-ac9b-9d0fb1e90b60-1737815723696', 'artist-7d2a7a2a-6110-4746-ac9b-9d0fb1e90b60-1737815723696', '', 'artist', 'https://firebasestorage.googleapis.com/v0/b/supple-league-394102.appspot.com/o/PathImageFile%2Fartist-7d2a7a2a-6110-4746-ac9b-9d0fb1e90b60-1737815723696.webp?alt=media&token=5e2c580e-550a-4e85-8289-378ab6e33218', 'The Men', 0, 0, '', '1', ''),
	('artist-87cb9a4c-45d8-426a-bcac-9576677321f0-1725185616844', 'artist-87cb9a4c-45d8-426a-bcac-9576677321f0-1725185616844', '', 'artist', 'https://firebasestorage.googleapis.com/v0/b/supple-league-394102.appspot.com/o/PathImageFile%2Fartist-87cb9a4c-45d8-426a-bcac-9576677321f0-1725185616844.jpeg?alt=media&token=a8a68e42-ca65-42de-aee6-67c34a6ce600', 'Lou Hoàng', 0, 0, '', '1', ''),
	('artist-8d22b263-0b3e-44f0-b6fe-4d1a1f8cb9d9-1738508571727', 'artist-8d22b263-0b3e-44f0-b6fe-4d1a1f8cb9d9-1738508571727', '', 'artist', 'https://firebasestorage.googleapis.com/v0/b/supple-league-394102.appspot.com/o/PathImageFile%2Fartist-8d22b263-0b3e-44f0-b6fe-4d1a1f8cb9d9-1738508571727.webp?alt=media&token=41b9c25a-ab26-433c-9da8-a4ef17661a67', '30 năm trước, 50 năm sau', 0, 0, '', '1', ''),
	('artist-8dca8df5-0a86-4150-96ea-b00ed01305c3-1738547567642', 'artist-8dca8df5-0a86-4150-96ea-b00ed01305c3-1738547567642', '', 'artist', 'https://firebasestorage.googleapis.com/v0/b/supple-league-394102.appspot.com/o/PathImageFile%2Fartist-8dca8df5-0a86-4150-96ea-b00ed01305c3-1738547567642.webp?alt=media&token=a05bfc30-d4a3-4cc5-b1b8-dee51a6ad311', 'Tưởng Tuyết Nhi ', 0, 0, '', '1', ''),
	('artist-a3e230e4-c1bb-48a8-8069-d6e3792323fc-1725283096104', 'artist-a3e230e4-c1bb-48a8-8069-d6e3792323fc-1725283096104', '', 'artist', 'https://firebasestorage.googleapis.com/v0/b/supple-league-394102.appspot.com/o/PathImageFile%2Fartist-a3e230e4-c1bb-48a8-8069-d6e3792323fc-1725283096104.jpeg?alt=media&token=8b7556f7-9be9-4150-8a8f-7c4fe76d6f08', 'Tuấn Hưng', 0, 0, '', '1', ''),
	('artist-b29a1a00-42ee-4984-a16e-0c757b4cec78-1731984342688', 'artist-b29a1a00-42ee-4984-a16e-0c757b4cec78-1731984342688', '', 'artist', 'https://firebasestorage.googleapis.com/v0/b/supple-league-394102.appspot.com/o/PathImageFile%2Fartist-b29a1a00-42ee-4984-a16e-0c757b4cec78-1731984342688.jpeg?alt=media&token=0a6a6198-7ebd-4d7b-bfef-77694cee3ffb', 'Noo Phước Thịnh', 0, 0, '', '1', ''),
	('artist-b5f7bbc5-8a8d-425a-92d2-69c70e175a1f-1738551776320', 'artist-b5f7bbc5-8a8d-425a-92d2-69c70e175a1f-1738551776320', '', 'artist', 'https://firebasestorage.googleapis.com/v0/b/supple-league-394102.appspot.com/o/PathImageFile%2Fartist-b5f7bbc5-8a8d-425a-92d2-69c70e175a1f-1738551776320.webp?alt=media&token=780ed3e4-7aa1-4185-8074-0091303a54b0', 'Christine Welch', 0, 0, '', '1', ''),
	('artist-bca4ab76-29ad-48b0-a6bf-0afacb6c545c-1738491015170', 'artist-bca4ab76-29ad-48b0-a6bf-0afacb6c545c-1738491015170', '', 'artist', 'https://firebasestorage.googleapis.com/v0/b/supple-league-394102.appspot.com/o/PathImageFile%2Fartist-bca4ab76-29ad-48b0-a6bf-0afacb6c545c-1738491015170.webp?alt=media&token=3efb0194-2f77-4a47-a33d-625fb948933f', 'Âm Khuyết Thi Thính', 0, 0, '', '1', ''),
	('artist-bce49a0b-09fb-430f-8a0a-253ec877419f-1738672823180', 'artist-bce49a0b-09fb-430f-8a0a-253ec877419f-1738672823180', '', 'artist', 'https://firebasestorage.googleapis.com/v0/b/supple-league-394102.appspot.com/o/PathImageFile%2Fartist-bce49a0b-09fb-430f-8a0a-253ec877419f-1738672823180.webp?alt=media&token=01693cd1-d834-40f1-b56f-33fedcf7a5ef', 'Thanh Hưng', 0, 0, '', '1', ''),
	('artist-c07dcb4a-6dc6-40d8-ab80-d8058b56c6e7-1736004451431', 'artist-c07dcb4a-6dc6-40d8-ab80-d8058b56c6e7-1736004451431', '', 'artist', 'https://firebasestorage.googleapis.com/v0/b/supple-league-394102.appspot.com/o/PathImageFile%2Fartist-c07dcb4a-6dc6-40d8-ab80-d8058b56c6e7-1736004451431.jpeg?alt=media&token=175f108f-25ba-4ea9-aa66-094d4033072f', 'Mita', 0, 0, '', '1', ''),
	('artist-d71883a7-b621-4693-b9e8-062c144b4d45-1737797467978', 'artist-d71883a7-b621-4693-b9e8-062c144b4d45-1737797467978', '', 'artist', 'https://firebasestorage.googleapis.com/v0/b/supple-league-394102.appspot.com/o/PathImageFile%2Fartist-d71883a7-b621-4693-b9e8-062c144b4d45-1737797467978.webp?alt=media&token=22b6d78f-b0e7-4c57-8aff-0f02b5836abb', 'DatKaa', 0, 0, '', '1', ''),
	('artist-df5c4415-932c-4b69-98ca-740516b210cf-1737779637572', 'artist-df5c4415-932c-4b69-98ca-740516b210cf-1737779637572', '', 'artist', 'https://firebasestorage.googleapis.com/v0/b/supple-league-394102.appspot.com/o/PathImageFile%2Fartist-df5c4415-932c-4b69-98ca-740516b210cf-1737779637572.jpeg?alt=media&token=dd6362c5-7e26-40f8-bffd-e1deff58eeda', 'Phong Max', 0, 0, '', '1', ''),
	('artist-e3f078e5-f587-4c18-a790-424e6dd64487-1725455195688', 'artist-e3f078e5-f587-4c18-a790-424e6dd64487-1725455195688', '', 'artist', 'https://firebasestorage.googleapis.com/v0/b/supple-league-394102.appspot.com/o/PathImageFile%2Fartist-e3f078e5-f587-4c18-a790-424e6dd64487-1725455195688.jpeg?alt=media&token=b50c4a4c-75b7-4e25-94a3-cf9e562d4b02', 'Trung Tự', 0, 0, '', '1', ''),
	('artist-e5325c2e-4c74-4f23-a1fc-79de0b487f96-1738507126215', 'artist-e5325c2e-4c74-4f23-a1fc-79de0b487f96-1738507126215', '', 'artist', 'https://firebasestorage.googleapis.com/v0/b/supple-league-394102.appspot.com/o/PathImageFile%2Fartist-e5325c2e-4c74-4f23-a1fc-79de0b487f96-1738507126215.webp?alt=media&token=db75832b-6762-4f94-bb7b-c56842fe0292', 'Triệu Phương Tịnh', 0, 0, '', '1', ''),
	('artist-e9a1e896-ecc4-4adc-9f5e-2cd107fb1ed4', 'artist-e9a1e896-ecc4-4adc-9f5e-2cd107fb1ed4', '', 'artist', 'https://firebasestorage.googleapis.com/v0/b/supple-league-394102.appspot.com/o/PathImageFile%2Fartist-e9a1e896-ecc4-4adc-9f5e-2cd107fb1ed4.jpeg?alt=media&token=1f9581ea-6195-4d6d-8cba-685b7896feb3', 'Fairy Tail', 0, 0, '0', '1', ''),
	('artist-ea7319fc-a892-4526-a664-0347f2302ed6-1738549115228', 'artist-ea7319fc-a892-4526-a664-0347f2302ed6-1738549115228', '', 'artist', 'https://firebasestorage.googleapis.com/v0/b/supple-league-394102.appspot.com/o/PathImageFile%2Fartist-ea7319fc-a892-4526-a664-0347f2302ed6-1738549115228.webp?alt=media&token=350a90c0-4cb4-42b8-a104-851b4ee8564d', 'Mộng Nhiên', 0, 0, '', '1', ''),
	('artist-ea7399e9-d854-426d-b4ca-dc2644b88a74-1723107672710', 'artist-ea7399e9-d854-426d-b4ca-dc2644b88a74-1723107672710', '', 'artist', 'https://firebasestorage.googleapis.com/v0/b/supple-league-394102.appspot.com/o/PathImageFile%2Fartist-ea7399e9-d854-426d-b4ca-dc2644b88a74-1723107672710.jpeg?alt=media&token=3abc6c4d-6395-4acc-b0bf-3bcf4d985560', 'Only C', 0, 0, '', '1', ''),
	('artist-eb91aa80-3869-430d-9810-dd12344779ed-1738071857142', 'artist-eb91aa80-3869-430d-9810-dd12344779ed-1738071857142', '', 'artist', 'https://firebasestorage.googleapis.com/v0/b/supple-league-394102.appspot.com/o/PathImageFile%2Fartist-eb91aa80-3869-430d-9810-dd12344779ed-1738071857142.webp?alt=media&token=8069a3dd-d46a-4402-9e0f-512a31ea8a0b', 'DEAMN', 0, 0, '', '1', ''),
	('artist-ee6b7fbc-e072-4a33-9e03-887fc1f82008-1725286552482', 'artist-ee6b7fbc-e072-4a33-9e03-887fc1f82008-1725286552482', '', 'artist', 'https://firebasestorage.googleapis.com/v0/b/supple-league-394102.appspot.com/o/PathImageFile%2Fartist-ee6b7fbc-e072-4a33-9e03-887fc1f82008-1725286552482.jpeg?alt=media&token=428230f6-5a70-43cf-89af-197dd028aeee', 'Trịnh Thăng Bình', 0, 0, '', '1', ''),
	('artist-efd0f20b-ea67-45e9-a76d-9118dc6f0588-1738547135616', 'artist-efd0f20b-ea67-45e9-a76d-9118dc6f0588-1738547135616', '', 'artist', 'https://firebasestorage.googleapis.com/v0/b/supple-league-394102.appspot.com/o/PathImageFile%2Fartist-efd0f20b-ea67-45e9-a76d-9118dc6f0588-1738547135616.webp?alt=media&token=4eda9677-bdb9-4a31-898e-ab8fe4a6eb9e', 'Hoa Chúc', 0, 0, '', '1', ''),
	('artist-f4cee228-4fc9-4014-a0c8-5151397bb463-1732030044782', 'artist-f4cee228-4fc9-4014-a0c8-5151397bb463-1732030044782', '', 'artist', 'https://firebasestorage.googleapis.com/v0/b/supple-league-394102.appspot.com/o/PathImageFile%2Fartist-f4cee228-4fc9-4014-a0c8-5151397bb463-1732030044782.jpeg?alt=media&token=84c63b13-8cda-48a4-b422-44799ff11a85', 'Jack-J97', 0, 0, '', '1', ''),
	('artist-f7098c96-6699-4646-be45-717b445672dd-1732026661111', 'artist-f7098c96-6699-4646-be45-717b445672dd-1732026661111', '', 'artist', 'https://firebasestorage.googleapis.com/v0/b/supple-league-394102.appspot.com/o/PathImageFile%2Fartist-f7098c96-6699-4646-be45-717b445672dd-1732026661111.jpeg?alt=media&token=36153d7f-d120-4696-a818-3251a4c55313', 'K ICM', 0, 0, '', '1', ''),
	('artist-fd1ff219-ee15-45ff-baa5-316e29bd8998-1723110503718', 'artist-fd1ff219-ee15-45ff-baa5-316e29bd8998-1723110503718', '', 'artist', 'https://firebasestorage.googleapis.com/v0/b/supple-league-394102.appspot.com/o/PathImageFile%2Fartist-fd1ff219-ee15-45ff-baa5-316e29bd8998-1723110503718.jpeg?alt=media&token=4fdf0a36-5eae-47fa-b260-26ebbc373731', 'Karik', 0, 0, '', '1', ''),
	('artist-fe79e6f5-1ebe-4223-9b00-3e00c16af0bd', 'artist-fe79e6f5-1ebe-4223-9b00-3e00c16af0bd', '', 'artist', 'https://firebasestorage.googleapis.com/v0/b/supple-league-394102.appspot.com/o/PathImageFile%2Fartist-fe79e6f5-1ebe-4223-9b00-3e00c16af0bd.jpeg?alt=media&token=3bc37096-30bb-40ef-9a66-4f3097dcdd39', 'Erik', 0, 0, '', '1', ''),
	('cf345c59-5079-452e-b1de-c829f774e7f2', 'admine88e7421-a0d4-48f2-a221-b30cfc54a7dc]', 'b30d08cd-d161-4cf7-ab92-bd445d212896', 'playlist', '/public/playlist/playlist-avatar-1711982014513-407478995.jpeg', 'Best of V-Pop Không Thể Thiếu 2023', 0, 34, '0', '1', ''),
	('playlist-26f3f59e-5ca8-47e0-adbd-118aaf949524', 'admine88e7421-a0d4-48f2-a221-b30cfc54a7dc]', '793a3d53-6b8b-4d67-96e4-1b4d225f5855', 'playlist', 'https://firebasestorage.googleapis.com/v0/b/supple-league-394102.appspot.com/o/playlist%2Fplaylist-26f3f59e-5ca8-47e0-adbd-118aaf949524.jpeg?alt=media&token=0c72bd83-5ae7-4952-ab17-cdbaf75bae2e', 'Nhạc Edm Hay', 0, 16, '', '1', ''),
	('playlist-8b21fea4-2a13-47d4-81a1-6b224cd3f48f', 'admine88e7421-a0d4-48f2-a221-b30cfc54a7dc]', 'ddfe136e-98ac-4b49-9d1f-076c46615670', 'playlist', 'https://firebasestorage.googleapis.com/v0/b/supple-league-394102.appspot.com/o/playlist%2Fplaylist-8b21fea4-2a13-47d4-81a1-6b224cd3f48f.jpeg?alt=media&token=c1a9a101-e931-4aef-9738-b64b5de60a49', 'Các bài hát buồn', 0, 16, '', '1', ''),
	('playlist-aa7168a0-91c0-48e6-8c50-ced18ebac3d6', 'admine88e7421-a0d4-48f2-a221-b30cfc54a7dc]', 'c2c8e9b7-b5c0-47b9-a990-348e803a9058', 'playlist', 'https://firebasestorage.googleapis.com/v0/b/supple-league-394102.appspot.com/o/playlist%2Fplaylist-aa7168a0-91c0-48e6-8c50-ced18ebac3d6.jpeg?alt=media&token=a9ad5a5a-ae47-4738-ab19-4022318d8a69', 'Thất tình nghe gì', 0, 13, '', '', ''),
	('playlist-e0f190a6-4eae-4fc9-ba42-d6be45eae263', 'c9a79c22-8546-4540-8d16-92c01c4a6a23', '', 'person', '', 'My Playlist', 0, 0, '', '', ''),
	('playlist-efce5e71-5c78-4d2a-a5a6-f480661c6055', 'admine88e7421-a0d4-48f2-a221-b30cfc54a7dc]', '450b9e50-3d98-4aef-aff3-a70a9d407f96', 'playlist', 'https://firebasestorage.googleapis.com/v0/b/supple-league-394102.appspot.com/o/playlist%2Fplaylist-efce5e71-5c78-4d2a-a5a6-f480661c6055.jpeg?alt=media&token=b6218d14-08e0-4f05-b905-626f0d5b9439', 'Nhạc trung', 0, 22, '', '', ''),
	('user-f251a07e-7465-477b-9fa6-ee0a9f85c52d-1723366291936', 'user-f251a07e-7465-477b-9fa6-ee0a9f85c52d-1723366291936', '', 'artist', 'https://lh3.googleusercontent.com/a/ACg8ocLLzhOFABIwe28HYPqdWTlLJ1K_MroTPqia3pvuV1HWrkrI=s96-c', 'khang hai', 0, 0, '', '0', '');

-- Dumping structure for table defaultdb.playlistlikes
CREATE TABLE IF NOT EXISTS `playlistlikes` (
  `User_ID` varchar(100) COLLATE utf8mb4_vietnamese_ci NOT NULL,
  `PlayList_id` varchar(100) COLLATE utf8mb4_vietnamese_ci NOT NULL,
  UNIQUE KEY `User_Playlistlike` (`User_ID`,`PlayList_id`) USING BTREE
) ENGINE=InnoDB DEFAULT CHARSET=utf8mb4 COLLATE=utf8mb4_vietnamese_ci;

-- Dumping data for table defaultdb.playlistlikes: ~17 rows (approximately)
INSERT INTO `playlistlikes` (`User_ID`, `PlayList_id`) VALUES
	('admine88e7421-a0d4-48f2-a221-b30cfc54a7dc]', 'playlist-26f3f59e-5ca8-47e0-adbd-118aaf949524'),
	('c9a79c22-8546-4540-8d16-92c01c4a6a23', 'artist-566a4f2a-83f4-4ad1-a550-1b52091a8bf2'),
	('c9a79c22-8546-4540-8d16-92c01c4a6a23', 'artist-717aba39-8501-41c1-8a26-8f68c4b282e3-1725186015160'),
	('c9a79c22-8546-4540-8d16-92c01c4a6a23', 'artist-e9a1e896-ecc4-4adc-9f5e-2cd107fb1ed4'),
	('c9a79c22-8546-4540-8d16-92c01c4a6a23', 'artist-ee6b7fbc-e072-4a33-9e03-887fc1f82008-1725286552482'),
	('c9a79c22-8546-4540-8d16-92c01c4a6a23', 'artist-f4cee228-4fc9-4014-a0c8-5151397bb463-1732030044782'),
	('c9a79c22-8546-4540-8d16-92c01c4a6a23', 'playlist-e0f190a6-4eae-4fc9-ba42-d6be45eae263');

-- Dumping structure for table defaultdb.recentplaylist
CREATE TABLE IF NOT EXISTS `recentplaylist` (
  `User_ID` varchar(100) COLLATE utf8mb4_vietnamese_ci NOT NULL,
  `ID` varchar(100) COLLATE utf8mb4_vietnamese_ci NOT NULL,
  `CreateTime` datetime NOT NULL DEFAULT CURRENT_TIMESTAMP,
  KEY `User_ID` (`User_ID`,`ID`)
) ENGINE=InnoDB DEFAULT CHARSET=utf8mb4 COLLATE=utf8mb4_vietnamese_ci;

-- Dumping data for table defaultdb.recentplaylist: ~19 rows (approximately)
INSERT INTO `recentplaylist` (`User_ID`, `ID`, `CreateTime`) VALUES
	('c9a79c22-8546-4540-8d16-92c01c4a6a23', '12a2b6d1-9684-4ffd-8b26-f593ad302ca7', '2024-12-23 04:19:08'),
	('c9a79c22-8546-4540-8d16-92c01c4a6a23', '8f23b4e3-85f2-48ef-a865-9797a7100862', '2024-12-23 04:19:20'),
	('c9a79c22-8546-4540-8d16-92c01c4a6a23', 'artist-0a9a1230-3eae-4275-90e2-4f38ba44a6d9', '2024-12-23 04:19:27'),
	('c9a79c22-8546-4540-8d16-92c01c4a6a23', 'artist-13c5ddd7-222b-45d5-8260-3c62ce646e01-1732718402757', '2024-12-23 04:19:32'),
	('c9a79c22-8546-4540-8d16-92c01c4a6a23', 'artist-4f2455ed-cadd-476b-b4c2-1663891c933a-1734273911958', '2024-12-23 04:19:46'),
	('c9a79c22-8546-4540-8d16-92c01c4a6a23', '42a9314d-5f14-4786-88ab-604359aa75e1', '2024-12-23 04:20:10'),
	('admine88e7421-a0d4-48f2-a221-b30cfc54a7dc]', 'artist-4f2455ed-cadd-476b-b4c2-1663891c933a-1734273911958', '2025-01-02 12:51:01'),
	('admine88e7421-a0d4-48f2-a221-b30cfc54a7dc]', 'cf345c59-5079-452e-b1de-c829f774e7f2', '2025-01-05 02:12:02'),
	('c9a79c22-8546-4540-8d16-92c01c4a6a23', 'artist-f4cee228-4fc9-4014-a0c8-5151397bb463-1732030044782', '2025-01-05 07:31:16'),
	('c9a79c22-8546-4540-8d16-92c01c4a6a23', '51925ca6-74c6-418d-9273-793061b05aa6', '2025-01-06 09:05:35'),
	('admine88e7421-a0d4-48f2-a221-b30cfc54a7dc]', 'artist-13c5ddd7-222b-45d5-8260-3c62ce646e01-1732718402757', '2025-01-25 04:06:57'),
	('admine88e7421-a0d4-48f2-a221-b30cfc54a7dc]', '51925ca6-74c6-418d-9273-793061b05aa6', '2025-01-26 08:33:47'),
	('admine88e7421-a0d4-48f2-a221-b30cfc54a7dc]', 'artist-717aba39-8501-41c1-8a26-8f68c4b282e3-1725186015160', '2025-01-26 14:42:44'),
	('admine88e7421-a0d4-48f2-a221-b30cfc54a7dc]', 'artist-1456b930-ad22-4f4f-a140-513ac23c8ad5-1738073625853', '2025-01-29 04:48:22'),
	('admine88e7421-a0d4-48f2-a221-b30cfc54a7dc]', 'playlist-26f3f59e-5ca8-47e0-adbd-118aaf949524', '2025-01-29 08:30:50'),
	('c9a79c22-8546-4540-8d16-92c01c4a6a23', 'playlist-26f3f59e-5ca8-47e0-adbd-118aaf949524', '2025-02-02 03:48:48'),
	('admine88e7421-a0d4-48f2-a221-b30cfc54a7dc]', 'playlist-efce5e71-5c78-4d2a-a5a6-f480661c6055', '2025-02-03 03:17:47'),
	('admine88e7421-a0d4-48f2-a221-b30cfc54a7dc]', 'artist-d71883a7-b621-4693-b9e8-062c144b4d45-1737797467978', '2025-02-03 09:39:12'),
	('c9a79c22-8546-4540-8d16-92c01c4a6a23', 'playlist-efce5e71-5c78-4d2a-a5a6-f480661c6055', '2025-02-03 15:18:28'),
	('c9a79c22-8546-4540-8d16-92c01c4a6a23', 'artist-b29a1a00-42ee-4984-a16e-0c757b4cec78-1731984342688', '2025-02-04 10:47:32');

-- Dumping structure for table defaultdb.recentsong
CREATE TABLE IF NOT EXISTS "recentsong" (
  "user_id" varchar(100) COLLATE utf8mb4_vietnamese_ci NOT NULL,
  "Id" varchar(100) COLLATE utf8mb4_vietnamese_ci NOT NULL,
  "Time" datetime NOT NULL DEFAULT CURRENT_TIMESTAMP,
  KEY "user_id" ("user_id","Id")
);

-- Dumping data for table defaultdb.recentsong: ~713 rows (approximately)
INSERT INTO `recentsong` (`user_id`, `Id`, `Time`) VALUES
	('admine88e7421-a0d4-48f2-a221-b30cfc54a7dc]', 'song-784d02fa-dc31-4c2f-9627-820889482e80', '2024-11-15 15:31:23'),
	('c9a79c22-8546-4540-8d16-92c01c4a6a23', 'song-94abb065-3617-49a5-96cd-7688733c5472', '2024-11-15 15:35:04'),
	('c9a79c22-8546-4540-8d16-92c01c4a6a23', 'song-19da69ea-95be-4cbe-bd44-f478d351f3a2', '2024-11-15 15:36:09'),
	('c9a79c22-8546-4540-8d16-92c01c4a6a23', 'song-0872b219-c9e9-40be-b5ca-2243067fc5f2', '2024-11-16 01:43:38'),
	('c9a79c22-8546-4540-8d16-92c01c4a6a23', 'song-d2ba7c4e-e4b2-440a-8252-a7a488ac5439', '2024-11-16 01:47:08'),
	('c9a79c22-8546-4540-8d16-92c01c4a6a23', 'song-f4381e2c-c4a5-4c1d-bf4c-dd4f03aef3de', '2024-11-16 01:47:45'),
	('c9a79c22-8546-4540-8d16-92c01c4a6a23', 'song-19da69ea-95be-4cbe-bd44-f478d351f3a2', '2024-11-16 01:53:32'),
	('c9a79c22-8546-4540-8d16-92c01c4a6a23', 'song-f4381e2c-c4a5-4c1d-bf4c-dd4f03aef3de', '2024-11-16 01:53:50'),
	('c9a79c22-8546-4540-8d16-92c01c4a6a23', 'song-94abb065-3617-49a5-96cd-7688733c5472', '2024-11-16 09:22:22'),
	('c9a79c22-8546-4540-8d16-92c01c4a6a23', 'song-19da69ea-95be-4cbe-bd44-f478d351f3a2', '2024-11-16 09:24:09'),
	('c9a79c22-8546-4540-8d16-92c01c4a6a23', 'song-94abb065-3617-49a5-96cd-7688733c5472', '2024-11-16 09:24:20'),
	('c9a79c22-8546-4540-8d16-92c01c4a6a23', 'song-945e2d3b-1652-4fb3-970a-c36ce43282bc', '2024-11-16 09:27:49'),
	('c9a79c22-8546-4540-8d16-92c01c4a6a23', 'song-19da69ea-95be-4cbe-bd44-f478d351f3a2', '2024-11-16 09:31:57'),
	('c9a79c22-8546-4540-8d16-92c01c4a6a23', 'song-f4381e2c-c4a5-4c1d-bf4c-dd4f03aef3de', '2024-11-16 09:37:20'),
	('c9a79c22-8546-4540-8d16-92c01c4a6a23', 'song-19da69ea-95be-4cbe-bd44-f478d351f3a2', '2024-11-17 08:44:50'),
	('c9a79c22-8546-4540-8d16-92c01c4a6a23', 'song-f4381e2c-c4a5-4c1d-bf4c-dd4f03aef3de', '2024-11-17 08:44:50'),
	('c9a79c22-8546-4540-8d16-92c01c4a6a23', 'song-d2ba7c4e-e4b2-440a-8252-a7a488ac5439', '2024-11-17 08:49:24'),
	('c9a79c22-8546-4540-8d16-92c01c4a6a23', 'song-945e2d3b-1652-4fb3-970a-c36ce43282bc', '2024-11-17 08:53:28'),
	('c9a79c22-8546-4540-8d16-92c01c4a6a23', 'song-94abb065-3617-49a5-96cd-7688733c5472', '2024-11-17 08:57:36'),
	('c9a79c22-8546-4540-8d16-92c01c4a6a23', 'song-878cd831-fdb8-4623-9305-fabbb69395ca', '2024-11-17 09:01:04'),
	('c9a79c22-8546-4540-8d16-92c01c4a6a23', 'song-43b4a4c4-4b1e-4293-a800-e8cd18008028', '2024-11-17 09:04:40'),
	('c9a79c22-8546-4540-8d16-92c01c4a6a23', 'song-f4381e2c-c4a5-4c1d-bf4c-dd4f03aef3de', '2024-11-17 09:07:55'),
	('c9a79c22-8546-4540-8d16-92c01c4a6a23', 'song-19da69ea-95be-4cbe-bd44-f478d351f3a2', '2024-11-17 09:12:32'),
	('c9a79c22-8546-4540-8d16-92c01c4a6a23', 'song-c6240124-3a3b-446c-ad72-96beb41c4506', '2024-11-17 09:12:53'),
	('c9a79c22-8546-4540-8d16-92c01c4a6a23', 'song-36d7e699-f13e-4746-93ba-0755345cb06d', '2024-11-17 09:16:46'),
	('c9a79c22-8546-4540-8d16-92c01c4a6a23', 'song-600838b4-efcc-40ae-86ae-8f3aa108d08b', '2024-11-18 14:53:34'),
	('c9a79c22-8546-4540-8d16-92c01c4a6a23', 'ef9012fd-f635-49b5-918b-874c806a6b40', '2024-11-18 14:53:41'),
	('c9a79c22-8546-4540-8d16-92c01c4a6a23', 'song-9c4ca4f2-5085-409c-a413-5c30d4f042ad', '2024-11-18 14:53:50'),
	('c9a79c22-8546-4540-8d16-92c01c4a6a23', 'song-19da69ea-95be-4cbe-bd44-f478d351f3a2', '2024-11-18 14:59:49'),
	('admine88e7421-a0d4-48f2-a221-b30cfc54a7dc]', 'song-19da69ea-95be-4cbe-bd44-f478d351f3a2', '2024-11-18 14:59:58'),
	('admine88e7421-a0d4-48f2-a221-b30cfc54a7dc]', 'song-784d02fa-dc31-4c2f-9627-820889482e80', '2024-11-18 15:50:42'),
	('admine88e7421-a0d4-48f2-a221-b30cfc54a7dc]', 'song-edc5de55-7c18-4782-8e38-b641a50a2994', '2024-11-18 15:50:48'),
	('admine88e7421-a0d4-48f2-a221-b30cfc54a7dc]', 'song-19da69ea-95be-4cbe-bd44-f478d351f3a2', '2024-11-18 15:52:23'),
	('admine88e7421-a0d4-48f2-a221-b30cfc54a7dc]', 'song-bcf47a3b-57eb-49b7-a956-690e71381328', '2024-11-18 16:08:31'),
	('c9a79c22-8546-4540-8d16-92c01c4a6a23', 'song-9c4ca4f2-5085-409c-a413-5c30d4f042ad', '2024-11-19 02:35:11'),
	('admine88e7421-a0d4-48f2-a221-b30cfc54a7dc]', 'song-9c4ca4f2-5085-409c-a413-5c30d4f042ad', '2024-11-19 02:38:18'),
	('admine88e7421-a0d4-48f2-a221-b30cfc54a7dc]', 'song-0be4bfaf-2c6d-4aa7-bc41-52958c1234cd', '2024-11-19 03:28:46'),
	('admine88e7421-a0d4-48f2-a221-b30cfc54a7dc]', 'song-f6d98097-3555-4a83-9838-84cbae4a3bd3', '2024-11-19 03:35:33'),
	('admine88e7421-a0d4-48f2-a221-b30cfc54a7dc]', 'song-1d7422a0-38e9-4d54-ba74-df0dc415cd61', '2024-11-19 03:52:32'),
	('admine88e7421-a0d4-48f2-a221-b30cfc54a7dc]', 'song-bdc3f005-cad3-438d-97cf-475a01c5cae6', '2024-11-19 03:53:25'),
	('admine88e7421-a0d4-48f2-a221-b30cfc54a7dc]', 'song-8bbae5ba-093b-47c1-9a4d-9fddc39eeecb', '2024-11-19 04:12:11'),
	('admine88e7421-a0d4-48f2-a221-b30cfc54a7dc]', 'song-b987433e-b777-40c4-8e84-edf3dca11b64', '2024-11-19 04:12:47'),
	('admine88e7421-a0d4-48f2-a221-b30cfc54a7dc]', 'song-5d078f4a-08dd-4d12-b1ec-57c70e19ac27', '2024-11-19 04:13:13'),
	('admine88e7421-a0d4-48f2-a221-b30cfc54a7dc]', 'song-f6d98097-3555-4a83-9838-84cbae4a3bd3', '2024-11-19 14:36:08'),
	('admine88e7421-a0d4-48f2-a221-b30cfc54a7dc]', 'song-d8c79f22-4584-4a13-bb20-b8820064e135', '2024-11-19 15:32:37'),
	('admine88e7421-a0d4-48f2-a221-b30cfc54a7dc]', 'song-27b04085-ddac-46f4-ba90-b5269a6b12c1', '2024-11-19 15:37:07'),
	('admine88e7421-a0d4-48f2-a221-b30cfc54a7dc]', 'song-f6d98097-3555-4a83-9838-84cbae4a3bd3', '2024-11-19 15:37:49'),
	('admine88e7421-a0d4-48f2-a221-b30cfc54a7dc]', 'song-27b04085-ddac-46f4-ba90-b5269a6b12c1', '2024-11-19 15:38:19'),
	('admine88e7421-a0d4-48f2-a221-b30cfc54a7dc]', 'song-bcf47a3b-57eb-49b7-a956-690e71381328', '2024-11-19 15:39:47'),
	('admine88e7421-a0d4-48f2-a221-b30cfc54a7dc]', 'song-bcf47a3b-57eb-49b7-a956-690e71381328', '2024-11-19 15:40:50'),
	('admine88e7421-a0d4-48f2-a221-b30cfc54a7dc]', 'e17363fa-82d8-4ca4-8dee-ce1b62bcf995', '2024-11-20 01:50:41'),
	('admine88e7421-a0d4-48f2-a221-b30cfc54a7dc]', 'song-27b04085-ddac-46f4-ba90-b5269a6b12c1', '2024-11-20 01:50:49'),
	('admine88e7421-a0d4-48f2-a221-b30cfc54a7dc]', 'song-34070b1c-5232-4543-b271-772926aa0c5b', '2024-11-20 02:05:51'),
	('admine88e7421-a0d4-48f2-a221-b30cfc54a7dc]', 'song-27b04085-ddac-46f4-ba90-b5269a6b12c1', '2024-11-20 02:06:56'),
	('admine88e7421-a0d4-48f2-a221-b30cfc54a7dc]', 'song-34070b1c-5232-4543-b271-772926aa0c5b', '2024-11-20 02:07:05'),
	('admine88e7421-a0d4-48f2-a221-b30cfc54a7dc]', 'song-ba3c4b4d-a3f8-446a-8697-6d4179af49c4', '2024-11-20 02:35:41'),
	('admine88e7421-a0d4-48f2-a221-b30cfc54a7dc]', 'song-5d887b87-81e8-4604-a529-b0a732b60c2d', '2024-11-20 02:39:15'),
	('admine88e7421-a0d4-48f2-a221-b30cfc54a7dc]', 'song-ea417cc6-bf0e-4c36-bfc9-7d0d4ea9995c', '2024-11-20 02:47:55'),
	('admine88e7421-a0d4-48f2-a221-b30cfc54a7dc]', 'song-d2e32bb6-21c9-488d-91bb-7553c0302dc8', '2024-11-20 02:52:22'),
	('admine88e7421-a0d4-48f2-a221-b30cfc54a7dc]', 'song-543c046f-5a09-4016-970d-64bc63f17110', '2024-11-20 02:56:11'),
	('admine88e7421-a0d4-48f2-a221-b30cfc54a7dc]', 'song-65ab71c0-895c-43ce-8af2-14b4670f10ca', '2024-11-20 02:59:42'),
	('admine88e7421-a0d4-48f2-a221-b30cfc54a7dc]', 'song-1018dc51-23e5-4e5f-934b-9d0c9de55105', '2024-11-20 03:04:05'),
	('admine88e7421-a0d4-48f2-a221-b30cfc54a7dc]', 'song-34070b1c-5232-4543-b271-772926aa0c5b', '2024-11-20 03:04:30'),
	('admine88e7421-a0d4-48f2-a221-b30cfc54a7dc]', 'song-4763e94c-76a4-40c2-a478-4ff14713cb11', '2024-11-20 03:08:17'),
	('admine88e7421-a0d4-48f2-a221-b30cfc54a7dc]', 'song-34070b1c-5232-4543-b271-772926aa0c5b', '2024-11-20 03:22:12'),
	('c9a79c22-8546-4540-8d16-92c01c4a6a23', 'song-34070b1c-5232-4543-b271-772926aa0c5b', '2024-11-20 07:32:53'),
	('c9a79c22-8546-4540-8d16-92c01c4a6a23', 'song-600838b4-efcc-40ae-86ae-8f3aa108d08b', '2024-11-20 14:18:18'),
	('admine88e7421-a0d4-48f2-a221-b30cfc54a7dc]', 'song-280a098a-240e-443d-b58f-b7d5cd3c660f', '2024-11-20 14:31:45'),
	('admine88e7421-a0d4-48f2-a221-b30cfc54a7dc]', 'song-edc5de55-7c18-4782-8e38-b641a50a2994', '2024-11-20 14:32:38'),
	('admine88e7421-a0d4-48f2-a221-b30cfc54a7dc]', 'song-27b04085-ddac-46f4-ba90-b5269a6b12c1', '2024-11-20 14:38:36'),
	('admine88e7421-a0d4-48f2-a221-b30cfc54a7dc]', 'song-edc5de55-7c18-4782-8e38-b641a50a2994', '2024-11-20 14:40:04'),
	('admine88e7421-a0d4-48f2-a221-b30cfc54a7dc]', 'song-280a098a-240e-443d-b58f-b7d5cd3c660f', '2024-11-20 14:47:27'),
	('admine88e7421-a0d4-48f2-a221-b30cfc54a7dc]', 'song-280a098a-240e-443d-b58f-b7d5cd3c660f', '2024-11-20 14:52:09'),
	('admine88e7421-a0d4-48f2-a221-b30cfc54a7dc]', 'song-784d02fa-dc31-4c2f-9627-820889482e80', '2024-11-20 14:52:20'),
	('admine88e7421-a0d4-48f2-a221-b30cfc54a7dc]', 'song-4b8528bb-d89a-4613-be22-412fabe6bde8', '2024-11-20 14:54:29'),
	('admine88e7421-a0d4-48f2-a221-b30cfc54a7dc]', 'song-27b04085-ddac-46f4-ba90-b5269a6b12c1', '2024-11-20 15:31:22'),
	('admine88e7421-a0d4-48f2-a221-b30cfc54a7dc]', 'song-4b8528bb-d89a-4613-be22-412fabe6bde8', '2024-11-20 15:32:02'),
	('c9a79c22-8546-4540-8d16-92c01c4a6a23', 'song-27b04085-ddac-46f4-ba90-b5269a6b12c1', '2024-11-21 04:21:13'),
	('c9a79c22-8546-4540-8d16-92c01c4a6a23', '381b6b5e-305f-4cbc-a3bf-7707147c8804', '2024-11-21 09:10:00'),
	('admine88e7421-a0d4-48f2-a221-b30cfc54a7dc]', 'song-27b04085-ddac-46f4-ba90-b5269a6b12c1', '2024-11-21 09:20:31'),
	('c9a79c22-8546-4540-8d16-92c01c4a6a23', 'song-d5929fd7-3621-4b43-828c-ebfe89618c21', '2024-11-21 15:16:56'),
	('c9a79c22-8546-4540-8d16-92c01c4a6a23', 'song-09bf528d-f36d-4092-a0c1-30ce3c75c133', '2024-11-21 15:20:36'),
	('c9a79c22-8546-4540-8d16-92c01c4a6a23', 'song-49722cde-1ea6-4e7f-b552-b45ccc6a9f11', '2024-11-22 09:45:36'),
	('admine88e7421-a0d4-48f2-a221-b30cfc54a7dc]', 'song-adeb55be-b424-4d06-ae95-5cf58c62806e', '2024-11-22 09:56:41'),
	('admine88e7421-a0d4-48f2-a221-b30cfc54a7dc]', 'song-1fb9c6d4-3844-4772-972e-b8b918829202', '2024-11-22 10:13:38'),
	('admine88e7421-a0d4-48f2-a221-b30cfc54a7dc]', 'song-4055a30d-96e1-488a-8ad7-adacc3b155d5', '2024-11-22 10:18:04'),
	('c9a79c22-8546-4540-8d16-92c01c4a6a23', 'f6e0a637-d439-49d2-b720-edb8f9c750f5', '2024-11-22 12:57:55'),
	('c9a79c22-8546-4540-8d16-92c01c4a6a23', 'e17363fa-82d8-4ca4-8dee-ce1b62bcf995', '2024-11-22 13:03:30'),
	('c9a79c22-8546-4540-8d16-92c01c4a6a23', 'song-19da69ea-95be-4cbe-bd44-f478d351f3a2', '2024-11-22 13:07:14'),
	('c9a79c22-8546-4540-8d16-92c01c4a6a23', 'song-c7bf148f-c85e-47ad-88ef-e44ed8bd7a27', '2024-11-22 13:07:14'),
	('c9a79c22-8546-4540-8d16-92c01c4a6a23', 'song-4f1658fb-0766-49b0-bd17-2706ced368e0', '2024-11-22 13:10:46'),
	('c9a79c22-8546-4540-8d16-92c01c4a6a23', 'song-3099d47b-0ff1-44cd-a46c-616d206f0292', '2024-11-22 13:15:42'),
	('c9a79c22-8546-4540-8d16-92c01c4a6a23', 'song-c6240124-3a3b-446c-ad72-96beb41c4506', '2024-11-22 13:19:35'),
	('c9a79c22-8546-4540-8d16-92c01c4a6a23', 'song-3099d47b-0ff1-44cd-a46c-616d206f0292', '2024-11-22 13:23:46'),
	('c9a79c22-8546-4540-8d16-92c01c4a6a23', 'f6e0a637-d439-49d2-b720-edb8f9c750f5', '2024-11-22 13:27:38'),
	('c9a79c22-8546-4540-8d16-92c01c4a6a23', 'song-5c3b562d-bf3c-490c-a8c1-c119294e2820', '2024-11-22 13:33:07'),
	('c9a79c22-8546-4540-8d16-92c01c4a6a23', 'song-45f37a25-fa22-4234-99c1-eebf02c5c6f4', '2024-11-22 13:33:07'),
	('c9a79c22-8546-4540-8d16-92c01c4a6a23', 'song-ab7da2ba-6079-434b-96b1-7742eb40c7d7', '2024-11-22 13:35:23'),
	('c9a79c22-8546-4540-8d16-92c01c4a6a23', 'song-600838b4-efcc-40ae-86ae-8f3aa108d08b', '2024-11-22 13:39:23'),
	('c9a79c22-8546-4540-8d16-92c01c4a6a23', 'song-36d7e699-f13e-4746-93ba-0755345cb06d', '2024-11-22 13:39:23'),
	('c9a79c22-8546-4540-8d16-92c01c4a6a23', '381b6b5e-305f-4cbc-a3bf-7707147c8804', '2024-11-23 02:41:08'),
	('c9a79c22-8546-4540-8d16-92c01c4a6a23', 'song-b769ab3f-f2bd-4c23-a41a-ec3f99e9f4dc', '2024-11-23 02:44:38'),
	('c9a79c22-8546-4540-8d16-92c01c4a6a23', 'song-aac27eea-cbc1-4031-be26-b0e0d5e6a25f', '2024-11-23 02:48:32'),
	('c9a79c22-8546-4540-8d16-92c01c4a6a23', 'song-d2e32bb6-21c9-488d-91bb-7553c0302dc8', '2024-11-23 02:53:37'),
	('c9a79c22-8546-4540-8d16-92c01c4a6a23', 'song-edc5de55-7c18-4782-8e38-b641a50a2994', '2024-11-23 02:57:55'),
	('c9a79c22-8546-4540-8d16-92c01c4a6a23', 'song-9c4ca4f2-5085-409c-a413-5c30d4f042ad', '2024-11-23 03:01:55'),
	('c9a79c22-8546-4540-8d16-92c01c4a6a23', 'song-09bf528d-f36d-4092-a0c1-30ce3c75c133', '2024-11-23 03:01:55'),
	('c9a79c22-8546-4540-8d16-92c01c4a6a23', 'song-b987433e-b777-40c4-8e84-edf3dca11b64', '2024-11-23 03:05:49'),
	('c9a79c22-8546-4540-8d16-92c01c4a6a23', 'song-0be4bfaf-2c6d-4aa7-bc41-52958c1234cd', '2024-11-23 03:05:49'),
	('c9a79c22-8546-4540-8d16-92c01c4a6a23', 'song-c7bf148f-c85e-47ad-88ef-e44ed8bd7a27', '2024-11-23 03:10:45'),
	('c9a79c22-8546-4540-8d16-92c01c4a6a23', 'song-3a759e1a-3432-4f0d-9fc2-c5c86c733259', '2024-11-23 03:14:58'),
	('c9a79c22-8546-4540-8d16-92c01c4a6a23', 'song-37999a9e-3ca8-4346-b4ba-d6e256e8ffb5', '2024-11-23 03:19:56'),
	('c9a79c22-8546-4540-8d16-92c01c4a6a23', 'song-5c3b562d-bf3c-490c-a8c1-c119294e2820', '2024-11-23 03:24:32'),
	('c9a79c22-8546-4540-8d16-92c01c4a6a23', 'song-f4381e2c-c4a5-4c1d-bf4c-dd4f03aef3de', '2024-11-23 03:26:49'),
	('c9a79c22-8546-4540-8d16-92c01c4a6a23', '381b6b5e-305f-4cbc-a3bf-7707147c8804', '2024-11-23 03:30:43'),
	('c9a79c22-8546-4540-8d16-92c01c4a6a23', 'song-33790516-d0c7-4535-8865-d18949565652', '2024-11-23 03:31:13'),
	('c9a79c22-8546-4540-8d16-92c01c4a6a23', 'song-3099d47b-0ff1-44cd-a46c-616d206f0292', '2024-11-23 03:35:40'),
	('c9a79c22-8546-4540-8d16-92c01c4a6a23', 'song-65ab71c0-895c-43ce-8af2-14b4670f10ca', '2024-11-23 03:39:32'),
	('c9a79c22-8546-4540-8d16-92c01c4a6a23', 'song-dcf2696a-bad3-4046-8101-64b3e943a3bf', '2024-11-23 03:43:26'),
	('c9a79c22-8546-4540-8d16-92c01c4a6a23', 'song-533f87a8-965d-4a83-91ff-57b446085a9d', '2024-11-23 03:43:26'),
	('c9a79c22-8546-4540-8d16-92c01c4a6a23', 'song-edc5de55-7c18-4782-8e38-b641a50a2994', '2024-11-23 03:47:22'),
	('c9a79c22-8546-4540-8d16-92c01c4a6a23', 'song-b987433e-b777-40c4-8e84-edf3dca11b64', '2024-11-23 03:51:21'),
	('c9a79c22-8546-4540-8d16-92c01c4a6a23', 'song-33790516-d0c7-4535-8865-d18949565652', '2024-11-23 03:51:21'),
	('c9a79c22-8546-4540-8d16-92c01c4a6a23', 'song-1018dc51-23e5-4e5f-934b-9d0c9de55105', '2024-11-23 03:55:38'),
	('c9a79c22-8546-4540-8d16-92c01c4a6a23', 'song-e2497509-d209-44cd-8af0-e077f6f182e7', '2024-11-23 03:59:47'),
	('c9a79c22-8546-4540-8d16-92c01c4a6a23', 'song-b769ab3f-f2bd-4c23-a41a-ec3f99e9f4dc', '2024-11-23 04:04:02'),
	('c9a79c22-8546-4540-8d16-92c01c4a6a23', 'song-c6240124-3a3b-446c-ad72-96beb41c4506', '2024-11-23 04:13:10'),
	('c9a79c22-8546-4540-8d16-92c01c4a6a23', 'song-b987433e-b777-40c4-8e84-edf3dca11b64', '2024-11-23 04:13:11'),
	('c9a79c22-8546-4540-8d16-92c01c4a6a23', 'song-1d91e5de-acd7-499e-b79a-11ba8f916c90', '2024-11-23 04:17:27'),
	('c9a79c22-8546-4540-8d16-92c01c4a6a23', 'song-cf0b9b88-603f-435c-b7f9-b35935b76480', '2024-11-23 04:17:28'),
	('c9a79c22-8546-4540-8d16-92c01c4a6a23', 'song-d2e32bb6-21c9-488d-91bb-7553c0302dc8', '2024-11-23 04:21:45'),
	('admine88e7421-a0d4-48f2-a221-b30cfc54a7dc]', 'song-27b04085-ddac-46f4-ba90-b5269a6b12c1', '2024-11-23 07:07:28'),
	('admine88e7421-a0d4-48f2-a221-b30cfc54a7dc]', 'song-19da69ea-95be-4cbe-bd44-f478d351f3a2', '2024-11-23 07:07:32'),
	('admine88e7421-a0d4-48f2-a221-b30cfc54a7dc]', 'song-43b4a4c4-4b1e-4293-a800-e8cd18008028', '2024-11-23 07:08:20'),
	('c9a79c22-8546-4540-8d16-92c01c4a6a23', '381b6b5e-305f-4cbc-a3bf-7707147c8804', '2024-11-23 07:08:41'),
	('c9a79c22-8546-4540-8d16-92c01c4a6a23', 'song-65ab71c0-895c-43ce-8af2-14b4670f10ca', '2024-11-23 07:09:29'),
	('admine88e7421-a0d4-48f2-a221-b30cfc54a7dc]', 'song-19da69ea-95be-4cbe-bd44-f478d351f3a2', '2024-11-23 07:10:28'),
	('c9a79c22-8546-4540-8d16-92c01c4a6a23', 'song-43b4a4c4-4b1e-4293-a800-e8cd18008028', '2024-11-23 07:10:53'),
	('c9a79c22-8546-4540-8d16-92c01c4a6a23', 'song-19da69ea-95be-4cbe-bd44-f478d351f3a2', '2024-11-23 07:10:53'),
	('c9a79c22-8546-4540-8d16-92c01c4a6a23', '381b6b5e-305f-4cbc-a3bf-7707147c8804', '2024-11-23 07:10:57'),
	('c9a79c22-8546-4540-8d16-92c01c4a6a23', 'e17363fa-82d8-4ca4-8dee-ce1b62bcf995', '2024-11-23 07:11:09'),
	('c9a79c22-8546-4540-8d16-92c01c4a6a23', 'song-ab7da2ba-6079-434b-96b1-7742eb40c7d7', '2024-11-23 07:11:35'),
	('c9a79c22-8546-4540-8d16-92c01c4a6a23', 'e17363fa-82d8-4ca4-8dee-ce1b62bcf995', '2024-11-23 08:16:53'),
	('c9a79c22-8546-4540-8d16-92c01c4a6a23', '381b6b5e-305f-4cbc-a3bf-7707147c8804', '2024-11-23 08:17:39'),
	('c9a79c22-8546-4540-8d16-92c01c4a6a23', 'song-65ab71c0-895c-43ce-8af2-14b4670f10ca', '2024-11-23 08:18:22'),
	('c9a79c22-8546-4540-8d16-92c01c4a6a23', '381b6b5e-305f-4cbc-a3bf-7707147c8804', '2024-11-23 08:30:38'),
	('c9a79c22-8546-4540-8d16-92c01c4a6a23', 'song-65ab71c0-895c-43ce-8af2-14b4670f10ca', '2024-11-23 08:55:55'),
	('c9a79c22-8546-4540-8d16-92c01c4a6a23', '381b6b5e-305f-4cbc-a3bf-7707147c8804', '2024-11-23 14:01:04'),
	('c9a79c22-8546-4540-8d16-92c01c4a6a23', 'song-65ab71c0-895c-43ce-8af2-14b4670f10ca', '2024-11-23 14:20:06'),
	('c9a79c22-8546-4540-8d16-92c01c4a6a23', 'song-4b8528bb-d89a-4613-be22-412fabe6bde8', '2024-11-23 14:21:46'),
	('c9a79c22-8546-4540-8d16-92c01c4a6a23', '381b6b5e-305f-4cbc-a3bf-7707147c8804', '2024-11-24 02:52:59'),
	('c9a79c22-8546-4540-8d16-92c01c4a6a23', 'song-104bc6e6-0fef-47e0-8711-b7927848f523', '2024-11-24 15:51:19'),
	('c9a79c22-8546-4540-8d16-92c01c4a6a23', 'song-600838b4-efcc-40ae-86ae-8f3aa108d08b', '2024-11-24 15:51:30'),
	('c9a79c22-8546-4540-8d16-92c01c4a6a23', 'song-4b8528bb-d89a-4613-be22-412fabe6bde8', '2024-11-25 01:31:49'),
	('c9a79c22-8546-4540-8d16-92c01c4a6a23', 'song-600838b4-efcc-40ae-86ae-8f3aa108d08b', '2024-11-25 01:32:04'),
	('c9a79c22-8546-4540-8d16-92c01c4a6a23', 'song-e2497509-d209-44cd-8af0-e077f6f182e7', '2024-11-25 04:10:59'),
	('c9a79c22-8546-4540-8d16-92c01c4a6a23', 'song-4763e94c-76a4-40c2-a478-4ff14713cb11', '2024-11-25 04:15:14'),
	('c9a79c22-8546-4540-8d16-92c01c4a6a23', 'song-34070b1c-5232-4543-b271-772926aa0c5b', '2024-11-25 04:18:51'),
	('c9a79c22-8546-4540-8d16-92c01c4a6a23', 'song-3099d47b-0ff1-44cd-a46c-616d206f0292', '2024-11-25 04:23:03'),
	('c9a79c22-8546-4540-8d16-92c01c4a6a23', 'song-10652f8a-6e9c-47b9-acb2-6ef44c21977c', '2024-11-25 04:26:56'),
	('c9a79c22-8546-4540-8d16-92c01c4a6a23', 'song-19da69ea-95be-4cbe-bd44-f478d351f3a2', '2024-11-25 04:31:16'),
	('c9a79c22-8546-4540-8d16-92c01c4a6a23', 'song-f29bddea-56c9-415f-980d-491d489a5732', '2024-11-25 04:34:47'),
	('c9a79c22-8546-4540-8d16-92c01c4a6a23', 'song-e4e99454-add9-4bbf-a77b-ad3e56699c3b', '2024-11-25 04:38:55'),
	('c9a79c22-8546-4540-8d16-92c01c4a6a23', 'song-63810c36-0bfe-448c-9fca-ab6865a9b557', '2024-11-25 04:43:27'),
	('c9a79c22-8546-4540-8d16-92c01c4a6a23', 'song-d2e32bb6-21c9-488d-91bb-7553c0302dc8', '2024-11-25 04:46:17'),
	('c9a79c22-8546-4540-8d16-92c01c4a6a23', 'song-f696fb26-5004-4136-8621-02cce631e173', '2024-11-25 04:50:35'),
	('c9a79c22-8546-4540-8d16-92c01c4a6a23', 'song-27b04085-ddac-46f4-ba90-b5269a6b12c1', '2024-11-25 04:53:49'),
	('c9a79c22-8546-4540-8d16-92c01c4a6a23', 'song-1acbe83f-cfac-4359-a242-20090273f7d0', '2024-11-25 04:59:28'),
	('c9a79c22-8546-4540-8d16-92c01c4a6a23', 'song-729e7f87-e705-4164-83c3-a49bc4d8ab46', '2024-11-25 05:04:05'),
	('c9a79c22-8546-4540-8d16-92c01c4a6a23', 'song-982f10b9-42ec-4af8-9de8-7f77f623913b', '2024-11-25 05:09:00'),
	('admine88e7421-a0d4-48f2-a221-b30cfc54a7dc]', 'song-edc5de55-7c18-4782-8e38-b641a50a2994', '2024-11-25 05:13:30'),
	('c9a79c22-8546-4540-8d16-92c01c4a6a23', 'song-600838b4-efcc-40ae-86ae-8f3aa108d08b', '2024-11-25 05:20:08'),
	('c9a79c22-8546-4540-8d16-92c01c4a6a23', '381b6b5e-305f-4cbc-a3bf-7707147c8804', '2024-11-25 05:20:16'),
	('c9a79c22-8546-4540-8d16-92c01c4a6a23', 'song-cf0b9b88-603f-435c-b7f9-b35935b76480', '2024-11-25 05:20:26'),
	('c9a79c22-8546-4540-8d16-92c01c4a6a23', 'song-43b4a4c4-4b1e-4293-a800-e8cd18008028', '2024-11-25 06:46:42'),
	('c9a79c22-8546-4540-8d16-92c01c4a6a23', '381b6b5e-305f-4cbc-a3bf-7707147c8804', '2024-11-25 06:47:10'),
	('c9a79c22-8546-4540-8d16-92c01c4a6a23', 'song-7179a1b0-6657-47c1-9cbf-37bb6956ee6a', '2024-11-25 06:47:18'),
	('c9a79c22-8546-4540-8d16-92c01c4a6a23', 'song-7ab6533d-db5d-4885-8e7a-a1e1d37d2800', '2024-11-25 06:51:36'),
	('c9a79c22-8546-4540-8d16-92c01c4a6a23', 'song-dcf2696a-bad3-4046-8101-64b3e943a3bf', '2024-11-25 06:52:34'),
	('c9a79c22-8546-4540-8d16-92c01c4a6a23', 'song-7ab6533d-db5d-4885-8e7a-a1e1d37d2800', '2024-11-25 06:52:42'),
	('c9a79c22-8546-4540-8d16-92c01c4a6a23', 'song-dcf2696a-bad3-4046-8101-64b3e943a3bf', '2024-11-25 06:56:53'),
	('c9a79c22-8546-4540-8d16-92c01c4a6a23', 'song-5c3b562d-bf3c-490c-a8c1-c119294e2820', '2024-11-25 07:01:16'),
	('c9a79c22-8546-4540-8d16-92c01c4a6a23', 'song-f19d4db3-0087-4224-961a-f977afd194a4', '2024-11-25 07:12:07'),
	('c9a79c22-8546-4540-8d16-92c01c4a6a23', 'song-5c3b562d-bf3c-490c-a8c1-c119294e2820', '2024-11-25 07:12:09'),
	('c9a79c22-8546-4540-8d16-92c01c4a6a23', 'song-f19d4db3-0087-4224-961a-f977afd194a4', '2024-11-25 07:14:26'),
	('c9a79c22-8546-4540-8d16-92c01c4a6a23', 'song-88382a76-7ced-4df5-b1e6-9a218bdd5cb8', '2024-11-25 07:18:32'),
	('c9a79c22-8546-4540-8d16-92c01c4a6a23', 'song-0ffc9672-199c-4571-bf2d-1acba562fee6', '2024-11-25 07:23:17'),
	('c9a79c22-8546-4540-8d16-92c01c4a6a23', 'song-533f87a8-965d-4a83-91ff-57b446085a9d', '2024-11-25 07:27:27'),
	('c9a79c22-8546-4540-8d16-92c01c4a6a23', 'song-600838b4-efcc-40ae-86ae-8f3aa108d08b', '2024-11-25 07:37:12'),
	('c9a79c22-8546-4540-8d16-92c01c4a6a23', 'song-1d91e5de-acd7-499e-b79a-11ba8f916c90', '2024-11-25 07:41:39'),
	('c9a79c22-8546-4540-8d16-92c01c4a6a23', 'song-543c046f-5a09-4016-970d-64bc63f17110', '2024-11-25 07:45:48'),
	('c9a79c22-8546-4540-8d16-92c01c4a6a23', 'song-cf0b9b88-603f-435c-b7f9-b35935b76480', '2024-11-25 07:49:32'),
	('c9a79c22-8546-4540-8d16-92c01c4a6a23', 'song-19da69ea-95be-4cbe-bd44-f478d351f3a2', '2024-11-25 07:53:50'),
	('c9a79c22-8546-4540-8d16-92c01c4a6a23', 'song-b1d95327-057f-4a9f-abec-8eba59ea9371', '2024-11-25 07:57:21'),
	('c9a79c22-8546-4540-8d16-92c01c4a6a23', 'song-a636ab8d-bed9-43df-b1e2-01161aeceb5f', '2024-11-25 08:02:55'),
	('c9a79c22-8546-4540-8d16-92c01c4a6a23', 'song-4b8528bb-d89a-4613-be22-412fabe6bde8', '2024-11-25 10:17:39'),
	('c9a79c22-8546-4540-8d16-92c01c4a6a23', 'song-cf0b9b88-603f-435c-b7f9-b35935b76480', '2024-11-25 13:47:53'),
	('c9a79c22-8546-4540-8d16-92c01c4a6a23', 'song-878cd831-fdb8-4623-9305-fabbb69395ca', '2024-11-25 13:52:16'),
	('c9a79c22-8546-4540-8d16-92c01c4a6a23', 'song-1acbe83f-cfac-4359-a242-20090273f7d0', '2024-11-25 13:55:52'),
	('c9a79c22-8546-4540-8d16-92c01c4a6a23', 'song-9c4ca4f2-5085-409c-a413-5c30d4f042ad', '2024-11-25 14:00:29'),
	('c9a79c22-8546-4540-8d16-92c01c4a6a23', 'song-4763e94c-76a4-40c2-a478-4ff14713cb11', '2024-11-25 14:04:41'),
	('c9a79c22-8546-4540-8d16-92c01c4a6a23', 'song-543c046f-5a09-4016-970d-64bc63f17110', '2024-11-25 14:08:41'),
	('c9a79c22-8546-4540-8d16-92c01c4a6a23', 'song-f4381e2c-c4a5-4c1d-bf4c-dd4f03aef3de', '2024-11-25 14:13:04'),
	('c9a79c22-8546-4540-8d16-92c01c4a6a23', 'song-d539d44d-fdf0-41d5-ab2b-4bc5b3f2ba95', '2024-11-25 14:17:42'),
	('c9a79c22-8546-4540-8d16-92c01c4a6a23', 'song-0872b219-c9e9-40be-b5ca-2243067fc5f2', '2024-11-25 14:21:52'),
	('c9a79c22-8546-4540-8d16-92c01c4a6a23', 'song-5c3b562d-bf3c-490c-a8c1-c119294e2820', '2024-11-25 14:26:29'),
	('c9a79c22-8546-4540-8d16-92c01c4a6a23', 'song-b1d95327-057f-4a9f-abec-8eba59ea9371', '2024-11-25 14:28:45'),
	('c9a79c22-8546-4540-8d16-92c01c4a6a23', 'song-e2497509-d209-44cd-8af0-e077f6f182e7', '2024-11-25 14:34:18'),
	('c9a79c22-8546-4540-8d16-92c01c4a6a23', 'song-93fdba3c-5398-45a0-adf7-375b5ef97a48', '2024-11-25 14:38:33'),
	('c9a79c22-8546-4540-8d16-92c01c4a6a23', 'song-1018dc51-23e5-4e5f-934b-9d0c9de55105', '2024-11-25 14:43:47'),
	('c9a79c22-8546-4540-8d16-92c01c4a6a23', 'song-104bc6e6-0fef-47e0-8711-b7927848f523', '2024-11-25 14:47:57'),
	('c9a79c22-8546-4540-8d16-92c01c4a6a23', 'song-43b4a4c4-4b1e-4293-a800-e8cd18008028', '2024-11-25 14:52:00'),
	('c9a79c22-8546-4540-8d16-92c01c4a6a23', 'song-34070b1c-5232-4543-b271-772926aa0c5b', '2024-11-25 14:55:15'),
	('c9a79c22-8546-4540-8d16-92c01c4a6a23', 'song-65ab71c0-895c-43ce-8af2-14b4670f10ca', '2024-11-25 14:59:27'),
	('c9a79c22-8546-4540-8d16-92c01c4a6a23', 'song-543c046f-5a09-4016-970d-64bc63f17110', '2024-11-25 15:00:46'),
	('c9a79c22-8546-4540-8d16-92c01c4a6a23', 'song-65ab71c0-895c-43ce-8af2-14b4670f10ca', '2024-11-25 15:00:46'),
	('c9a79c22-8546-4540-8d16-92c01c4a6a23', 'song-4b8528bb-d89a-4613-be22-412fabe6bde8', '2024-11-26 02:34:29'),
	('c9a79c22-8546-4540-8d16-92c01c4a6a23', 'song-65ab71c0-895c-43ce-8af2-14b4670f10ca', '2024-11-26 03:21:01'),
	('c9a79c22-8546-4540-8d16-92c01c4a6a23', '381b6b5e-305f-4cbc-a3bf-7707147c8804', '2024-11-26 03:21:07'),
	('c9a79c22-8546-4540-8d16-92c01c4a6a23', 'song-9c4ca4f2-5085-409c-a413-5c30d4f042ad', '2024-11-26 03:21:12'),
	('c9a79c22-8546-4540-8d16-92c01c4a6a23', '381b6b5e-305f-4cbc-a3bf-7707147c8804', '2024-11-26 03:21:21'),
	('c9a79c22-8546-4540-8d16-92c01c4a6a23', 'song-3099d47b-0ff1-44cd-a46c-616d206f0292', '2024-11-26 03:21:25'),
	('c9a79c22-8546-4540-8d16-92c01c4a6a23', 'song-edc5de55-7c18-4782-8e38-b641a50a2994', '2024-11-26 03:28:24'),
	('c9a79c22-8546-4540-8d16-92c01c4a6a23', '381b6b5e-305f-4cbc-a3bf-7707147c8804', '2024-11-26 03:28:30'),
	('c9a79c22-8546-4540-8d16-92c01c4a6a23', 'e17363fa-82d8-4ca4-8dee-ce1b62bcf995', '2024-11-26 03:28:31'),
	('c9a79c22-8546-4540-8d16-92c01c4a6a23', '381b6b5e-305f-4cbc-a3bf-7707147c8804', '2024-11-26 03:28:31'),
	('c9a79c22-8546-4540-8d16-92c01c4a6a23', 'song-3a759e1a-3432-4f0d-9fc2-c5c86c733259', '2024-11-26 03:28:34'),
	('c9a79c22-8546-4540-8d16-92c01c4a6a23', '381b6b5e-305f-4cbc-a3bf-7707147c8804', '2024-11-26 03:28:48'),
	('c9a79c22-8546-4540-8d16-92c01c4a6a23', 'e17363fa-82d8-4ca4-8dee-ce1b62bcf995', '2024-11-26 03:28:50'),
	('c9a79c22-8546-4540-8d16-92c01c4a6a23', 'ef9012fd-f635-49b5-918b-874c806a6b40', '2024-11-26 03:28:52'),
	('c9a79c22-8546-4540-8d16-92c01c4a6a23', 'e17363fa-82d8-4ca4-8dee-ce1b62bcf995', '2024-11-26 03:28:55'),
	('c9a79c22-8546-4540-8d16-92c01c4a6a23', '381b6b5e-305f-4cbc-a3bf-7707147c8804', '2024-11-26 03:29:18'),
	('c9a79c22-8546-4540-8d16-92c01c4a6a23', 'song-63810c36-0bfe-448c-9fca-ab6865a9b557', '2024-11-26 03:29:22'),
	('c9a79c22-8546-4540-8d16-92c01c4a6a23', 'song-65ab71c0-895c-43ce-8af2-14b4670f10ca', '2024-11-26 03:29:23'),
	('c9a79c22-8546-4540-8d16-92c01c4a6a23', '381b6b5e-305f-4cbc-a3bf-7707147c8804', '2024-11-26 03:29:27'),
	('c9a79c22-8546-4540-8d16-92c01c4a6a23', 'e17363fa-82d8-4ca4-8dee-ce1b62bcf995', '2024-11-26 03:29:30'),
	('c9a79c22-8546-4540-8d16-92c01c4a6a23', '381b6b5e-305f-4cbc-a3bf-7707147c8804', '2024-11-26 03:29:30'),
	('c9a79c22-8546-4540-8d16-92c01c4a6a23', 'song-945e2d3b-1652-4fb3-970a-c36ce43282bc', '2024-11-26 03:29:33'),
	('c9a79c22-8546-4540-8d16-92c01c4a6a23', '381b6b5e-305f-4cbc-a3bf-7707147c8804', '2024-11-26 03:29:51'),
	('c9a79c22-8546-4540-8d16-92c01c4a6a23', 'e17363fa-82d8-4ca4-8dee-ce1b62bcf995', '2024-11-26 03:29:56'),
	('c9a79c22-8546-4540-8d16-92c01c4a6a23', 'song-4f1658fb-0766-49b0-bd17-2706ced368e0', '2024-11-26 03:30:23'),
	('c9a79c22-8546-4540-8d16-92c01c4a6a23', '381b6b5e-305f-4cbc-a3bf-7707147c8804', '2024-11-26 03:30:27'),
	('c9a79c22-8546-4540-8d16-92c01c4a6a23', 'song-3099d47b-0ff1-44cd-a46c-616d206f0292', '2024-11-26 03:30:30'),
	('c9a79c22-8546-4540-8d16-92c01c4a6a23', '381b6b5e-305f-4cbc-a3bf-7707147c8804', '2024-11-26 03:30:36'),
	('c9a79c22-8546-4540-8d16-92c01c4a6a23', 'e17363fa-82d8-4ca4-8dee-ce1b62bcf995', '2024-11-26 03:30:40'),
	('c9a79c22-8546-4540-8d16-92c01c4a6a23', '381b6b5e-305f-4cbc-a3bf-7707147c8804', '2024-11-26 03:31:07'),
	('c9a79c22-8546-4540-8d16-92c01c4a6a23', 'e17363fa-82d8-4ca4-8dee-ce1b62bcf995', '2024-11-26 03:31:16'),
	('c9a79c22-8546-4540-8d16-92c01c4a6a23', 'ef9012fd-f635-49b5-918b-874c806a6b40', '2024-11-26 03:31:21'),
	('c9a79c22-8546-4540-8d16-92c01c4a6a23', 'e17363fa-82d8-4ca4-8dee-ce1b62bcf995', '2024-11-26 03:32:41'),
	('c9a79c22-8546-4540-8d16-92c01c4a6a23', '381b6b5e-305f-4cbc-a3bf-7707147c8804', '2024-11-26 03:33:18'),
	('c9a79c22-8546-4540-8d16-92c01c4a6a23', 'e17363fa-82d8-4ca4-8dee-ce1b62bcf995', '2024-11-26 03:33:22'),
	('c9a79c22-8546-4540-8d16-92c01c4a6a23', '381b6b5e-305f-4cbc-a3bf-7707147c8804', '2024-11-26 03:33:22'),
	('c9a79c22-8546-4540-8d16-92c01c4a6a23', 'song-edc5de55-7c18-4782-8e38-b641a50a2994', '2024-11-26 03:33:25'),
	('c9a79c22-8546-4540-8d16-92c01c4a6a23', '381b6b5e-305f-4cbc-a3bf-7707147c8804', '2024-11-26 03:36:03'),
	('c9a79c22-8546-4540-8d16-92c01c4a6a23', 'e17363fa-82d8-4ca4-8dee-ce1b62bcf995', '2024-11-26 03:36:08'),
	('c9a79c22-8546-4540-8d16-92c01c4a6a23', 'song-0be4bfaf-2c6d-4aa7-bc41-52958c1234cd', '2024-11-26 03:36:10'),
	('c9a79c22-8546-4540-8d16-92c01c4a6a23', '381b6b5e-305f-4cbc-a3bf-7707147c8804', '2024-11-26 03:36:37'),
	('c9a79c22-8546-4540-8d16-92c01c4a6a23', 'e17363fa-82d8-4ca4-8dee-ce1b62bcf995', '2024-11-26 03:37:46'),
	('c9a79c22-8546-4540-8d16-92c01c4a6a23', 'ef9012fd-f635-49b5-918b-874c806a6b40', '2024-11-26 03:38:01'),
	('c9a79c22-8546-4540-8d16-92c01c4a6a23', 'e17363fa-82d8-4ca4-8dee-ce1b62bcf995', '2024-11-26 03:39:00'),
	('c9a79c22-8546-4540-8d16-92c01c4a6a23', '381b6b5e-305f-4cbc-a3bf-7707147c8804', '2024-11-26 03:39:02'),
	('c9a79c22-8546-4540-8d16-92c01c4a6a23', 'e17363fa-82d8-4ca4-8dee-ce1b62bcf995', '2024-11-26 03:39:03'),
	('c9a79c22-8546-4540-8d16-92c01c4a6a23', '381b6b5e-305f-4cbc-a3bf-7707147c8804', '2024-11-26 03:39:03'),
	('c9a79c22-8546-4540-8d16-92c01c4a6a23', 'song-1d91e5de-acd7-499e-b79a-11ba8f916c90', '2024-11-26 03:39:05'),
	('c9a79c22-8546-4540-8d16-92c01c4a6a23', '381b6b5e-305f-4cbc-a3bf-7707147c8804', '2024-11-26 03:39:21'),
	('c9a79c22-8546-4540-8d16-92c01c4a6a23', 'e17363fa-82d8-4ca4-8dee-ce1b62bcf995', '2024-11-26 03:39:23'),
	('c9a79c22-8546-4540-8d16-92c01c4a6a23', '381b6b5e-305f-4cbc-a3bf-7707147c8804', '2024-11-26 03:39:23'),
	('c9a79c22-8546-4540-8d16-92c01c4a6a23', 'song-49722cde-1ea6-4e7f-b552-b45ccc6a9f11', '2024-11-26 03:39:25'),
	('c9a79c22-8546-4540-8d16-92c01c4a6a23', 'song-63810c36-0bfe-448c-9fca-ab6865a9b557', '2024-11-26 03:39:26'),
	('c9a79c22-8546-4540-8d16-92c01c4a6a23', '381b6b5e-305f-4cbc-a3bf-7707147c8804', '2024-11-26 03:41:20'),
	('c9a79c22-8546-4540-8d16-92c01c4a6a23', 'song-533f87a8-965d-4a83-91ff-57b446085a9d', '2024-11-26 03:41:25'),
	('c9a79c22-8546-4540-8d16-92c01c4a6a23', 'song-4055a30d-96e1-488a-8ad7-adacc3b155d5', '2024-11-26 03:41:27'),
	('c9a79c22-8546-4540-8d16-92c01c4a6a23', 'song-b769ab3f-f2bd-4c23-a41a-ec3f99e9f4dc', '2024-11-26 03:41:27'),
	('c9a79c22-8546-4540-8d16-92c01c4a6a23', '381b6b5e-305f-4cbc-a3bf-7707147c8804', '2024-11-26 03:41:52'),
	('c9a79c22-8546-4540-8d16-92c01c4a6a23', 'e17363fa-82d8-4ca4-8dee-ce1b62bcf995', '2024-11-26 03:41:54'),
	('c9a79c22-8546-4540-8d16-92c01c4a6a23', '381b6b5e-305f-4cbc-a3bf-7707147c8804', '2024-11-26 03:41:54'),
	('c9a79c22-8546-4540-8d16-92c01c4a6a23', 'song-8bbae5ba-093b-47c1-9a4d-9fddc39eeecb', '2024-11-26 03:41:56'),
	('c9a79c22-8546-4540-8d16-92c01c4a6a23', 'song-7ab6533d-db5d-4885-8e7a-a1e1d37d2800', '2024-11-26 03:45:32'),
	('c9a79c22-8546-4540-8d16-92c01c4a6a23', 'song-c6240124-3a3b-446c-ad72-96beb41c4506', '2024-11-26 03:45:33'),
	('c9a79c22-8546-4540-8d16-92c01c4a6a23', 'song-1018dc51-23e5-4e5f-934b-9d0c9de55105', '2024-11-26 03:45:33'),
	('c9a79c22-8546-4540-8d16-92c01c4a6a23', '381b6b5e-305f-4cbc-a3bf-7707147c8804', '2024-11-26 03:47:33'),
	('c9a79c22-8546-4540-8d16-92c01c4a6a23', 'e17363fa-82d8-4ca4-8dee-ce1b62bcf995', '2024-11-26 03:47:37'),
	('c9a79c22-8546-4540-8d16-92c01c4a6a23', '381b6b5e-305f-4cbc-a3bf-7707147c8804', '2024-11-26 03:47:37'),
	('c9a79c22-8546-4540-8d16-92c01c4a6a23', 'song-93fdba3c-5398-45a0-adf7-375b5ef97a48', '2024-11-26 03:47:39'),
	('c9a79c22-8546-4540-8d16-92c01c4a6a23', 'f6e0a637-d439-49d2-b720-edb8f9c750f5', '2024-11-26 03:47:39'),
	('c9a79c22-8546-4540-8d16-92c01c4a6a23', 'song-43b4a4c4-4b1e-4293-a800-e8cd18008028', '2024-11-26 03:47:40'),
	('c9a79c22-8546-4540-8d16-92c01c4a6a23', '381b6b5e-305f-4cbc-a3bf-7707147c8804', '2024-11-26 03:47:52'),
	('c9a79c22-8546-4540-8d16-92c01c4a6a23', 'e17363fa-82d8-4ca4-8dee-ce1b62bcf995', '2024-11-26 03:48:25'),
	('c9a79c22-8546-4540-8d16-92c01c4a6a23', 'ef9012fd-f635-49b5-918b-874c806a6b40', '2024-11-26 03:48:35'),
	('c9a79c22-8546-4540-8d16-92c01c4a6a23', 'e17363fa-82d8-4ca4-8dee-ce1b62bcf995', '2024-11-26 03:48:36'),
	('c9a79c22-8546-4540-8d16-92c01c4a6a23', 'song-1fb9c6d4-3844-4772-972e-b8b918829202', '2024-11-26 03:48:42'),
	('c9a79c22-8546-4540-8d16-92c01c4a6a23', '381b6b5e-305f-4cbc-a3bf-7707147c8804', '2024-11-26 03:50:17'),
	('c9a79c22-8546-4540-8d16-92c01c4a6a23', 'e17363fa-82d8-4ca4-8dee-ce1b62bcf995', '2024-11-26 03:50:19'),
	('c9a79c22-8546-4540-8d16-92c01c4a6a23', '381b6b5e-305f-4cbc-a3bf-7707147c8804', '2024-11-26 03:50:19'),
	('c9a79c22-8546-4540-8d16-92c01c4a6a23', 'ef9012fd-f635-49b5-918b-874c806a6b40', '2024-11-26 03:50:30'),
	('c9a79c22-8546-4540-8d16-92c01c4a6a23', 'f6e0a637-d439-49d2-b720-edb8f9c750f5', '2024-11-26 03:50:36'),
	('c9a79c22-8546-4540-8d16-92c01c4a6a23', 'song-3a759e1a-3432-4f0d-9fc2-c5c86c733259', '2024-11-26 03:50:38'),
	('c9a79c22-8546-4540-8d16-92c01c4a6a23', 'song-d2ba7c4e-e4b2-440a-8252-a7a488ac5439', '2024-11-26 03:50:38'),
	('c9a79c22-8546-4540-8d16-92c01c4a6a23', 'song-d2ba7c4e-e4b2-440a-8252-a7a488ac5439', '2024-11-26 03:52:50'),
	('c9a79c22-8546-4540-8d16-92c01c4a6a23', '381b6b5e-305f-4cbc-a3bf-7707147c8804', '2024-11-26 03:52:52'),
	('c9a79c22-8546-4540-8d16-92c01c4a6a23', 'song-3099d47b-0ff1-44cd-a46c-616d206f0292', '2024-11-26 03:52:56'),
	('c9a79c22-8546-4540-8d16-92c01c4a6a23', 'song-729e7f87-e705-4164-83c3-a49bc4d8ab46', '2024-11-26 03:52:58'),
	('c9a79c22-8546-4540-8d16-92c01c4a6a23', '381b6b5e-305f-4cbc-a3bf-7707147c8804', '2024-11-26 03:54:53'),
	('c9a79c22-8546-4540-8d16-92c01c4a6a23', 'song-c6240124-3a3b-446c-ad72-96beb41c4506', '2024-11-26 03:54:58'),
	('c9a79c22-8546-4540-8d16-92c01c4a6a23', 'song-63810c36-0bfe-448c-9fca-ab6865a9b557', '2024-11-26 03:55:00'),
	('c9a79c22-8546-4540-8d16-92c01c4a6a23', 'song-ab7da2ba-6079-434b-96b1-7742eb40c7d7', '2024-11-26 03:55:01'),
	('c9a79c22-8546-4540-8d16-92c01c4a6a23', '381b6b5e-305f-4cbc-a3bf-7707147c8804', '2024-11-26 03:56:00'),
	('c9a79c22-8546-4540-8d16-92c01c4a6a23', 'song-7a126c0e-ebe5-491e-8041-d520b396ef24', '2024-11-26 03:56:03'),
	('c9a79c22-8546-4540-8d16-92c01c4a6a23', 'song-104bc6e6-0fef-47e0-8711-b7927848f523', '2024-11-26 03:56:03'),
	('c9a79c22-8546-4540-8d16-92c01c4a6a23', '381b6b5e-305f-4cbc-a3bf-7707147c8804', '2024-11-26 03:56:48'),
	('c9a79c22-8546-4540-8d16-92c01c4a6a23', 'song-784d02fa-dc31-4c2f-9627-820889482e80', '2024-11-26 03:56:50'),
	('c9a79c22-8546-4540-8d16-92c01c4a6a23', 'song-4055a30d-96e1-488a-8ad7-adacc3b155d5', '2024-11-26 03:56:51'),
	('c9a79c22-8546-4540-8d16-92c01c4a6a23', '381b6b5e-305f-4cbc-a3bf-7707147c8804', '2024-11-26 03:57:12'),
	('c9a79c22-8546-4540-8d16-92c01c4a6a23', 'e17363fa-82d8-4ca4-8dee-ce1b62bcf995', '2024-11-26 03:57:14'),
	('c9a79c22-8546-4540-8d16-92c01c4a6a23', '381b6b5e-305f-4cbc-a3bf-7707147c8804', '2024-11-26 03:57:44'),
	('c9a79c22-8546-4540-8d16-92c01c4a6a23', 'e17363fa-82d8-4ca4-8dee-ce1b62bcf995', '2024-11-26 03:57:49'),
	('c9a79c22-8546-4540-8d16-92c01c4a6a23', 'ef9012fd-f635-49b5-918b-874c806a6b40', '2024-11-26 03:57:50'),
	('c9a79c22-8546-4540-8d16-92c01c4a6a23', 'song-37999a9e-3ca8-4346-b4ba-d6e256e8ffb5', '2024-11-26 03:57:52'),
	('c9a79c22-8546-4540-8d16-92c01c4a6a23', '381b6b5e-305f-4cbc-a3bf-7707147c8804', '2024-11-26 03:58:38'),
	('c9a79c22-8546-4540-8d16-92c01c4a6a23', 'e17363fa-82d8-4ca4-8dee-ce1b62bcf995', '2024-11-26 03:58:42'),
	('c9a79c22-8546-4540-8d16-92c01c4a6a23', '381b6b5e-305f-4cbc-a3bf-7707147c8804', '2024-11-26 03:58:57'),
	('c9a79c22-8546-4540-8d16-92c01c4a6a23', 'e17363fa-82d8-4ca4-8dee-ce1b62bcf995', '2024-11-26 04:00:04'),
	('c9a79c22-8546-4540-8d16-92c01c4a6a23', '381b6b5e-305f-4cbc-a3bf-7707147c8804', '2024-11-26 04:00:32'),
	('c9a79c22-8546-4540-8d16-92c01c4a6a23', 'song-f29bddea-56c9-415f-980d-491d489a5732', '2024-11-26 04:01:39'),
	('c9a79c22-8546-4540-8d16-92c01c4a6a23', '381b6b5e-305f-4cbc-a3bf-7707147c8804', '2024-11-26 04:01:41'),
	('c9a79c22-8546-4540-8d16-92c01c4a6a23', 'song-3a759e1a-3432-4f0d-9fc2-c5c86c733259', '2024-11-26 04:01:41'),
	('c9a79c22-8546-4540-8d16-92c01c4a6a23', 'song-37999a9e-3ca8-4346-b4ba-d6e256e8ffb5', '2024-11-26 04:01:42'),
	('c9a79c22-8546-4540-8d16-92c01c4a6a23', '381b6b5e-305f-4cbc-a3bf-7707147c8804', '2024-11-26 04:02:18'),
	('c9a79c22-8546-4540-8d16-92c01c4a6a23', 'song-7ab6533d-db5d-4885-8e7a-a1e1d37d2800', '2024-11-26 04:02:21'),
	('c9a79c22-8546-4540-8d16-92c01c4a6a23', '381b6b5e-305f-4cbc-a3bf-7707147c8804', '2024-11-26 04:02:22'),
	('c9a79c22-8546-4540-8d16-92c01c4a6a23', 'song-45f37a25-fa22-4234-99c1-eebf02c5c6f4', '2024-11-26 04:02:23'),
	('c9a79c22-8546-4540-8d16-92c01c4a6a23', 'song-7a126c0e-ebe5-491e-8041-d520b396ef24', '2024-11-26 04:02:24'),
	('c9a79c22-8546-4540-8d16-92c01c4a6a23', '381b6b5e-305f-4cbc-a3bf-7707147c8804', '2024-11-26 04:03:15'),
	('c9a79c22-8546-4540-8d16-92c01c4a6a23', 'song-5d078f4a-08dd-4d12-b1ec-57c70e19ac27', '2024-11-26 04:03:17'),
	('c9a79c22-8546-4540-8d16-92c01c4a6a23', 'song-ea417cc6-bf0e-4c36-bfc9-7d0d4ea9995c', '2024-11-26 04:03:19'),
	('c9a79c22-8546-4540-8d16-92c01c4a6a23', 'song-10652f8a-6e9c-47b9-acb2-6ef44c21977c', '2024-11-26 04:03:20'),
	('c9a79c22-8546-4540-8d16-92c01c4a6a23', '381b6b5e-305f-4cbc-a3bf-7707147c8804', '2024-11-26 04:05:05'),
	('c9a79c22-8546-4540-8d16-92c01c4a6a23', 'song-db7a06fe-3561-4b53-bd28-8151fb65bc44', '2024-11-26 04:05:18'),
	('c9a79c22-8546-4540-8d16-92c01c4a6a23', 'song-d539d44d-fdf0-41d5-ab2b-4bc5b3f2ba95', '2024-11-26 04:05:25'),
	('c9a79c22-8546-4540-8d16-92c01c4a6a23', '381b6b5e-305f-4cbc-a3bf-7707147c8804', '2024-11-26 04:06:17'),
	('c9a79c22-8546-4540-8d16-92c01c4a6a23', 'e17363fa-82d8-4ca4-8dee-ce1b62bcf995', '2024-11-26 04:07:42'),
	('c9a79c22-8546-4540-8d16-92c01c4a6a23', '381b6b5e-305f-4cbc-a3bf-7707147c8804', '2024-11-26 04:07:43'),
	('c9a79c22-8546-4540-8d16-92c01c4a6a23', 'e17363fa-82d8-4ca4-8dee-ce1b62bcf995', '2024-11-26 04:13:56'),
	('c9a79c22-8546-4540-8d16-92c01c4a6a23', 'ef9012fd-f635-49b5-918b-874c806a6b40', '2024-11-26 04:13:58'),
	('c9a79c22-8546-4540-8d16-92c01c4a6a23', 'f6e0a637-d439-49d2-b720-edb8f9c750f5', '2024-11-26 04:13:59'),
	('c9a79c22-8546-4540-8d16-92c01c4a6a23', 'song-09bf528d-f36d-4092-a0c1-30ce3c75c133', '2024-11-26 04:14:00'),
	('c9a79c22-8546-4540-8d16-92c01c4a6a23', 'song-0872b219-c9e9-40be-b5ca-2243067fc5f2', '2024-11-26 04:14:00'),
	('c9a79c22-8546-4540-8d16-92c01c4a6a23', 'song-0ffc9672-199c-4571-bf2d-1acba562fee6', '2024-11-26 04:14:00'),
	('c9a79c22-8546-4540-8d16-92c01c4a6a23', 'song-1018dc51-23e5-4e5f-934b-9d0c9de55105', '2024-11-26 04:14:01'),
	('c9a79c22-8546-4540-8d16-92c01c4a6a23', 'song-10652f8a-6e9c-47b9-acb2-6ef44c21977c', '2024-11-26 04:14:01'),
	('c9a79c22-8546-4540-8d16-92c01c4a6a23', 'song-104bc6e6-0fef-47e0-8711-b7927848f523', '2024-11-26 04:14:01'),
	('c9a79c22-8546-4540-8d16-92c01c4a6a23', 'song-1acbe83f-cfac-4359-a242-20090273f7d0', '2024-11-26 04:14:01'),
	('c9a79c22-8546-4540-8d16-92c01c4a6a23', 'song-19da69ea-95be-4cbe-bd44-f478d351f3a2', '2024-11-26 04:14:01'),
	('c9a79c22-8546-4540-8d16-92c01c4a6a23', 'song-1acbe83f-cfac-4359-a242-20090273f7d0', '2024-11-26 04:14:16'),
	('c9a79c22-8546-4540-8d16-92c01c4a6a23', '381b6b5e-305f-4cbc-a3bf-7707147c8804', '2024-11-26 04:14:27'),
	('c9a79c22-8546-4540-8d16-92c01c4a6a23', 'song-b987433e-b777-40c4-8e84-edf3dca11b64', '2024-11-26 04:14:34'),
	('c9a79c22-8546-4540-8d16-92c01c4a6a23', 'song-9c4ca4f2-5085-409c-a413-5c30d4f042ad', '2024-11-26 04:14:41'),
	('c9a79c22-8546-4540-8d16-92c01c4a6a23', 'song-4b8528bb-d89a-4613-be22-412fabe6bde8', '2024-11-26 04:27:54'),
	('c9a79c22-8546-4540-8d16-92c01c4a6a23', '381b6b5e-305f-4cbc-a3bf-7707147c8804', '2024-11-26 04:28:23'),
	('c9a79c22-8546-4540-8d16-92c01c4a6a23', 'e17363fa-82d8-4ca4-8dee-ce1b62bcf995', '2024-11-26 04:28:27'),
	('c9a79c22-8546-4540-8d16-92c01c4a6a23', 'ef9012fd-f635-49b5-918b-874c806a6b40', '2024-11-26 04:28:28'),
	('c9a79c22-8546-4540-8d16-92c01c4a6a23', 'song-104bc6e6-0fef-47e0-8711-b7927848f523', '2024-11-26 04:28:30'),
	('c9a79c22-8546-4540-8d16-92c01c4a6a23', 'song-279034ba-af64-4b30-8342-09aa24557a2d', '2024-11-26 04:28:31'),
	('c9a79c22-8546-4540-8d16-92c01c4a6a23', 'song-34070b1c-5232-4543-b271-772926aa0c5b', '2024-11-26 04:28:32'),
	('c9a79c22-8546-4540-8d16-92c01c4a6a23', '381b6b5e-305f-4cbc-a3bf-7707147c8804', '2024-11-26 04:28:39'),
	('c9a79c22-8546-4540-8d16-92c01c4a6a23', 'f6e0a637-d439-49d2-b720-edb8f9c750f5', '2024-11-26 04:28:45'),
	('c9a79c22-8546-4540-8d16-92c01c4a6a23', 'song-0872b219-c9e9-40be-b5ca-2243067fc5f2', '2024-11-26 04:28:51'),
	('c9a79c22-8546-4540-8d16-92c01c4a6a23', '381b6b5e-305f-4cbc-a3bf-7707147c8804', '2024-11-26 04:30:07'),
	('c9a79c22-8546-4540-8d16-92c01c4a6a23', 'e17363fa-82d8-4ca4-8dee-ce1b62bcf995', '2024-11-26 04:30:14'),
	('c9a79c22-8546-4540-8d16-92c01c4a6a23', '381b6b5e-305f-4cbc-a3bf-7707147c8804', '2024-11-26 07:43:40'),
	('c9a79c22-8546-4540-8d16-92c01c4a6a23', 'e17363fa-82d8-4ca4-8dee-ce1b62bcf995', '2024-11-26 07:43:46'),
	('c9a79c22-8546-4540-8d16-92c01c4a6a23', 'ef9012fd-f635-49b5-918b-874c806a6b40', '2024-11-26 07:43:47'),
	('c9a79c22-8546-4540-8d16-92c01c4a6a23', 'song-0872b219-c9e9-40be-b5ca-2243067fc5f2', '2024-11-26 07:43:49'),
	('c9a79c22-8546-4540-8d16-92c01c4a6a23', 'f6e0a637-d439-49d2-b720-edb8f9c750f5', '2024-11-26 07:43:49'),
	('c9a79c22-8546-4540-8d16-92c01c4a6a23', 'song-09bf528d-f36d-4092-a0c1-30ce3c75c133', '2024-11-26 07:43:49'),
	('c9a79c22-8546-4540-8d16-92c01c4a6a23', 'song-275e4c7f-99ce-4848-8c99-db6c8316f289', '2024-11-26 07:44:16'),
	('c9a79c22-8546-4540-8d16-92c01c4a6a23', 'song-45f37a25-fa22-4234-99c1-eebf02c5c6f4', '2024-11-26 07:48:03'),
	('c9a79c22-8546-4540-8d16-92c01c4a6a23', 'song-7a126c0e-ebe5-491e-8041-d520b396ef24', '2024-11-26 07:52:30'),
	('c9a79c22-8546-4540-8d16-92c01c4a6a23', 'song-c6240124-3a3b-446c-ad72-96beb41c4506', '2024-11-26 07:55:50'),
	('c9a79c22-8546-4540-8d16-92c01c4a6a23', 'song-27b04085-ddac-46f4-ba90-b5269a6b12c1', '2024-11-26 08:00:00'),
	('c9a79c22-8546-4540-8d16-92c01c4a6a23', 'song-db7a06fe-3561-4b53-bd28-8151fb65bc44', '2024-11-26 08:05:41'),
	('c9a79c22-8546-4540-8d16-92c01c4a6a23', 'song-f4381e2c-c4a5-4c1d-bf4c-dd4f03aef3de', '2024-11-26 08:09:52'),
	('c9a79c22-8546-4540-8d16-92c01c4a6a23', 'song-33790516-d0c7-4535-8865-d18949565652', '2024-11-26 08:14:30'),
	('c9a79c22-8546-4540-8d16-92c01c4a6a23', 'song-db7a06fe-3561-4b53-bd28-8151fb65bc44', '2024-11-26 08:47:36'),
	('c9a79c22-8546-4540-8d16-92c01c4a6a23', 'song-f4381e2c-c4a5-4c1d-bf4c-dd4f03aef3de', '2024-11-27 08:43:28'),
	('c9a79c22-8546-4540-8d16-92c01c4a6a23', 'song-db7a06fe-3561-4b53-bd28-8151fb65bc44', '2024-11-27 09:48:41'),
	('c9a79c22-8546-4540-8d16-92c01c4a6a23', 'song-f4381e2c-c4a5-4c1d-bf4c-dd4f03aef3de', '2024-11-27 09:52:52'),
	('c9a79c22-8546-4540-8d16-92c01c4a6a23', 'song-33790516-d0c7-4535-8865-d18949565652', '2024-11-27 09:57:31'),
	('c9a79c22-8546-4540-8d16-92c01c4a6a23', 'e17363fa-82d8-4ca4-8dee-ce1b62bcf995', '2024-11-27 10:01:57'),
	('c9a79c22-8546-4540-8d16-92c01c4a6a23', 'song-982f10b9-42ec-4af8-9de8-7f77f623913b', '2024-11-27 10:05:39'),
	('c9a79c22-8546-4540-8d16-92c01c4a6a23', 'song-945e2d3b-1652-4fb3-970a-c36ce43282bc', '2024-11-27 10:10:12'),
	('c9a79c22-8546-4540-8d16-92c01c4a6a23', 'song-279034ba-af64-4b30-8342-09aa24557a2d', '2024-11-27 10:14:21'),
	('c9a79c22-8546-4540-8d16-92c01c4a6a23', 'song-09bf528d-f36d-4092-a0c1-30ce3c75c133', '2024-11-27 10:17:02'),
	('c9a79c22-8546-4540-8d16-92c01c4a6a23', 'song-db7a06fe-3561-4b53-bd28-8151fb65bc44', '2024-11-27 12:45:54'),
	('c9a79c22-8546-4540-8d16-92c01c4a6a23', 'song-f4381e2c-c4a5-4c1d-bf4c-dd4f03aef3de', '2024-11-27 12:47:57'),
	('c9a79c22-8546-4540-8d16-92c01c4a6a23', '381b6b5e-305f-4cbc-a3bf-7707147c8804', '2024-11-27 12:49:28'),
	('c9a79c22-8546-4540-8d16-92c01c4a6a23', 'song-104bc6e6-0fef-47e0-8711-b7927848f523', '2024-11-27 12:49:35'),
	('c9a79c22-8546-4540-8d16-92c01c4a6a23', 'song-533f87a8-965d-4a83-91ff-57b446085a9d', '2024-11-27 12:49:36'),
	('c9a79c22-8546-4540-8d16-92c01c4a6a23', 'song-784d02fa-dc31-4c2f-9627-820889482e80', '2024-11-27 12:49:51'),
	('c9a79c22-8546-4540-8d16-92c01c4a6a23', 'song-4b8528bb-d89a-4613-be22-412fabe6bde8', '2024-11-27 12:52:02'),
	('c9a79c22-8546-4540-8d16-92c01c4a6a23', '381b6b5e-305f-4cbc-a3bf-7707147c8804', '2024-11-27 12:52:04'),
	('c9a79c22-8546-4540-8d16-92c01c4a6a23', 'song-104bc6e6-0fef-47e0-8711-b7927848f523', '2024-11-27 12:52:32'),
	('c9a79c22-8546-4540-8d16-92c01c4a6a23', 'song-533f87a8-965d-4a83-91ff-57b446085a9d', '2024-11-27 12:52:47'),
	('c9a79c22-8546-4540-8d16-92c01c4a6a23', '381b6b5e-305f-4cbc-a3bf-7707147c8804', '2024-11-27 12:53:14'),
	('c9a79c22-8546-4540-8d16-92c01c4a6a23', 'song-104bc6e6-0fef-47e0-8711-b7927848f523', '2024-11-27 12:53:35'),
	('c9a79c22-8546-4540-8d16-92c01c4a6a23', '381b6b5e-305f-4cbc-a3bf-7707147c8804', '2024-11-27 12:54:45'),
	('c9a79c22-8546-4540-8d16-92c01c4a6a23', 'song-104bc6e6-0fef-47e0-8711-b7927848f523', '2024-11-27 12:54:55'),
	('c9a79c22-8546-4540-8d16-92c01c4a6a23', '381b6b5e-305f-4cbc-a3bf-7707147c8804', '2024-11-27 12:56:00'),
	('c9a79c22-8546-4540-8d16-92c01c4a6a23', 'song-104bc6e6-0fef-47e0-8711-b7927848f523', '2024-11-27 12:56:31'),
	('c9a79c22-8546-4540-8d16-92c01c4a6a23', '381b6b5e-305f-4cbc-a3bf-7707147c8804', '2024-11-27 12:57:37'),
	('c9a79c22-8546-4540-8d16-92c01c4a6a23', 'song-104bc6e6-0fef-47e0-8711-b7927848f523', '2024-11-27 12:57:51'),
	('c9a79c22-8546-4540-8d16-92c01c4a6a23', '381b6b5e-305f-4cbc-a3bf-7707147c8804', '2024-11-27 12:58:30'),
	('c9a79c22-8546-4540-8d16-92c01c4a6a23', 'song-104bc6e6-0fef-47e0-8711-b7927848f523', '2024-11-27 13:00:41'),
	('c9a79c22-8546-4540-8d16-92c01c4a6a23', 'song-533f87a8-965d-4a83-91ff-57b446085a9d', '2024-11-27 14:25:20'),
	('c9a79c22-8546-4540-8d16-92c01c4a6a23', 'song-784d02fa-dc31-4c2f-9627-820889482e80', '2024-11-27 14:25:23'),
	('c9a79c22-8546-4540-8d16-92c01c4a6a23', '381b6b5e-305f-4cbc-a3bf-7707147c8804', '2024-11-27 14:25:39'),
	('c9a79c22-8546-4540-8d16-92c01c4a6a23', 'song-784d02fa-dc31-4c2f-9627-820889482e80', '2024-11-27 14:25:57'),
	('c9a79c22-8546-4540-8d16-92c01c4a6a23', '381b6b5e-305f-4cbc-a3bf-7707147c8804', '2024-11-27 14:26:05'),
	('c9a79c22-8546-4540-8d16-92c01c4a6a23', 'song-784d02fa-dc31-4c2f-9627-820889482e80', '2024-11-27 14:26:22'),
	('c9a79c22-8546-4540-8d16-92c01c4a6a23', 'song-3099d47b-0ff1-44cd-a46c-616d206f0292', '2024-11-27 14:38:29'),
	('admine88e7421-a0d4-48f2-a221-b30cfc54a7dc]', 'song-3099d47b-0ff1-44cd-a46c-616d206f0292', '2024-11-27 14:38:37'),
	('admine88e7421-a0d4-48f2-a221-b30cfc54a7dc]', 'song-9307de90-d2fa-44d6-9938-468a3db8b5a0', '2024-11-27 14:51:59'),
	('c9a79c22-8546-4540-8d16-92c01c4a6a23', 'song-784d02fa-dc31-4c2f-9627-820889482e80', '2024-11-27 14:52:26'),
	('c9a79c22-8546-4540-8d16-92c01c4a6a23', 'song-9307de90-d2fa-44d6-9938-468a3db8b5a0', '2024-11-27 14:52:34'),
	('c9a79c22-8546-4540-8d16-92c01c4a6a23', '381b6b5e-305f-4cbc-a3bf-7707147c8804', '2024-11-28 02:00:16'),
	('c9a79c22-8546-4540-8d16-92c01c4a6a23', 'song-0ffc9672-199c-4571-bf2d-1acba562fee6', '2024-11-28 02:00:20'),
	('c9a79c22-8546-4540-8d16-92c01c4a6a23', 'song-36d7e699-f13e-4746-93ba-0755345cb06d', '2024-11-28 02:04:29'),
	('admine88e7421-a0d4-48f2-a221-b30cfc54a7dc]', 'song-3099d47b-0ff1-44cd-a46c-616d206f0292', '2024-11-28 04:09:01'),
	('admine88e7421-a0d4-48f2-a221-b30cfc54a7dc]', 'song-95520147-9480-45d4-afc2-c31436be5b0d', '2024-11-28 04:11:49'),
	('c9a79c22-8546-4540-8d16-92c01c4a6a23', 'song-533f87a8-965d-4a83-91ff-57b446085a9d', '2024-11-28 09:55:06'),
	('c9a79c22-8546-4540-8d16-92c01c4a6a23', 'song-4b8528bb-d89a-4613-be22-412fabe6bde8', '2024-11-28 09:59:02'),
	('c9a79c22-8546-4540-8d16-92c01c4a6a23', 'song-63810c36-0bfe-448c-9fca-ab6865a9b557', '2024-11-28 10:03:03'),
	('c9a79c22-8546-4540-8d16-92c01c4a6a23', 'song-09bf528d-f36d-4092-a0c1-30ce3c75c133', '2024-11-28 10:05:53'),
	('c9a79c22-8546-4540-8d16-92c01c4a6a23', 'song-b1d95327-057f-4a9f-abec-8eba59ea9371', '2024-11-28 10:09:46'),
	('c9a79c22-8546-4540-8d16-92c01c4a6a23', 'song-5ce1a02d-9830-444e-9495-0f6629effd92', '2024-11-28 10:19:57'),
	('c9a79c22-8546-4540-8d16-92c01c4a6a23', 'song-e4e99454-add9-4bbf-a77b-ad3e56699c3b', '2024-11-28 10:24:33'),
	('c9a79c22-8546-4540-8d16-92c01c4a6a23', '381b6b5e-305f-4cbc-a3bf-7707147c8804', '2024-11-28 10:29:04'),
	('c9a79c22-8546-4540-8d16-92c01c4a6a23', 'song-c7bf148f-c85e-47ad-88ef-e44ed8bd7a27', '2024-11-28 10:33:27'),
	('c9a79c22-8546-4540-8d16-92c01c4a6a23', 'song-d2e32bb6-21c9-488d-91bb-7553c0302dc8', '2024-11-28 10:37:44'),
	('c9a79c22-8546-4540-8d16-92c01c4a6a23', 'song-ba3c4b4d-a3f8-446a-8697-6d4179af49c4', '2024-11-28 10:42:02'),
	('c9a79c22-8546-4540-8d16-92c01c4a6a23', 'song-b769ab3f-f2bd-4c23-a41a-ec3f99e9f4dc', '2024-11-28 10:45:53'),
	('c9a79c22-8546-4540-8d16-92c01c4a6a23', 'song-4f1658fb-0766-49b0-bd17-2706ced368e0', '2024-11-28 10:49:48'),
	('c9a79c22-8546-4540-8d16-92c01c4a6a23', 'song-f4381e2c-c4a5-4c1d-bf4c-dd4f03aef3de', '2024-11-28 10:54:41'),
	('c9a79c22-8546-4540-8d16-92c01c4a6a23', 'song-279034ba-af64-4b30-8342-09aa24557a2d', '2024-11-28 10:59:20'),
	('c9a79c22-8546-4540-8d16-92c01c4a6a23', 'song-3099d47b-0ff1-44cd-a46c-616d206f0292', '2024-11-28 11:02:00'),
	('c9a79c22-8546-4540-8d16-92c01c4a6a23', 'song-51fc786f-155b-455c-a918-5e1b3f0fe649', '2024-11-28 21:18:56'),
	('c9a79c22-8546-4540-8d16-92c01c4a6a23', 'song-cf0b9b88-603f-435c-b7f9-b35935b76480', '2024-11-28 21:23:26'),
	('c9a79c22-8546-4540-8d16-92c01c4a6a23', 'song-db7a06fe-3561-4b53-bd28-8151fb65bc44', '2024-11-29 06:09:00'),
	('c9a79c22-8546-4540-8d16-92c01c4a6a23', 'song-784d02fa-dc31-4c2f-9627-820889482e80', '2024-11-29 06:13:12'),
	('c9a79c22-8546-4540-8d16-92c01c4a6a23', 'song-e2497509-d209-44cd-8af0-e077f6f182e7', '2024-11-29 09:56:29'),
	('c9a79c22-8546-4540-8d16-92c01c4a6a23', 'song-543c046f-5a09-4016-970d-64bc63f17110', '2024-11-29 10:00:45'),
	('c9a79c22-8546-4540-8d16-92c01c4a6a23', 'song-3a759e1a-3432-4f0d-9fc2-c5c86c733259', '2024-11-29 10:04:29'),
	('c9a79c22-8546-4540-8d16-92c01c4a6a23', 'song-49722cde-1ea6-4e7f-b552-b45ccc6a9f11', '2024-11-29 10:09:26'),
	('c9a79c22-8546-4540-8d16-92c01c4a6a23', 'song-a9a0721a-e1e6-494a-9643-1b63bc711005', '2024-11-29 10:13:23'),
	('c9a79c22-8546-4540-8d16-92c01c4a6a23', 'song-9307de90-d2fa-44d6-9938-468a3db8b5a0', '2024-11-29 10:17:19'),
	('c9a79c22-8546-4540-8d16-92c01c4a6a23', 'song-7ab6533d-db5d-4885-8e7a-a1e1d37d2800', '2024-11-29 10:21:46'),
	('c9a79c22-8546-4540-8d16-92c01c4a6a23', 'song-104bc6e6-0fef-47e0-8711-b7927848f523', '2024-11-29 10:25:56'),
	('c9a79c22-8546-4540-8d16-92c01c4a6a23', 'song-275e4c7f-99ce-4848-8c99-db6c8316f289', '2024-11-29 10:29:58'),
	('c9a79c22-8546-4540-8d16-92c01c4a6a23', 'song-37999a9e-3ca8-4346-b4ba-d6e256e8ffb5', '2024-11-29 10:33:37'),
	('c9a79c22-8546-4540-8d16-92c01c4a6a23', 'song-aac27eea-cbc1-4031-be26-b0e0d5e6a25f', '2024-11-29 10:38:14'),
	('c9a79c22-8546-4540-8d16-92c01c4a6a23', 'song-f19d4db3-0087-4224-961a-f977afd194a4', '2024-11-29 10:43:18'),
	('c9a79c22-8546-4540-8d16-92c01c4a6a23', 'song-dcf2696a-bad3-4046-8101-64b3e943a3bf', '2024-11-29 10:47:23'),
	('c9a79c22-8546-4540-8d16-92c01c4a6a23', 'song-93fdba3c-5398-45a0-adf7-375b5ef97a48', '2024-11-29 10:51:47'),
	('c9a79c22-8546-4540-8d16-92c01c4a6a23', 'song-878cd831-fdb8-4623-9305-fabbb69395ca', '2024-11-29 10:57:01'),
	('c9a79c22-8546-4540-8d16-92c01c4a6a23', 'song-600838b4-efcc-40ae-86ae-8f3aa108d08b', '2024-11-29 11:00:37'),
	('c9a79c22-8546-4540-8d16-92c01c4a6a23', 'song-5c3b562d-bf3c-490c-a8c1-c119294e2820', '2024-11-29 15:51:44'),
	('c9a79c22-8546-4540-8d16-92c01c4a6a23', 'song-f29bddea-56c9-415f-980d-491d489a5732', '2024-11-29 15:54:01'),
	('c9a79c22-8546-4540-8d16-92c01c4a6a23', 'song-65ab71c0-895c-43ce-8af2-14b4670f10ca', '2024-11-29 15:58:08'),
	('c9a79c22-8546-4540-8d16-92c01c4a6a23', 'song-945e2d3b-1652-4fb3-970a-c36ce43282bc', '2024-11-29 16:02:02'),
	('c9a79c22-8546-4540-8d16-92c01c4a6a23', 'song-43b4a4c4-4b1e-4293-a800-e8cd18008028', '2024-11-29 16:06:10'),
	('c9a79c22-8546-4540-8d16-92c01c4a6a23', 'song-f696fb26-5004-4136-8621-02cce631e173', '2024-11-29 16:09:24'),
	('c9a79c22-8546-4540-8d16-92c01c4a6a23', 'f6e0a637-d439-49d2-b720-edb8f9c750f5', '2024-11-29 16:12:38'),
	('c9a79c22-8546-4540-8d16-92c01c4a6a23', 'song-729e7f87-e705-4164-83c3-a49bc4d8ab46', '2024-11-29 16:18:06'),
	('c9a79c22-8546-4540-8d16-92c01c4a6a23', 'song-d5929fd7-3621-4b43-828c-ebfe89618c21', '2024-11-29 16:23:01'),
	('c9a79c22-8546-4540-8d16-92c01c4a6a23', 'song-45f37a25-fa22-4234-99c1-eebf02c5c6f4', '2024-11-29 16:26:15'),
	('c9a79c22-8546-4540-8d16-92c01c4a6a23', 'song-7179a1b0-6657-47c1-9cbf-37bb6956ee6a', '2024-11-29 16:30:43'),
	('c9a79c22-8546-4540-8d16-92c01c4a6a23', 'song-478c4d87-f77e-49fd-9163-56685817540b', '2024-11-29 16:34:58'),
	('c9a79c22-8546-4540-8d16-92c01c4a6a23', 'song-7a126c0e-ebe5-491e-8041-d520b396ef24', '2024-11-29 16:38:12'),
	('c9a79c22-8546-4540-8d16-92c01c4a6a23', 'song-d2ba7c4e-e4b2-440a-8252-a7a488ac5439', '2024-11-29 16:44:19'),
	('c9a79c22-8546-4540-8d16-92c01c4a6a23', 'song-600838b4-efcc-40ae-86ae-8f3aa108d08b', '2024-11-29 17:38:59'),
	('c9a79c22-8546-4540-8d16-92c01c4a6a23', 'song-ba3c4b4d-a3f8-446a-8697-6d4179af49c4', '2024-11-29 23:17:25'),
	('c9a79c22-8546-4540-8d16-92c01c4a6a23', 'song-729e7f87-e705-4164-83c3-a49bc4d8ab46', '2024-11-29 23:21:17'),
	('c9a79c22-8546-4540-8d16-92c01c4a6a23', 'song-104bc6e6-0fef-47e0-8711-b7927848f523', '2024-11-29 23:26:12'),
	('c9a79c22-8546-4540-8d16-92c01c4a6a23', 'song-7ab6533d-db5d-4885-8e7a-a1e1d37d2800', '2024-11-29 23:30:14'),
	('c9a79c22-8546-4540-8d16-92c01c4a6a23', 'song-0ffc9672-199c-4571-bf2d-1acba562fee6', '2024-11-29 23:31:13'),
	('c9a79c22-8546-4540-8d16-92c01c4a6a23', 'song-7ab6533d-db5d-4885-8e7a-a1e1d37d2800', '2024-11-29 23:31:17'),
	('c9a79c22-8546-4540-8d16-92c01c4a6a23', 'song-d2ba7c4e-e4b2-440a-8252-a7a488ac5439', '2024-11-30 01:17:45'),
	('c9a79c22-8546-4540-8d16-92c01c4a6a23', 'song-a3c722bd-ba0a-4ac3-9844-da80ae7731ed', '2024-11-30 01:21:49'),
	('c9a79c22-8546-4540-8d16-92c01c4a6a23', 'song-982f10b9-42ec-4af8-9de8-7f77f623913b', '2024-11-30 01:26:56'),
	('c9a79c22-8546-4540-8d16-92c01c4a6a23', 'song-34070b1c-5232-4543-b271-772926aa0c5b', '2024-11-30 01:32:14'),
	('c9a79c22-8546-4540-8d16-92c01c4a6a23', 'song-ab7da2ba-6079-434b-96b1-7742eb40c7d7', '2024-11-30 01:36:26'),
	('c9a79c22-8546-4540-8d16-92c01c4a6a23', 'song-88382a76-7ced-4df5-b1e6-9a218bdd5cb8', '2024-11-30 01:40:25'),
	('c9a79c22-8546-4540-8d16-92c01c4a6a23', 'song-858a0871-ff5b-47f2-bdda-88ca679b141b', '2024-11-30 01:45:11'),
	('c9a79c22-8546-4540-8d16-92c01c4a6a23', 'song-7ab6533d-db5d-4885-8e7a-a1e1d37d2800', '2024-11-30 11:43:44'),
	('c9a79c22-8546-4540-8d16-92c01c4a6a23', 'song-0ffc9672-199c-4571-bf2d-1acba562fee6', '2024-11-30 11:47:57'),
	('c9a79c22-8546-4540-8d16-92c01c4a6a23', 'song-0872b219-c9e9-40be-b5ca-2243067fc5f2', '2024-11-30 11:52:07'),
	('c9a79c22-8546-4540-8d16-92c01c4a6a23', 'song-f696fb26-5004-4136-8621-02cce631e173', '2024-11-30 11:56:44'),
	('c9a79c22-8546-4540-8d16-92c01c4a6a23', 'song-b1d95327-057f-4a9f-abec-8eba59ea9371', '2024-11-30 11:59:59'),
	('c9a79c22-8546-4540-8d16-92c01c4a6a23', 'song-db7a06fe-3561-4b53-bd28-8151fb65bc44', '2024-11-30 12:05:32'),
	('c9a79c22-8546-4540-8d16-92c01c4a6a23', 'song-858a0871-ff5b-47f2-bdda-88ca679b141b', '2024-11-30 12:20:58'),
	('c9a79c22-8546-4540-8d16-92c01c4a6a23', 'song-5d887b87-81e8-4604-a529-b0a732b60c2d', '2024-11-30 12:24:27'),
	('c9a79c22-8546-4540-8d16-92c01c4a6a23', 'song-1d91e5de-acd7-499e-b79a-11ba8f916c90', '2024-11-30 12:28:51'),
	('c9a79c22-8546-4540-8d16-92c01c4a6a23', 'song-d539d44d-fdf0-41d5-ab2b-4bc5b3f2ba95', '2024-11-30 12:32:59'),
	('c9a79c22-8546-4540-8d16-92c01c4a6a23', 'song-94abb065-3617-49a5-96cd-7688733c5472', '2024-11-30 12:37:08'),
	('c9a79c22-8546-4540-8d16-92c01c4a6a23', 'song-c6240124-3a3b-446c-ad72-96beb41c4506', '2024-11-30 12:40:38'),
	('c9a79c22-8546-4540-8d16-92c01c4a6a23', 'song-33790516-d0c7-4535-8865-d18949565652', '2024-11-30 12:45:09'),
	('c9a79c22-8546-4540-8d16-92c01c4a6a23', 'e17363fa-82d8-4ca4-8dee-ce1b62bcf995', '2024-11-30 12:49:35'),
	('c9a79c22-8546-4540-8d16-92c01c4a6a23', 'song-9c4ca4f2-5085-409c-a413-5c30d4f042ad', '2024-11-30 12:53:15'),
	('c9a79c22-8546-4540-8d16-92c01c4a6a23', 'song-4763e94c-76a4-40c2-a478-4ff14713cb11', '2024-11-30 12:57:04'),
	('c9a79c22-8546-4540-8d16-92c01c4a6a23', 'song-db7a06fe-3561-4b53-bd28-8151fb65bc44', '2024-11-30 23:13:37'),
	('c9a79c22-8546-4540-8d16-92c01c4a6a23', 'song-ab7da2ba-6079-434b-96b1-7742eb40c7d7', '2024-11-30 23:17:56'),
	('c9a79c22-8546-4540-8d16-92c01c4a6a23', 'song-1018dc51-23e5-4e5f-934b-9d0c9de55105', '2024-11-30 23:21:56'),
	('c9a79c22-8546-4540-8d16-92c01c4a6a23', 'song-ab7da2ba-6079-434b-96b1-7742eb40c7d7', '2024-11-30 23:24:15'),
	('c9a79c22-8546-4540-8d16-92c01c4a6a23', 'song-49722cde-1ea6-4e7f-b552-b45ccc6a9f11', '2024-11-30 23:24:26'),
	('c9a79c22-8546-4540-8d16-92c01c4a6a23', '381b6b5e-305f-4cbc-a3bf-7707147c8804', '2024-11-30 23:26:31'),
	('c9a79c22-8546-4540-8d16-92c01c4a6a23', 'song-d539d44d-fdf0-41d5-ab2b-4bc5b3f2ba95', '2024-11-30 23:26:44'),
	('c9a79c22-8546-4540-8d16-92c01c4a6a23', 'song-94abb065-3617-49a5-96cd-7688733c5472', '2024-11-30 23:30:54'),
	('c9a79c22-8546-4540-8d16-92c01c4a6a23', 'song-4763e94c-76a4-40c2-a478-4ff14713cb11', '2024-12-02 02:00:56'),
	('admine88e7421-a0d4-48f2-a221-b30cfc54a7dc]', 'song-3099d47b-0ff1-44cd-a46c-616d206f0292', '2024-12-02 14:51:35'),
	('admine88e7421-a0d4-48f2-a221-b30cfc54a7dc]', 'song-0ffc9672-199c-4571-bf2d-1acba562fee6', '2024-12-02 14:53:13'),
	('c9a79c22-8546-4540-8d16-92c01c4a6a23', 'song-5c3b562d-bf3c-490c-a8c1-c119294e2820', '2024-12-04 09:09:31'),
	('c9a79c22-8546-4540-8d16-92c01c4a6a23', 'song-945e2d3b-1652-4fb3-970a-c36ce43282bc', '2024-12-05 02:40:02'),
	('c9a79c22-8546-4540-8d16-92c01c4a6a23', 'song-104bc6e6-0fef-47e0-8711-b7927848f523', '2024-12-06 03:30:22'),
	('c9a79c22-8546-4540-8d16-92c01c4a6a23', 'song-945e2d3b-1652-4fb3-970a-c36ce43282bc', '2024-12-07 13:55:09'),
	('admine88e7421-a0d4-48f2-a221-b30cfc54a7dc]', 'song-15df81ef-2198-400e-aa4b-e444ebd830e3', '2024-12-12 08:50:20'),
	('c9a79c22-8546-4540-8d16-92c01c4a6a23', 'song-db7a06fe-3561-4b53-bd28-8151fb65bc44', '2024-12-12 09:40:55'),
	('admine88e7421-a0d4-48f2-a221-b30cfc54a7dc]', 'song-db7a06fe-3561-4b53-bd28-8151fb65bc44', '2024-12-15 14:30:02'),
	('admine88e7421-a0d4-48f2-a221-b30cfc54a7dc]', 'song-154a024a-7903-4211-9e82-5c0d9d018d9d', '2024-12-15 14:48:24'),
	('admine88e7421-a0d4-48f2-a221-b30cfc54a7dc]', 'song-db7a06fe-3561-4b53-bd28-8151fb65bc44', '2024-12-15 14:48:51'),
	('c9a79c22-8546-4540-8d16-92c01c4a6a23', 'song-104bc6e6-0fef-47e0-8711-b7927848f523', '2024-12-15 15:24:14'),
	('c9a79c22-8546-4540-8d16-92c01c4a6a23', 'song-9307de90-d2fa-44d6-9938-468a3db8b5a0', '2024-12-15 15:24:20'),
	('admine88e7421-a0d4-48f2-a221-b30cfc54a7dc]', 'song-9307de90-d2fa-44d6-9938-468a3db8b5a0', '2024-12-15 15:24:47'),
	('c9a79c22-8546-4540-8d16-92c01c4a6a23', 'f6e0a637-d439-49d2-b720-edb8f9c750f5', '2024-12-18 09:37:45'),
	('admine88e7421-a0d4-48f2-a221-b30cfc54a7dc]', 'f6e0a637-d439-49d2-b720-edb8f9c750f5', '2024-12-18 14:30:37'),
	('c9a79c22-8546-4540-8d16-92c01c4a6a23', 'song-94abb065-3617-49a5-96cd-7688733c5472', '2024-12-19 00:44:09'),
	('c9a79c22-8546-4540-8d16-92c01c4a6a23', 'f6e0a637-d439-49d2-b720-edb8f9c750f5', '2024-12-19 04:46:19'),
	('c9a79c22-8546-4540-8d16-92c01c4a6a23', 'song-9307de90-d2fa-44d6-9938-468a3db8b5a0', '2024-12-19 13:41:29'),
	('admine88e7421-a0d4-48f2-a221-b30cfc54a7dc]', 'song-60a893bd-3628-4b40-89db-ebffde3d8629', '2024-12-20 02:37:15'),
	('admine88e7421-a0d4-48f2-a221-b30cfc54a7dc]', 'f6e0a637-d439-49d2-b720-edb8f9c750f5', '2024-12-20 02:39:23'),
	('admine88e7421-a0d4-48f2-a221-b30cfc54a7dc]', 'song-4994ca26-490e-4412-9e54-826c652dd1b0', '2024-12-20 02:43:56'),
	('admine88e7421-a0d4-48f2-a221-b30cfc54a7dc]', 'song-db4ed8d3-c166-426f-817b-54e6762cd179', '2024-12-20 02:46:37'),
	('admine88e7421-a0d4-48f2-a221-b30cfc54a7dc]', 'f6e0a637-d439-49d2-b720-edb8f9c750f5', '2024-12-20 02:49:44'),
	('admine88e7421-a0d4-48f2-a221-b30cfc54a7dc]', 'song-db4ed8d3-c166-426f-817b-54e6762cd179', '2024-12-20 02:49:55'),
	('admine88e7421-a0d4-48f2-a221-b30cfc54a7dc]', 'song-a93c7513-4d0a-49c4-a613-a85aa196d39f', '2024-12-20 10:54:14'),
	('admine88e7421-a0d4-48f2-a221-b30cfc54a7dc]', 'song-db4ed8d3-c166-426f-817b-54e6762cd179', '2024-12-20 10:57:54'),
	('admine88e7421-a0d4-48f2-a221-b30cfc54a7dc]', 'song-a93c7513-4d0a-49c4-a613-a85aa196d39f', '2024-12-20 10:57:57'),
	('admine88e7421-a0d4-48f2-a221-b30cfc54a7dc]', 'song-19da69ea-95be-4cbe-bd44-f478d351f3a2', '2024-12-20 11:02:06'),
	('admine88e7421-a0d4-48f2-a221-b30cfc54a7dc]', 'song-94abb065-3617-49a5-96cd-7688733c5472', '2024-12-20 11:05:38'),
	('admine88e7421-a0d4-48f2-a221-b30cfc54a7dc]', 'song-f4381e2c-c4a5-4c1d-bf4c-dd4f03aef3de', '2024-12-20 11:09:06'),
	('admine88e7421-a0d4-48f2-a221-b30cfc54a7dc]', 'song-878cd831-fdb8-4623-9305-fabbb69395ca', '2024-12-21 02:52:39'),
	('admine88e7421-a0d4-48f2-a221-b30cfc54a7dc]', 'song-d2ba7c4e-e4b2-440a-8252-a7a488ac5439', '2024-12-21 02:56:15'),
	('admine88e7421-a0d4-48f2-a221-b30cfc54a7dc]', 'song-945e2d3b-1652-4fb3-970a-c36ce43282bc', '2024-12-21 03:00:20'),
	('admine88e7421-a0d4-48f2-a221-b30cfc54a7dc]', 'song-43b4a4c4-4b1e-4293-a800-e8cd18008028', '2024-12-21 03:04:28'),
	('admine88e7421-a0d4-48f2-a221-b30cfc54a7dc]', 'song-19da69ea-95be-4cbe-bd44-f478d351f3a2', '2024-12-21 03:07:43'),
	('admine88e7421-a0d4-48f2-a221-b30cfc54a7dc]', 'song-94abb065-3617-49a5-96cd-7688733c5472', '2024-12-21 03:11:14'),
	('admine88e7421-a0d4-48f2-a221-b30cfc54a7dc]', 'song-f4381e2c-c4a5-4c1d-bf4c-dd4f03aef3de', '2024-12-21 03:14:43'),
	('admine88e7421-a0d4-48f2-a221-b30cfc54a7dc]', 'song-878cd831-fdb8-4623-9305-fabbb69395ca', '2024-12-21 03:19:21'),
	('admine88e7421-a0d4-48f2-a221-b30cfc54a7dc]', 'song-d2ba7c4e-e4b2-440a-8252-a7a488ac5439', '2024-12-21 03:22:56'),
	('admine88e7421-a0d4-48f2-a221-b30cfc54a7dc]', 'song-945e2d3b-1652-4fb3-970a-c36ce43282bc', '2024-12-21 03:26:59'),
	('c9a79c22-8546-4540-8d16-92c01c4a6a23', 'song-94abb065-3617-49a5-96cd-7688733c5472', '2024-12-21 07:02:17'),
	('c9a79c22-8546-4540-8d16-92c01c4a6a23', 'song-275e4c7f-99ce-4848-8c99-db6c8316f289', '2024-12-21 07:03:36'),
	('c9a79c22-8546-4540-8d16-92c01c4a6a23', 'song-9307de90-d2fa-44d6-9938-468a3db8b5a0', '2024-12-21 08:26:44'),
	('c9a79c22-8546-4540-8d16-92c01c4a6a23', '381b6b5e-305f-4cbc-a3bf-7707147c8804', '2024-12-21 09:32:36'),
	('admine88e7421-a0d4-48f2-a221-b30cfc54a7dc]', 'song-33790516-d0c7-4535-8865-d18949565652', '2024-12-21 11:01:35'),
	('admine88e7421-a0d4-48f2-a221-b30cfc54a7dc]', '381b6b5e-305f-4cbc-a3bf-7707147c8804', '2024-12-21 11:44:05'),
	('admine88e7421-a0d4-48f2-a221-b30cfc54a7dc]', 'song-d1eac032-1b95-425f-a4a8-26ba8f22b16d', '2024-12-21 11:57:30'),
	('admine88e7421-a0d4-48f2-a221-b30cfc54a7dc]', 'song-33790516-d0c7-4535-8865-d18949565652', '2024-12-21 13:27:38'),
	('admine88e7421-a0d4-48f2-a221-b30cfc54a7dc]', 'song-d1eac032-1b95-425f-a4a8-26ba8f22b16d', '2024-12-21 13:27:55'),
	('admine88e7421-a0d4-48f2-a221-b30cfc54a7dc]', 'song-7179a1b0-6657-47c1-9cbf-37bb6956ee6a', '2024-12-21 13:35:07'),
	('admine88e7421-a0d4-48f2-a221-b30cfc54a7dc]', '381b6b5e-305f-4cbc-a3bf-7707147c8804', '2024-12-22 03:12:54'),
	('admine88e7421-a0d4-48f2-a221-b30cfc54a7dc]', 'song-7179a1b0-6657-47c1-9cbf-37bb6956ee6a', '2024-12-22 08:36:33'),
	('admine88e7421-a0d4-48f2-a221-b30cfc54a7dc]', 'song-9307de90-d2fa-44d6-9938-468a3db8b5a0', '2024-12-22 08:36:53'),
	('admine88e7421-a0d4-48f2-a221-b30cfc54a7dc]', 'ef9012fd-f635-49b5-918b-874c806a6b40', '2024-12-22 08:53:05'),
	('admine88e7421-a0d4-48f2-a221-b30cfc54a7dc]', 'song-7ab6533d-db5d-4885-8e7a-a1e1d37d2800', '2024-12-22 08:57:27'),
	('admine88e7421-a0d4-48f2-a221-b30cfc54a7dc]', '381b6b5e-305f-4cbc-a3bf-7707147c8804', '2024-12-22 09:16:22'),
	('admine88e7421-a0d4-48f2-a221-b30cfc54a7dc]', 'ef9012fd-f635-49b5-918b-874c806a6b40', '2024-12-22 09:16:27'),
	('admine88e7421-a0d4-48f2-a221-b30cfc54a7dc]', 'song-37999a9e-3ca8-4346-b4ba-d6e256e8ffb5', '2024-12-22 09:16:40'),
	('admine88e7421-a0d4-48f2-a221-b30cfc54a7dc]', 'song-7ab6533d-db5d-4885-8e7a-a1e1d37d2800', '2024-12-22 09:17:29'),
	('admine88e7421-a0d4-48f2-a221-b30cfc54a7dc]', 'song-45f37a25-fa22-4234-99c1-eebf02c5c6f4', '2024-12-22 09:21:17'),
	('admine88e7421-a0d4-48f2-a221-b30cfc54a7dc]', 'song-7ab6533d-db5d-4885-8e7a-a1e1d37d2800', '2024-12-22 14:08:44'),
	('c9a79c22-8546-4540-8d16-92c01c4a6a23', 'song-0ffc9672-199c-4571-bf2d-1acba562fee6', '2024-12-23 03:49:01'),
	('admine88e7421-a0d4-48f2-a221-b30cfc54a7dc]', 'song-600838b4-efcc-40ae-86ae-8f3aa108d08b', '2024-12-23 03:50:19'),
	('c9a79c22-8546-4540-8d16-92c01c4a6a23', 'song-9c4ca4f2-5085-409c-a413-5c30d4f042ad', '2024-12-23 03:50:37'),
	('c9a79c22-8546-4540-8d16-92c01c4a6a23', 'ef9012fd-f635-49b5-918b-874c806a6b40', '2024-12-23 04:02:08'),
	('c9a79c22-8546-4540-8d16-92c01c4a6a23', '381b6b5e-305f-4cbc-a3bf-7707147c8804', '2024-12-23 04:03:38'),
	('c9a79c22-8546-4540-8d16-92c01c4a6a23', 'song-9307de90-d2fa-44d6-9938-468a3db8b5a0', '2024-12-23 04:19:34'),
	('c9a79c22-8546-4540-8d16-92c01c4a6a23', 'song-154a024a-7903-4211-9e82-5c0d9d018d9d', '2024-12-23 04:19:48'),
	('c9a79c22-8546-4540-8d16-92c01c4a6a23', 'f6e0a637-d439-49d2-b720-edb8f9c750f5', '2024-12-23 04:20:12'),
	('c9a79c22-8546-4540-8d16-92c01c4a6a23', '381b6b5e-305f-4cbc-a3bf-7707147c8804', '2024-12-23 04:20:24'),
	('admine88e7421-a0d4-48f2-a221-b30cfc54a7dc]', 'song-7ab6533d-db5d-4885-8e7a-a1e1d37d2800', '2024-12-24 10:08:26'),
	('admine88e7421-a0d4-48f2-a221-b30cfc54a7dc]', 'song-a3c722bd-ba0a-4ac3-9844-da80ae7731ed', '2024-12-25 02:47:14'),
	('admine88e7421-a0d4-48f2-a221-b30cfc54a7dc]', 'song-9307de90-d2fa-44d6-9938-468a3db8b5a0', '2024-12-25 02:50:16'),
	('admine88e7421-a0d4-48f2-a221-b30cfc54a7dc]', 'song-600838b4-efcc-40ae-86ae-8f3aa108d08b', '2024-12-26 13:06:05'),
	('admine88e7421-a0d4-48f2-a221-b30cfc54a7dc]', 'song-9307de90-d2fa-44d6-9938-468a3db8b5a0', '2024-12-27 02:03:05'),
	('admine88e7421-a0d4-48f2-a221-b30cfc54a7dc]', 'song-19da69ea-95be-4cbe-bd44-f478d351f3a2', '2024-12-27 14:52:59'),
	('admine88e7421-a0d4-48f2-a221-b30cfc54a7dc]', 'song-9307de90-d2fa-44d6-9938-468a3db8b5a0', '2024-12-27 14:56:31'),
	('admine88e7421-a0d4-48f2-a221-b30cfc54a7dc]', 'song-43b4a4c4-4b1e-4293-a800-e8cd18008028', '2024-12-27 15:00:58'),
	('admine88e7421-a0d4-48f2-a221-b30cfc54a7dc]', 'song-878cd831-fdb8-4623-9305-fabbb69395ca', '2024-12-27 15:04:13'),
	('admine88e7421-a0d4-48f2-a221-b30cfc54a7dc]', 'song-945e2d3b-1652-4fb3-970a-c36ce43282bc', '2024-12-27 15:07:50'),
	('admine88e7421-a0d4-48f2-a221-b30cfc54a7dc]', 'song-f4381e2c-c4a5-4c1d-bf4c-dd4f03aef3de', '2024-12-27 15:11:59'),
	('admine88e7421-a0d4-48f2-a221-b30cfc54a7dc]', 'song-d2ba7c4e-e4b2-440a-8252-a7a488ac5439', '2024-12-27 15:16:37'),
	('admine88e7421-a0d4-48f2-a221-b30cfc54a7dc]', 'song-37999a9e-3ca8-4346-b4ba-d6e256e8ffb5', '2024-12-28 14:44:52'),
	('c9a79c22-8546-4540-8d16-92c01c4a6a23', 'song-0ffc9672-199c-4571-bf2d-1acba562fee6', '2024-12-29 02:56:36'),
	('admine88e7421-a0d4-48f2-a221-b30cfc54a7dc]', 'song-88382a76-7ced-4df5-b1e6-9a218bdd5cb8', '2024-12-30 02:08:02'),
	('admine88e7421-a0d4-48f2-a221-b30cfc54a7dc]', 'song-600838b4-efcc-40ae-86ae-8f3aa108d08b', '2024-12-30 10:21:02'),
	('admine88e7421-a0d4-48f2-a221-b30cfc54a7dc]', 'song-88382a76-7ced-4df5-b1e6-9a218bdd5cb8', '2024-12-30 11:02:36'),
	('c9a79c22-8546-4540-8d16-92c01c4a6a23', 'song-275e4c7f-99ce-4848-8c99-db6c8316f289', '2024-12-30 11:28:30'),
	('c9a79c22-8546-4540-8d16-92c01c4a6a23', 'song-0ffc9672-199c-4571-bf2d-1acba562fee6', '2024-12-31 02:01:41'),
	('c9a79c22-8546-4540-8d16-92c01c4a6a23', '381b6b5e-305f-4cbc-a3bf-7707147c8804', '2024-12-31 02:15:01'),
	('c9a79c22-8546-4540-8d16-92c01c4a6a23', 'song-93fdba3c-5398-45a0-adf7-375b5ef97a48', '2024-12-31 02:18:30'),
	('c9a79c22-8546-4540-8d16-92c01c4a6a23', 'song-3a759e1a-3432-4f0d-9fc2-c5c86c733259', '2024-12-31 02:23:47'),
	('c9a79c22-8546-4540-8d16-92c01c4a6a23', 'song-45f37a25-fa22-4234-99c1-eebf02c5c6f4', '2024-12-31 02:28:45'),
	('c9a79c22-8546-4540-8d16-92c01c4a6a23', 'song-1018dc51-23e5-4e5f-934b-9d0c9de55105', '2024-12-31 02:33:20'),
	('c9a79c22-8546-4540-8d16-92c01c4a6a23', 'song-27b04085-ddac-46f4-ba90-b5269a6b12c1', '2024-12-31 02:37:32'),
	('c9a79c22-8546-4540-8d16-92c01c4a6a23', 'e17363fa-82d8-4ca4-8dee-ce1b62bcf995', '2024-12-31 02:45:56'),
	('c9a79c22-8546-4540-8d16-92c01c4a6a23', 'song-34070b1c-5232-4543-b271-772926aa0c5b', '2024-12-31 02:49:36'),
	('c9a79c22-8546-4540-8d16-92c01c4a6a23', 'song-a636ab8d-bed9-43df-b1e2-01161aeceb5f', '2024-12-31 02:53:48'),
	('c9a79c22-8546-4540-8d16-92c01c4a6a23', 'song-543c046f-5a09-4016-970d-64bc63f17110', '2024-12-31 02:58:23'),
	('c9a79c22-8546-4540-8d16-92c01c4a6a23', 'song-4f1658fb-0766-49b0-bd17-2706ced368e0', '2024-12-31 03:02:39'),
	('admine88e7421-a0d4-48f2-a221-b30cfc54a7dc]', 'song-4f1658fb-0766-49b0-bd17-2706ced368e0', '2024-12-31 03:46:32'),
	('admine88e7421-a0d4-48f2-a221-b30cfc54a7dc]', 'song-729e7f87-e705-4164-83c3-a49bc4d8ab46', '2024-12-31 03:46:50'),
	('c9a79c22-8546-4540-8d16-92c01c4a6a23', 'song-ab7da2ba-6079-434b-96b1-7742eb40c7d7', '2025-01-01 02:35:36'),
	('admine88e7421-a0d4-48f2-a221-b30cfc54a7dc]', 'song-f696fb26-5004-4136-8621-02cce631e173', '2025-01-01 13:42:02'),
	('admine88e7421-a0d4-48f2-a221-b30cfc54a7dc]', 'song-19da69ea-95be-4cbe-bd44-f478d351f3a2', '2025-01-01 13:48:52'),
	('admine88e7421-a0d4-48f2-a221-b30cfc54a7dc]', 'song-279034ba-af64-4b30-8342-09aa24557a2d', '2025-01-02 05:24:06'),
	('admine88e7421-a0d4-48f2-a221-b30cfc54a7dc]', 'song-db4ed8d3-c166-426f-817b-54e6762cd179', '2025-01-02 12:50:51'),
	('admine88e7421-a0d4-48f2-a221-b30cfc54a7dc]', 'song-154a024a-7903-4211-9e82-5c0d9d018d9d', '2025-01-02 12:51:03'),
	('admine88e7421-a0d4-48f2-a221-b30cfc54a7dc]', 'song-a93c7513-4d0a-49c4-a613-a85aa196d39f', '2025-01-02 12:51:10'),
	('admine88e7421-a0d4-48f2-a221-b30cfc54a7dc]', 'song-4994ca26-490e-4412-9e54-826c652dd1b0', '2025-01-02 12:51:12'),
	('admine88e7421-a0d4-48f2-a221-b30cfc54a7dc]', 'song-db4ed8d3-c166-426f-817b-54e6762cd179', '2025-01-02 12:51:13'),
	('admine88e7421-a0d4-48f2-a221-b30cfc54a7dc]', 'song-154a024a-7903-4211-9e82-5c0d9d018d9d', '2025-01-02 12:55:36'),
	('admine88e7421-a0d4-48f2-a221-b30cfc54a7dc]', 'song-a93c7513-4d0a-49c4-a613-a85aa196d39f', '2025-01-02 12:59:46'),
	('admine88e7421-a0d4-48f2-a221-b30cfc54a7dc]', 'song-4994ca26-490e-4412-9e54-826c652dd1b0', '2025-01-02 13:04:09'),
	('admine88e7421-a0d4-48f2-a221-b30cfc54a7dc]', 'song-db4ed8d3-c166-426f-817b-54e6762cd179', '2025-01-02 13:07:39'),
	('admine88e7421-a0d4-48f2-a221-b30cfc54a7dc]', 'song-154a024a-7903-4211-9e82-5c0d9d018d9d', '2025-01-02 13:12:02'),
	('admine88e7421-a0d4-48f2-a221-b30cfc54a7dc]', 'song-a93c7513-4d0a-49c4-a613-a85aa196d39f', '2025-01-02 13:16:25'),
	('admine88e7421-a0d4-48f2-a221-b30cfc54a7dc]', 'song-4994ca26-490e-4412-9e54-826c652dd1b0', '2025-01-02 13:20:48'),
	('admine88e7421-a0d4-48f2-a221-b30cfc54a7dc]', 'song-600838b4-efcc-40ae-86ae-8f3aa108d08b', '2025-01-02 13:31:21'),
	('admine88e7421-a0d4-48f2-a221-b30cfc54a7dc]', 'song-4994ca26-490e-4412-9e54-826c652dd1b0', '2025-01-02 14:56:54'),
	('admine88e7421-a0d4-48f2-a221-b30cfc54a7dc]', 'song-a93c7513-4d0a-49c4-a613-a85aa196d39f', '2025-01-02 15:00:47'),
	('admine88e7421-a0d4-48f2-a221-b30cfc54a7dc]', 'song-db4ed8d3-c166-426f-817b-54e6762cd179', '2025-01-02 15:05:10'),
	('c9a79c22-8546-4540-8d16-92c01c4a6a23', 'song-275e4c7f-99ce-4848-8c99-db6c8316f289', '2025-01-02 15:37:26'),
	('c9a79c22-8546-4540-8d16-92c01c4a6a23', 'song-154a024a-7903-4211-9e82-5c0d9d018d9d', '2025-01-03 02:09:54'),
	('c9a79c22-8546-4540-8d16-92c01c4a6a23', '381b6b5e-305f-4cbc-a3bf-7707147c8804', '2025-01-03 02:10:05'),
	('c9a79c22-8546-4540-8d16-92c01c4a6a23', 'e17363fa-82d8-4ca4-8dee-ce1b62bcf995', '2025-01-03 02:13:34'),
	('c9a79c22-8546-4540-8d16-92c01c4a6a23', 'ef9012fd-f635-49b5-918b-874c806a6b40', '2025-01-03 02:17:15'),
	('c9a79c22-8546-4540-8d16-92c01c4a6a23', 'f6e0a637-d439-49d2-b720-edb8f9c750f5', '2025-01-03 02:21:05'),
	('c9a79c22-8546-4540-8d16-92c01c4a6a23', 'song-0872b219-c9e9-40be-b5ca-2243067fc5f2', '2025-01-03 02:26:32'),
	('c9a79c22-8546-4540-8d16-92c01c4a6a23', 'song-09bf528d-f36d-4092-a0c1-30ce3c75c133', '2025-01-03 02:31:10'),
	('c9a79c22-8546-4540-8d16-92c01c4a6a23', 'song-0ffc9672-199c-4571-bf2d-1acba562fee6', '2025-01-03 02:35:03'),
	('c9a79c22-8546-4540-8d16-92c01c4a6a23', 'song-1018dc51-23e5-4e5f-934b-9d0c9de55105', '2025-01-03 02:39:12'),
	('c9a79c22-8546-4540-8d16-92c01c4a6a23', 'song-104bc6e6-0fef-47e0-8711-b7927848f523', '2025-01-03 02:43:22'),
	('c9a79c22-8546-4540-8d16-92c01c4a6a23', 'song-10652f8a-6e9c-47b9-acb2-6ef44c21977c', '2025-01-03 02:47:25'),
	('c9a79c22-8546-4540-8d16-92c01c4a6a23', 'song-15df81ef-2198-400e-aa4b-e444ebd830e3', '2025-01-03 02:51:44'),
	('c9a79c22-8546-4540-8d16-92c01c4a6a23', 'song-19da69ea-95be-4cbe-bd44-f478d351f3a2', '2025-01-03 02:55:44'),
	('c9a79c22-8546-4540-8d16-92c01c4a6a23', 'song-1acbe83f-cfac-4359-a242-20090273f7d0', '2025-01-03 02:59:15'),
	('c9a79c22-8546-4540-8d16-92c01c4a6a23', 'song-1d91e5de-acd7-499e-b79a-11ba8f916c90', '2025-01-03 03:03:51'),
	('c9a79c22-8546-4540-8d16-92c01c4a6a23', 'song-275e4c7f-99ce-4848-8c99-db6c8316f289', '2025-01-03 03:07:59'),
	('c9a79c22-8546-4540-8d16-92c01c4a6a23', 'song-279034ba-af64-4b30-8342-09aa24557a2d', '2025-01-03 03:11:38'),
	('c9a79c22-8546-4540-8d16-92c01c4a6a23', 'song-27b04085-ddac-46f4-ba90-b5269a6b12c1', '2025-01-03 03:14:19'),
	('c9a79c22-8546-4540-8d16-92c01c4a6a23', 'song-3099d47b-0ff1-44cd-a46c-616d206f0292', '2025-01-03 03:19:58'),
	('c9a79c22-8546-4540-8d16-92c01c4a6a23', 'song-33790516-d0c7-4535-8865-d18949565652', '2025-01-03 03:23:51'),
	('c9a79c22-8546-4540-8d16-92c01c4a6a23', 'song-b769ab3f-f2bd-4c23-a41a-ec3f99e9f4dc', '2025-01-03 03:27:08'),
	('c9a79c22-8546-4540-8d16-92c01c4a6a23', 'song-600838b4-efcc-40ae-86ae-8f3aa108d08b', '2025-01-03 03:54:25'),
	('c9a79c22-8546-4540-8d16-92c01c4a6a23', 'ef9012fd-f635-49b5-918b-874c806a6b40', '2025-01-03 07:39:41'),
	('c9a79c22-8546-4540-8d16-92c01c4a6a23', 'song-600838b4-efcc-40ae-86ae-8f3aa108d08b', '2025-01-03 07:47:15'),
	('c9a79c22-8546-4540-8d16-92c01c4a6a23', 'ef9012fd-f635-49b5-918b-874c806a6b40', '2025-01-03 07:48:08'),
	('c9a79c22-8546-4540-8d16-92c01c4a6a23', 'song-600838b4-efcc-40ae-86ae-8f3aa108d08b', '2025-01-03 07:51:57'),
	('c9a79c22-8546-4540-8d16-92c01c4a6a23', 'ef9012fd-f635-49b5-918b-874c806a6b40', '2025-01-03 07:52:06'),
	('c9a79c22-8546-4540-8d16-92c01c4a6a23', 'song-600838b4-efcc-40ae-86ae-8f3aa108d08b', '2025-01-03 08:33:08'),
	('c9a79c22-8546-4540-8d16-92c01c4a6a23', 'ef9012fd-f635-49b5-918b-874c806a6b40', '2025-01-03 08:36:51'),
	('c9a79c22-8546-4540-8d16-92c01c4a6a23', 'song-600838b4-efcc-40ae-86ae-8f3aa108d08b', '2025-01-03 08:41:06'),
	('c9a79c22-8546-4540-8d16-92c01c4a6a23', 'ef9012fd-f635-49b5-918b-874c806a6b40', '2025-01-03 08:41:41'),
	('c9a79c22-8546-4540-8d16-92c01c4a6a23', 'song-b769ab3f-f2bd-4c23-a41a-ec3f99e9f4dc', '2025-01-03 09:54:29'),
	('c9a79c22-8546-4540-8d16-92c01c4a6a23', 'song-275e4c7f-99ce-4848-8c99-db6c8316f289', '2025-01-03 11:18:43'),
	('c9a79c22-8546-4540-8d16-92c01c4a6a23', 'song-b769ab3f-f2bd-4c23-a41a-ec3f99e9f4dc', '2025-01-03 13:10:34'),
	('c9a79c22-8546-4540-8d16-92c01c4a6a23', 'song-63810c36-0bfe-448c-9fca-ab6865a9b557', '2025-01-03 13:14:42'),
	('c9a79c22-8546-4540-8d16-92c01c4a6a23', 'song-e2497509-d209-44cd-8af0-e077f6f182e7', '2025-01-03 13:17:32'),
	('c9a79c22-8546-4540-8d16-92c01c4a6a23', 'song-27b04085-ddac-46f4-ba90-b5269a6b12c1', '2025-01-03 13:21:47'),
	('c9a79c22-8546-4540-8d16-92c01c4a6a23', 'song-878cd831-fdb8-4623-9305-fabbb69395ca', '2025-01-03 13:27:27'),
	('c9a79c22-8546-4540-8d16-92c01c4a6a23', 'song-478c4d87-f77e-49fd-9163-56685817540b', '2025-01-03 13:31:03'),
	('c9a79c22-8546-4540-8d16-92c01c4a6a23', 'song-aac27eea-cbc1-4031-be26-b0e0d5e6a25f', '2025-01-03 13:34:17'),
	('c9a79c22-8546-4540-8d16-92c01c4a6a23', 'song-0872b219-c9e9-40be-b5ca-2243067fc5f2', '2025-01-03 13:39:22'),
	('c9a79c22-8546-4540-8d16-92c01c4a6a23', 'song-36d7e699-f13e-4746-93ba-0755345cb06d', '2025-01-03 14:00:01'),
	('c9a79c22-8546-4540-8d16-92c01c4a6a23', 'song-600838b4-efcc-40ae-86ae-8f3aa108d08b', '2025-01-04 07:24:35'),
	('c9a79c22-8546-4540-8d16-92c01c4a6a23', 'song-95520147-9480-45d4-afc2-c31436be5b0d', '2025-01-04 07:38:25'),
	('c9a79c22-8546-4540-8d16-92c01c4a6a23', 'song-36d7e699-f13e-4746-93ba-0755345cb06d', '2025-01-04 12:58:02'),
	('admine88e7421-a0d4-48f2-a221-b30cfc54a7dc]', 'song-95520147-9480-45d4-afc2-c31436be5b0d', '2025-01-04 15:26:48'),
	('admine88e7421-a0d4-48f2-a221-b30cfc54a7dc]', 'song-cc571170-c656-4960-b448-712b0188a595', '2025-01-04 15:31:11'),
	('admine88e7421-a0d4-48f2-a221-b30cfc54a7dc]', 'song-95520147-9480-45d4-afc2-c31436be5b0d', '2025-01-04 15:31:39'),
	('c9a79c22-8546-4540-8d16-92c01c4a6a23', 'song-cc571170-c656-4960-b448-712b0188a595', '2025-01-04 15:34:02'),
	('admine88e7421-a0d4-48f2-a221-b30cfc54a7dc]', 'song-cc571170-c656-4960-b448-712b0188a595', '2025-01-05 02:09:04'),
	('admine88e7421-a0d4-48f2-a221-b30cfc54a7dc]', '381b6b5e-305f-4cbc-a3bf-7707147c8804', '2025-01-05 02:12:03'),
	('c9a79c22-8546-4540-8d16-92c01c4a6a23', '381b6b5e-305f-4cbc-a3bf-7707147c8804', '2025-01-05 02:13:41'),
	('c9a79c22-8546-4540-8d16-92c01c4a6a23', 'song-cc571170-c656-4960-b448-712b0188a595', '2025-01-05 02:18:26'),
	('c9a79c22-8546-4540-8d16-92c01c4a6a23', 'song-5c3b562d-bf3c-490c-a8c1-c119294e2820', '2025-01-05 03:31:00'),
	('c9a79c22-8546-4540-8d16-92c01c4a6a23', 'song-ba3c4b4d-a3f8-446a-8697-6d4179af49c4', '2025-01-05 03:31:54'),
	('c9a79c22-8546-4540-8d16-92c01c4a6a23', 'song-cc571170-c656-4960-b448-712b0188a595', '2025-01-05 07:14:39'),
	('c9a79c22-8546-4540-8d16-92c01c4a6a23', 'song-1018dc51-23e5-4e5f-934b-9d0c9de55105', '2025-01-05 07:31:18'),
	('c9a79c22-8546-4540-8d16-92c01c4a6a23', 'song-cc571170-c656-4960-b448-712b0188a595', '2025-01-05 07:34:36'),
	('c9a79c22-8546-4540-8d16-92c01c4a6a23', 'song-5d887b87-81e8-4604-a529-b0a732b60c2d', '2025-01-05 07:36:07'),
	('c9a79c22-8546-4540-8d16-92c01c4a6a23', 'song-cc571170-c656-4960-b448-712b0188a595', '2025-01-05 07:37:08'),
	('c9a79c22-8546-4540-8d16-92c01c4a6a23', 'song-ba3c4b4d-a3f8-446a-8697-6d4179af49c4', '2025-01-05 07:41:26'),
	('c9a79c22-8546-4540-8d16-92c01c4a6a23', 'song-cc571170-c656-4960-b448-712b0188a595', '2025-01-05 07:41:58'),
	('c9a79c22-8546-4540-8d16-92c01c4a6a23', 'song-65ab71c0-895c-43ce-8af2-14b4670f10ca', '2025-01-05 07:45:18'),
	('c9a79c22-8546-4540-8d16-92c01c4a6a23', 'song-cc571170-c656-4960-b448-712b0188a595', '2025-01-05 07:48:04'),
	('c9a79c22-8546-4540-8d16-92c01c4a6a23', 'song-27b04085-ddac-46f4-ba90-b5269a6b12c1', '2025-01-05 07:49:11'),
	('c9a79c22-8546-4540-8d16-92c01c4a6a23', 'song-cc571170-c656-4960-b448-712b0188a595', '2025-01-05 07:50:52'),
	('c9a79c22-8546-4540-8d16-92c01c4a6a23', '381b6b5e-305f-4cbc-a3bf-7707147c8804', '2025-01-05 07:52:30'),
	('c9a79c22-8546-4540-8d16-92c01c4a6a23', 'song-27b04085-ddac-46f4-ba90-b5269a6b12c1', '2025-01-05 08:36:42'),
	('c9a79c22-8546-4540-8d16-92c01c4a6a23', '381b6b5e-305f-4cbc-a3bf-7707147c8804', '2025-01-05 08:36:46'),
	('c9a79c22-8546-4540-8d16-92c01c4a6a23', 'song-ab7da2ba-6079-434b-96b1-7742eb40c7d7', '2025-01-05 09:00:43'),
	('c9a79c22-8546-4540-8d16-92c01c4a6a23', '381b6b5e-305f-4cbc-a3bf-7707147c8804', '2025-01-05 09:38:51'),
	('c9a79c22-8546-4540-8d16-92c01c4a6a23', 'song-ab7da2ba-6079-434b-96b1-7742eb40c7d7', '2025-01-05 09:50:26'),
	('c9a79c22-8546-4540-8d16-92c01c4a6a23', '381b6b5e-305f-4cbc-a3bf-7707147c8804', '2025-01-05 09:53:50'),
	('c9a79c22-8546-4540-8d16-92c01c4a6a23', 'song-ab7da2ba-6079-434b-96b1-7742eb40c7d7', '2025-01-06 02:23:29'),
	('c9a79c22-8546-4540-8d16-92c01c4a6a23', 'song-45f37a25-fa22-4234-99c1-eebf02c5c6f4', '2025-01-06 06:17:56'),
	('c9a79c22-8546-4540-8d16-92c01c4a6a23', '381b6b5e-305f-4cbc-a3bf-7707147c8804', '2025-01-06 08:15:28'),
	('c9a79c22-8546-4540-8d16-92c01c4a6a23', 'ef9012fd-f635-49b5-918b-874c806a6b40', '2025-01-06 09:05:37'),
	('c9a79c22-8546-4540-8d16-92c01c4a6a23', 'song-cc571170-c656-4960-b448-712b0188a595', '2025-01-06 13:29:04'),
	('c9a79c22-8546-4540-8d16-92c01c4a6a23', '381b6b5e-305f-4cbc-a3bf-7707147c8804', '2025-01-06 13:29:38'),
	('c9a79c22-8546-4540-8d16-92c01c4a6a23', 'song-275e4c7f-99ce-4848-8c99-db6c8316f289', '2025-01-06 13:29:41'),
	('c9a79c22-8546-4540-8d16-92c01c4a6a23', 'song-15df81ef-2198-400e-aa4b-e444ebd830e3', '2025-01-06 13:33:20'),
	('c9a79c22-8546-4540-8d16-92c01c4a6a23', 'song-3a759e1a-3432-4f0d-9fc2-c5c86c733259', '2025-01-06 13:37:19'),
	('c9a79c22-8546-4540-8d16-92c01c4a6a23', 'song-ea417cc6-bf0e-4c36-bfc9-7d0d4ea9995c', '2025-01-06 13:42:17'),
	('c9a79c22-8546-4540-8d16-92c01c4a6a23', 'song-94abb065-3617-49a5-96cd-7688733c5472', '2025-01-06 13:47:02'),
	('c9a79c22-8546-4540-8d16-92c01c4a6a23', 'song-0872b219-c9e9-40be-b5ca-2243067fc5f2', '2025-01-06 13:50:31'),
	('c9a79c22-8546-4540-8d16-92c01c4a6a23', 'song-d2e32bb6-21c9-488d-91bb-7553c0302dc8', '2025-01-06 13:55:08'),
	('c9a79c22-8546-4540-8d16-92c01c4a6a23', 'song-a3c722bd-ba0a-4ac3-9844-da80ae7731ed', '2025-01-06 13:59:26'),
	('c9a79c22-8546-4540-8d16-92c01c4a6a23', 'song-51fc786f-155b-455c-a918-5e1b3f0fe649', '2025-01-06 14:03:55'),
	('c9a79c22-8546-4540-8d16-92c01c4a6a23', 'song-10652f8a-6e9c-47b9-acb2-6ef44c21977c', '2025-01-06 14:08:26'),
	('c9a79c22-8546-4540-8d16-92c01c4a6a23', 'song-1d91e5de-acd7-499e-b79a-11ba8f916c90', '2025-01-06 14:12:47'),
	('c9a79c22-8546-4540-8d16-92c01c4a6a23', 'song-cf0b9b88-603f-435c-b7f9-b35935b76480', '2025-01-06 14:16:55'),
	('c9a79c22-8546-4540-8d16-92c01c4a6a23', 'song-d539d44d-fdf0-41d5-ab2b-4bc5b3f2ba95', '2025-01-06 14:21:13'),
	('c9a79c22-8546-4540-8d16-92c01c4a6a23', 'song-4f1658fb-0766-49b0-bd17-2706ced368e0', '2025-01-06 14:25:22'),
	('c9a79c22-8546-4540-8d16-92c01c4a6a23', 'song-0ffc9672-199c-4571-bf2d-1acba562fee6', '2025-01-06 14:30:18'),
	('c9a79c22-8546-4540-8d16-92c01c4a6a23', 'song-784d02fa-dc31-4c2f-9627-820889482e80', '2025-01-06 14:34:27'),
	('c9a79c22-8546-4540-8d16-92c01c4a6a23', 'song-533f87a8-965d-4a83-91ff-57b446085a9d', '2025-01-06 14:38:57'),
	('c9a79c22-8546-4540-8d16-92c01c4a6a23', 'song-93fdba3c-5398-45a0-adf7-375b5ef97a48', '2025-01-06 14:42:52'),
	('c9a79c22-8546-4540-8d16-92c01c4a6a23', 'song-19da69ea-95be-4cbe-bd44-f478d351f3a2', '2025-01-07 09:35:42'),
	('c9a79c22-8546-4540-8d16-92c01c4a6a23', 'song-5ce1a02d-9830-444e-9495-0f6629effd92', '2025-01-07 09:39:17'),
	('c9a79c22-8546-4540-8d16-92c01c4a6a23', 'song-7ab6533d-db5d-4885-8e7a-a1e1d37d2800', '2025-01-07 09:43:53'),
	('c9a79c22-8546-4540-8d16-92c01c4a6a23', 'song-784d02fa-dc31-4c2f-9627-820889482e80', '2025-01-07 09:48:02'),
	('c9a79c22-8546-4540-8d16-92c01c4a6a23', 'song-4f1658fb-0766-49b0-bd17-2706ced368e0', '2025-01-07 09:53:33'),
	('c9a79c22-8546-4540-8d16-92c01c4a6a23', 'song-88382a76-7ced-4df5-b1e6-9a218bdd5cb8', '2025-01-07 10:53:45'),
	('c9a79c22-8546-4540-8d16-92c01c4a6a23', 'song-7179a1b0-6657-47c1-9cbf-37bb6956ee6a', '2025-01-07 10:59:25'),
	('c9a79c22-8546-4540-8d16-92c01c4a6a23', 'song-45f37a25-fa22-4234-99c1-eebf02c5c6f4', '2025-01-08 01:02:44'),
	('c9a79c22-8546-4540-8d16-92c01c4a6a23', 'song-7179a1b0-6657-47c1-9cbf-37bb6956ee6a', '2025-01-08 07:59:13'),
	('admine88e7421-a0d4-48f2-a221-b30cfc54a7dc]', 'song-27b04085-ddac-46f4-ba90-b5269a6b12c1', '2025-01-08 09:38:24'),
	('admine88e7421-a0d4-48f2-a221-b30cfc54a7dc]', '381b6b5e-305f-4cbc-a3bf-7707147c8804', '2025-01-08 09:40:26'),
	('admine88e7421-a0d4-48f2-a221-b30cfc54a7dc]', 'song-0b2f3131-e7f1-4774-860c-f6f01785f862', '2025-01-08 09:42:51'),
	('admine88e7421-a0d4-48f2-a221-b30cfc54a7dc]', '381b6b5e-305f-4cbc-a3bf-7707147c8804', '2025-01-08 09:43:45'),
	('admine88e7421-a0d4-48f2-a221-b30cfc54a7dc]', 'song-0b2f3131-e7f1-4774-860c-f6f01785f862', '2025-01-08 09:44:50'),
	('admine88e7421-a0d4-48f2-a221-b30cfc54a7dc]', 'song-27b04085-ddac-46f4-ba90-b5269a6b12c1', '2025-01-08 15:00:00'),
	('c9a79c22-8546-4540-8d16-92c01c4a6a23', 'song-27b04085-ddac-46f4-ba90-b5269a6b12c1', '2025-01-08 15:00:11'),
	('c9a79c22-8546-4540-8d16-92c01c4a6a23', 'song-45f37a25-fa22-4234-99c1-eebf02c5c6f4', '2025-01-08 16:10:00'),
	('c9a79c22-8546-4540-8d16-92c01c4a6a23', '381b6b5e-305f-4cbc-a3bf-7707147c8804', '2025-01-08 16:10:11'),
	('c9a79c22-8546-4540-8d16-92c01c4a6a23', 'song-27b04085-ddac-46f4-ba90-b5269a6b12c1', '2025-01-09 01:52:15'),
	('admine88e7421-a0d4-48f2-a221-b30cfc54a7dc]', '381b6b5e-305f-4cbc-a3bf-7707147c8804', '2025-01-11 10:26:38'),
	('admine88e7421-a0d4-48f2-a221-b30cfc54a7dc]', 'song-0b2f3131-e7f1-4774-860c-f6f01785f862', '2025-01-11 13:52:04'),
	('c9a79c22-8546-4540-8d16-92c01c4a6a23', 'song-0b2f3131-e7f1-4774-860c-f6f01785f862', '2025-01-11 14:03:54'),
	('c9a79c22-8546-4540-8d16-92c01c4a6a23', 'song-9307de90-d2fa-44d6-9938-468a3db8b5a0', '2025-01-11 14:07:53'),
	('c9a79c22-8546-4540-8d16-92c01c4a6a23', 'song-27b04085-ddac-46f4-ba90-b5269a6b12c1', '2025-01-12 02:46:48'),
	('c9a79c22-8546-4540-8d16-92c01c4a6a23', 'song-9307de90-d2fa-44d6-9938-468a3db8b5a0', '2025-01-12 02:48:24'),
	('c9a79c22-8546-4540-8d16-92c01c4a6a23', '381b6b5e-305f-4cbc-a3bf-7707147c8804', '2025-01-12 03:03:17'),
	('c9a79c22-8546-4540-8d16-92c01c4a6a23', 'f6e0a637-d439-49d2-b720-edb8f9c750f5', '2025-01-12 03:12:12'),
	('c9a79c22-8546-4540-8d16-92c01c4a6a23', 'song-27b04085-ddac-46f4-ba90-b5269a6b12c1', '2025-01-12 07:44:14'),
	('c9a79c22-8546-4540-8d16-92c01c4a6a23', 'song-600838b4-efcc-40ae-86ae-8f3aa108d08b', '2025-01-12 09:01:34'),
	('c9a79c22-8546-4540-8d16-92c01c4a6a23', 'song-c7bf148f-c85e-47ad-88ef-e44ed8bd7a27', '2025-01-12 09:02:04'),
	('admine88e7421-a0d4-48f2-a221-b30cfc54a7dc]', '381b6b5e-305f-4cbc-a3bf-7707147c8804', '2025-01-13 07:49:08'),
	('c9a79c22-8546-4540-8d16-92c01c4a6a23', '381b6b5e-305f-4cbc-a3bf-7707147c8804', '2025-01-15 11:50:26'),
	('c9a79c22-8546-4540-8d16-92c01c4a6a23', 'song-19da69ea-95be-4cbe-bd44-f478d351f3a2', '2025-01-15 11:50:38'),
	('c9a79c22-8546-4540-8d16-92c01c4a6a23', 'song-c7bf148f-c85e-47ad-88ef-e44ed8bd7a27', '2025-01-16 02:35:28'),
	('c9a79c22-8546-4540-8d16-92c01c4a6a23', 'song-19da69ea-95be-4cbe-bd44-f478d351f3a2', '2025-01-16 08:05:52'),
	('c9a79c22-8546-4540-8d16-92c01c4a6a23', 'song-c7bf148f-c85e-47ad-88ef-e44ed8bd7a27', '2025-01-16 16:00:24'),
	('c9a79c22-8546-4540-8d16-92c01c4a6a23', 'song-9307de90-d2fa-44d6-9938-468a3db8b5a0', '2025-01-19 11:32:02'),
	('c9a79c22-8546-4540-8d16-92c01c4a6a23', 'song-19da69ea-95be-4cbe-bd44-f478d351f3a2', '2025-01-20 11:45:05'),
	('c9a79c22-8546-4540-8d16-92c01c4a6a23', 'song-9307de90-d2fa-44d6-9938-468a3db8b5a0', '2025-01-21 12:43:21'),
	('c9a79c22-8546-4540-8d16-92c01c4a6a23', 'f6e0a637-d439-49d2-b720-edb8f9c750f5', '2025-01-24 03:04:11'),
	('c9a79c22-8546-4540-8d16-92c01c4a6a23', 'song-9307de90-d2fa-44d6-9938-468a3db8b5a0', '2025-01-24 04:21:19'),
	('c9a79c22-8546-4540-8d16-92c01c4a6a23', 'f6e0a637-d439-49d2-b720-edb8f9c750f5', '2025-01-24 08:17:27'),
	('c9a79c22-8546-4540-8d16-92c01c4a6a23', 'song-9307de90-d2fa-44d6-9938-468a3db8b5a0', '2025-01-24 11:20:56'),
	('c9a79c22-8546-4540-8d16-92c01c4a6a23', 'song-5d887b87-81e8-4604-a529-b0a732b60c2d', '2025-01-24 11:21:15'),
	('c9a79c22-8546-4540-8d16-92c01c4a6a23', 'song-d2ba7c4e-e4b2-440a-8252-a7a488ac5439', '2025-01-24 11:26:04'),
	('c9a79c22-8546-4540-8d16-92c01c4a6a23', 'song-cc571170-c656-4960-b448-712b0188a595', '2025-01-24 11:26:11'),
	('c9a79c22-8546-4540-8d16-92c01c4a6a23', 'f6e0a637-d439-49d2-b720-edb8f9c750f5', '2025-01-24 15:28:18'),
	('admine88e7421-a0d4-48f2-a221-b30cfc54a7dc]', 'f6e0a637-d439-49d2-b720-edb8f9c750f5', '2025-01-24 15:28:30'),
	('admine88e7421-a0d4-48f2-a221-b30cfc54a7dc]', 'song-5c372862-da4d-486e-9e45-e3ec51880c09', '2025-01-24 15:30:43'),
	('admine88e7421-a0d4-48f2-a221-b30cfc54a7dc]', 'f6e0a637-d439-49d2-b720-edb8f9c750f5', '2025-01-24 15:31:20'),
	('admine88e7421-a0d4-48f2-a221-b30cfc54a7dc]', 'song-5c372862-da4d-486e-9e45-e3ec51880c09', '2025-01-24 15:31:29'),
	('c9a79c22-8546-4540-8d16-92c01c4a6a23', 'song-cc571170-c656-4960-b448-712b0188a595', '2025-01-24 15:32:04'),
	('c9a79c22-8546-4540-8d16-92c01c4a6a23', 'song-5c372862-da4d-486e-9e45-e3ec51880c09', '2025-01-24 15:32:09'),
	('c9a79c22-8546-4540-8d16-92c01c4a6a23', '381b6b5e-305f-4cbc-a3bf-7707147c8804', '2025-01-25 02:13:58'),
	('c9a79c22-8546-4540-8d16-92c01c4a6a23', 'song-34070b1c-5232-4543-b271-772926aa0c5b', '2025-01-25 02:14:02'),
	('c9a79c22-8546-4540-8d16-92c01c4a6a23', 'song-e2497509-d209-44cd-8af0-e077f6f182e7', '2025-01-25 02:22:23'),
	('c9a79c22-8546-4540-8d16-92c01c4a6a23', 'song-d2ba7c4e-e4b2-440a-8252-a7a488ac5439', '2025-01-25 02:26:38'),
	('c9a79c22-8546-4540-8d16-92c01c4a6a23', 'song-a636ab8d-bed9-43df-b1e2-01161aeceb5f', '2025-01-25 02:30:47'),
	('c9a79c22-8546-4540-8d16-92c01c4a6a23', 'song-37999a9e-3ca8-4346-b4ba-d6e256e8ffb5', '2025-01-25 02:35:22'),
	('c9a79c22-8546-4540-8d16-92c01c4a6a23', 'song-ab7da2ba-6079-434b-96b1-7742eb40c7d7', '2025-01-25 02:40:00'),
	('c9a79c22-8546-4540-8d16-92c01c4a6a23', 'song-275e4c7f-99ce-4848-8c99-db6c8316f289', '2025-01-25 02:44:00'),
	('c9a79c22-8546-4540-8d16-92c01c4a6a23', 'song-63810c36-0bfe-448c-9fca-ab6865a9b557', '2025-01-25 02:47:39'),
	('c9a79c22-8546-4540-8d16-92c01c4a6a23', 'song-600838b4-efcc-40ae-86ae-8f3aa108d08b', '2025-01-25 02:50:30'),
	('c9a79c22-8546-4540-8d16-92c01c4a6a23', 'song-93fdba3c-5398-45a0-adf7-375b5ef97a48', '2025-01-25 02:54:56'),
	('c9a79c22-8546-4540-8d16-92c01c4a6a23', 'song-65ab71c0-895c-43ce-8af2-14b4670f10ca', '2025-01-25 03:00:11'),
	('c9a79c22-8546-4540-8d16-92c01c4a6a23', 'song-f4381e2c-c4a5-4c1d-bf4c-dd4f03aef3de', '2025-01-25 03:02:22'),
	('admine88e7421-a0d4-48f2-a221-b30cfc54a7dc]', 'song-9307de90-d2fa-44d6-9938-468a3db8b5a0', '2025-01-25 04:07:00'),
	('admine88e7421-a0d4-48f2-a221-b30cfc54a7dc]', 'song-804d7a8e-25af-4fa9-b575-087865be1ca0', '2025-01-25 04:35:23'),
	('admine88e7421-a0d4-48f2-a221-b30cfc54a7dc]', 'song-9307de90-d2fa-44d6-9938-468a3db8b5a0', '2025-01-25 04:35:44'),
	('admine88e7421-a0d4-48f2-a221-b30cfc54a7dc]', 'song-804d7a8e-25af-4fa9-b575-087865be1ca0', '2025-01-25 04:36:54'),
	('c9a79c22-8546-4540-8d16-92c01c4a6a23', 'song-804d7a8e-25af-4fa9-b575-087865be1ca0', '2025-01-25 04:37:56'),
	('admine88e7421-a0d4-48f2-a221-b30cfc54a7dc]', 'song-f3d6d762-65be-4a7a-b84c-127ad60f0e28', '2025-01-25 09:36:21'),
	('admine88e7421-a0d4-48f2-a221-b30cfc54a7dc]', 'song-804d7a8e-25af-4fa9-b575-087865be1ca0', '2025-01-25 09:51:17'),
	('admine88e7421-a0d4-48f2-a221-b30cfc54a7dc]', 'song-21ca8286-7a4a-4fc4-9aaf-e7b7e9da8f10', '2025-01-25 09:55:42'),
	('admine88e7421-a0d4-48f2-a221-b30cfc54a7dc]', 'song-c7b2e3e8-cca2-4e21-9919-289d104cbfc4', '2025-01-25 10:00:13'),
	('c9a79c22-8546-4540-8d16-92c01c4a6a23', 'song-19da69ea-95be-4cbe-bd44-f478d351f3a2', '2025-01-25 11:45:02'),
	('c9a79c22-8546-4540-8d16-92c01c4a6a23', 'song-cc571170-c656-4960-b448-712b0188a595', '2025-01-25 11:46:30'),
	('c9a79c22-8546-4540-8d16-92c01c4a6a23', 'song-804d7a8e-25af-4fa9-b575-087865be1ca0', '2025-01-25 13:07:29'),
	('admine88e7421-a0d4-48f2-a221-b30cfc54a7dc]', 'song-804d7a8e-25af-4fa9-b575-087865be1ca0', '2025-01-25 13:32:51'),
	('admine88e7421-a0d4-48f2-a221-b30cfc54a7dc]', '381b6b5e-305f-4cbc-a3bf-7707147c8804', '2025-01-25 13:34:29'),
	('admine88e7421-a0d4-48f2-a221-b30cfc54a7dc]', 'song-b9272ca7-028b-4c14-a4b5-9d62b31e33fc', '2025-01-25 14:39:25'),
	('admine88e7421-a0d4-48f2-a221-b30cfc54a7dc]', 'song-804d7a8e-25af-4fa9-b575-087865be1ca0', '2025-01-25 14:43:09'),
	('admine88e7421-a0d4-48f2-a221-b30cfc54a7dc]', 'song-b9272ca7-028b-4c14-a4b5-9d62b31e33fc', '2025-01-25 14:47:44'),
	('admine88e7421-a0d4-48f2-a221-b30cfc54a7dc]', 'song-4184656e-bc4d-4a63-98d7-01cb42388983', '2025-01-25 15:01:10'),
	('admine88e7421-a0d4-48f2-a221-b30cfc54a7dc]', 'song-afe234d5-fb74-4b4a-a48a-a1a191c36a2e', '2025-01-25 15:09:59'),
	('admine88e7421-a0d4-48f2-a221-b30cfc54a7dc]', 'song-b9272ca7-028b-4c14-a4b5-9d62b31e33fc', '2025-01-25 15:10:24'),
	('admine88e7421-a0d4-48f2-a221-b30cfc54a7dc]', 'song-afe234d5-fb74-4b4a-a48a-a1a191c36a2e', '2025-01-25 15:10:30'),
	('admine88e7421-a0d4-48f2-a221-b30cfc54a7dc]', 'song-bf027b85-813b-4993-b58e-7a2ff4a92300', '2025-01-25 15:20:30'),
	('admine88e7421-a0d4-48f2-a221-b30cfc54a7dc]', 'song-e8de7073-0a5e-4140-8627-bc617fc86c13', '2025-01-25 15:23:44'),
	('admine88e7421-a0d4-48f2-a221-b30cfc54a7dc]', 'song-14ad2fe8-5236-4da3-8255-8f96be44cfff', '2025-01-25 15:27:10'),
	('admine88e7421-a0d4-48f2-a221-b30cfc54a7dc]', 'song-2e208458-ba2e-4e84-9849-7d57c013ddb8', '2025-01-25 15:32:53'),
	('admine88e7421-a0d4-48f2-a221-b30cfc54a7dc]', 'song-afe234d5-fb74-4b4a-a48a-a1a191c36a2e', '2025-01-25 15:39:12'),
	('admine88e7421-a0d4-48f2-a221-b30cfc54a7dc]', 'song-377a311a-e766-417a-889b-6c3df423e855', '2025-01-25 15:42:15'),
	('admine88e7421-a0d4-48f2-a221-b30cfc54a7dc]', 'song-afe234d5-fb74-4b4a-a48a-a1a191c36a2e', '2025-01-25 15:42:48'),
	('admine88e7421-a0d4-48f2-a221-b30cfc54a7dc]', 'song-377a311a-e766-417a-889b-6c3df423e855', '2025-01-25 15:48:11'),
	('admine88e7421-a0d4-48f2-a221-b30cfc54a7dc]', 'song-9d64c125-3ee1-4647-a350-265bdecd571c', '2025-01-25 15:55:50'),
	('admine88e7421-a0d4-48f2-a221-b30cfc54a7dc]', 'song-244ef05b-17f7-4c8e-b658-5f4ea577e406', '2025-01-25 15:59:26'),
	('admine88e7421-a0d4-48f2-a221-b30cfc54a7dc]', 'song-377a311a-e766-417a-889b-6c3df423e855', '2025-01-25 15:59:48'),
	('admine88e7421-a0d4-48f2-a221-b30cfc54a7dc]', 'song-d0c7bf9e-acea-4bc3-8262-0e133135abb3', '2025-01-25 16:07:06'),
	('admine88e7421-a0d4-48f2-a221-b30cfc54a7dc]', 'song-377a311a-e766-417a-889b-6c3df423e855', '2025-01-25 16:07:22'),
	('admine88e7421-a0d4-48f2-a221-b30cfc54a7dc]', 'song-244ef05b-17f7-4c8e-b658-5f4ea577e406', '2025-01-25 16:08:55'),
	('admine88e7421-a0d4-48f2-a221-b30cfc54a7dc]', 'song-d0c7bf9e-acea-4bc3-8262-0e133135abb3', '2025-01-25 16:09:00'),
	('admine88e7421-a0d4-48f2-a221-b30cfc54a7dc]', 'song-d0c7bf9e-acea-4bc3-8262-0e133135abb3', '2025-01-26 00:30:10'),
	('admine88e7421-a0d4-48f2-a221-b30cfc54a7dc]', 'song-d0c7bf9e-acea-4bc3-8262-0e133135abb3', '2025-01-26 00:33:53'),
	('admine88e7421-a0d4-48f2-a221-b30cfc54a7dc]', 'song-878e19c0-9ab7-44b0-84a7-9536a50fdf23', '2025-01-26 00:36:38'),
	('admine88e7421-a0d4-48f2-a221-b30cfc54a7dc]', 'song-d0c7bf9e-acea-4bc3-8262-0e133135abb3', '2025-01-26 00:37:01'),
	('admine88e7421-a0d4-48f2-a221-b30cfc54a7dc]', 'song-d0c7bf9e-acea-4bc3-8262-0e133135abb3', '2025-01-26 00:39:34'),
	('admine88e7421-a0d4-48f2-a221-b30cfc54a7dc]', 'song-d0c7bf9e-acea-4bc3-8262-0e133135abb3', '2025-01-26 00:39:55'),
	('admine88e7421-a0d4-48f2-a221-b30cfc54a7dc]', 'song-d0c7bf9e-acea-4bc3-8262-0e133135abb3', '2025-01-26 00:42:33'),
	('admine88e7421-a0d4-48f2-a221-b30cfc54a7dc]', 'song-f9cd4b19-514a-4b22-932f-a73382d03e17', '2025-01-26 00:43:51'),
	('admine88e7421-a0d4-48f2-a221-b30cfc54a7dc]', 'song-d0c7bf9e-acea-4bc3-8262-0e133135abb3', '2025-01-26 00:44:05'),
	('admine88e7421-a0d4-48f2-a221-b30cfc54a7dc]', 'song-804d7a8e-25af-4fa9-b575-087865be1ca0', '2025-01-26 02:08:22'),
	('admine88e7421-a0d4-48f2-a221-b30cfc54a7dc]', 'song-526167fb-8c2c-46a5-8ef3-d5f6a516227e', '2025-01-26 02:13:11'),
	('admine88e7421-a0d4-48f2-a221-b30cfc54a7dc]', 'song-804d7a8e-25af-4fa9-b575-087865be1ca0', '2025-01-26 04:44:10'),
	('admine88e7421-a0d4-48f2-a221-b30cfc54a7dc]', 'song-f9cd4b19-514a-4b22-932f-a73382d03e17', '2025-01-26 04:56:22'),
	('admine88e7421-a0d4-48f2-a221-b30cfc54a7dc]', 'song-f9cd4b19-514a-4b22-932f-a73382d03e17', '2025-01-26 04:56:38'),
	('admine88e7421-a0d4-48f2-a221-b30cfc54a7dc]', 'song-f9cd4b19-514a-4b22-932f-a73382d03e17', '2025-01-26 04:57:48'),
	('admine88e7421-a0d4-48f2-a221-b30cfc54a7dc]', 'song-f9cd4b19-514a-4b22-932f-a73382d03e17', '2025-01-26 04:58:22'),
	('admine88e7421-a0d4-48f2-a221-b30cfc54a7dc]', 'song-f9cd4b19-514a-4b22-932f-a73382d03e17', '2025-01-26 04:58:35'),
	('admine88e7421-a0d4-48f2-a221-b30cfc54a7dc]', 'song-f9cd4b19-514a-4b22-932f-a73382d03e17', '2025-01-26 04:58:47'),
	('admine88e7421-a0d4-48f2-a221-b30cfc54a7dc]', 'song-f9cd4b19-514a-4b22-932f-a73382d03e17', '2025-01-26 05:00:21'),
	('admine88e7421-a0d4-48f2-a221-b30cfc54a7dc]', 'song-f9cd4b19-514a-4b22-932f-a73382d03e17', '2025-01-26 05:00:53'),
	('admine88e7421-a0d4-48f2-a221-b30cfc54a7dc]', 'song-f9cd4b19-514a-4b22-932f-a73382d03e17', '2025-01-26 05:01:52'),
	('admine88e7421-a0d4-48f2-a221-b30cfc54a7dc]', 'song-377a311a-e766-417a-889b-6c3df423e855', '2025-01-26 05:02:17'),
	('admine88e7421-a0d4-48f2-a221-b30cfc54a7dc]', 'ef9012fd-f635-49b5-918b-874c806a6b40', '2025-01-26 08:33:50'),
	('admine88e7421-a0d4-48f2-a221-b30cfc54a7dc]', 'song-a9a0721a-e1e6-494a-9643-1b63bc711005', '2025-01-26 08:40:38'),
	('admine88e7421-a0d4-48f2-a221-b30cfc54a7dc]', 'song-804d7a8e-25af-4fa9-b575-087865be1ca0', '2025-01-26 09:22:43'),
	('admine88e7421-a0d4-48f2-a221-b30cfc54a7dc]', 'song-49a9dcca-4b57-4efd-b4b3-a28d09045c16', '2025-01-26 14:16:57'),
	('admine88e7421-a0d4-48f2-a221-b30cfc54a7dc]', 'song-71204703-0de7-4f09-9cb4-39fe8ab41ab9', '2025-01-26 14:24:13'),
	('admine88e7421-a0d4-48f2-a221-b30cfc54a7dc]', 'song-804d7a8e-25af-4fa9-b575-087865be1ca0', '2025-01-26 14:27:11'),
	('admine88e7421-a0d4-48f2-a221-b30cfc54a7dc]', 'song-88c9b7e6-c225-463f-8d11-7af8679d39d3', '2025-01-26 14:40:45'),
	('admine88e7421-a0d4-48f2-a221-b30cfc54a7dc]', 'song-804d7a8e-25af-4fa9-b575-087865be1ca0', '2025-01-26 14:41:19'),
	('admine88e7421-a0d4-48f2-a221-b30cfc54a7dc]', 'song-88c9b7e6-c225-463f-8d11-7af8679d39d3', '2025-01-26 14:41:24'),
	('admine88e7421-a0d4-48f2-a221-b30cfc54a7dc]', 'song-0b2f3131-e7f1-4774-860c-f6f01785f862', '2025-01-26 14:42:46'),
	('admine88e7421-a0d4-48f2-a221-b30cfc54a7dc]', 'song-88c9b7e6-c225-463f-8d11-7af8679d39d3', '2025-01-26 14:42:54'),
	('admine88e7421-a0d4-48f2-a221-b30cfc54a7dc]', 'song-d1eac032-1b95-425f-a4a8-26ba8f22b16d', '2025-01-26 14:47:28'),
	('admine88e7421-a0d4-48f2-a221-b30cfc54a7dc]', 'song-858a0871-ff5b-47f2-bdda-88ca679b141b', '2025-01-26 14:51:27'),
	('admine88e7421-a0d4-48f2-a221-b30cfc54a7dc]', 'song-0b2f3131-e7f1-4774-860c-f6f01785f862', '2025-01-26 14:54:52'),
	('admine88e7421-a0d4-48f2-a221-b30cfc54a7dc]', 'song-9c4ca4f2-5085-409c-a413-5c30d4f042ad', '2025-01-26 14:59:09'),
	('admine88e7421-a0d4-48f2-a221-b30cfc54a7dc]', 'song-88c9b7e6-c225-463f-8d11-7af8679d39d3', '2025-01-26 15:02:59'),
	('admine88e7421-a0d4-48f2-a221-b30cfc54a7dc]', 'song-d1eac032-1b95-425f-a4a8-26ba8f22b16d', '2025-01-26 15:07:32'),
	('c9a79c22-8546-4540-8d16-92c01c4a6a23', 'song-cc571170-c656-4960-b448-712b0188a595', '2025-01-27 09:02:43'),
	('admine88e7421-a0d4-48f2-a221-b30cfc54a7dc]', 'song-88c9b7e6-c225-463f-8d11-7af8679d39d3', '2025-01-27 11:35:19'),
	('admine88e7421-a0d4-48f2-a221-b30cfc54a7dc]', 'song-a9a0721a-e1e6-494a-9643-1b63bc711005', '2025-01-28 10:00:41'),
	('admine88e7421-a0d4-48f2-a221-b30cfc54a7dc]', 'song-88c9b7e6-c225-463f-8d11-7af8679d39d3', '2025-01-28 12:49:12'),
	('admine88e7421-a0d4-48f2-a221-b30cfc54a7dc]', 'song-c8fd9440-c08c-4811-b263-05026d01816f', '2025-01-28 13:46:17'),
	('admine88e7421-a0d4-48f2-a221-b30cfc54a7dc]', 'song-fb310e12-5b58-4eda-b9fc-0a8817130b1f', '2025-01-28 13:54:54'),
	('admine88e7421-a0d4-48f2-a221-b30cfc54a7dc]', 'song-f3934345-93c2-444f-a297-cc1efc9bfdd8', '2025-01-28 13:57:10'),
	('admine88e7421-a0d4-48f2-a221-b30cfc54a7dc]', 'song-94f93a3e-e9fe-4336-8804-db4bd4af2ad0', '2025-01-28 14:01:06'),
	('admine88e7421-a0d4-48f2-a221-b30cfc54a7dc]', 'song-a961384b-b512-4ffa-9f7f-234a66121299', '2025-01-28 14:05:57'),
	('admine88e7421-a0d4-48f2-a221-b30cfc54a7dc]', 'song-88c9b7e6-c225-463f-8d11-7af8679d39d3', '2025-01-28 14:14:58'),
	('admine88e7421-a0d4-48f2-a221-b30cfc54a7dc]', 'song-d0787553-4f74-4db9-83dd-2d88ae5a41a4', '2025-01-28 14:16:16'),
	('admine88e7421-a0d4-48f2-a221-b30cfc54a7dc]', 'song-2b9fa186-fe17-45b1-99e7-495ad71e86e5', '2025-01-28 14:19:47'),
	('admine88e7421-a0d4-48f2-a221-b30cfc54a7dc]', 'song-fd04f9f5-d3e9-4161-accb-cb80f1e9fd85', '2025-01-28 14:22:04'),
	('admine88e7421-a0d4-48f2-a221-b30cfc54a7dc]', 'song-973e9f0d-7d80-4163-a815-56d45bc4311b', '2025-01-28 14:26:08'),
	('admine88e7421-a0d4-48f2-a221-b30cfc54a7dc]', 'song-217cc123-5cc5-49f1-a633-f4baf7187d0e', '2025-01-28 14:28:32'),
	('admine88e7421-a0d4-48f2-a221-b30cfc54a7dc]', 'song-696cd143-755a-4524-9a18-f20272cbd303', '2025-01-28 14:35:09'),
	('admine88e7421-a0d4-48f2-a221-b30cfc54a7dc]', 'song-93e4e301-e7fc-4109-be08-5127938c68dd', '2025-01-28 14:40:42'),
	('admine88e7421-a0d4-48f2-a221-b30cfc54a7dc]', 'song-181e740c-21dc-42be-88e0-2f8a31b8c957', '2025-01-28 14:45:57'),
	('admine88e7421-a0d4-48f2-a221-b30cfc54a7dc]', 'song-8d2ede38-9298-42a1-8f7b-d8b8f5030799', '2025-01-28 14:56:30'),
	('admine88e7421-a0d4-48f2-a221-b30cfc54a7dc]', 'song-d7953a19-4f48-4051-982f-e528c5db7cec', '2025-01-28 15:01:44'),
	('admine88e7421-a0d4-48f2-a221-b30cfc54a7dc]', 'song-adaec925-bf2e-4669-8c57-77ec19747ca9', '2025-01-28 15:06:45'),
	('admine88e7421-a0d4-48f2-a221-b30cfc54a7dc]', 'song-88c9b7e6-c225-463f-8d11-7af8679d39d3', '2025-01-28 15:13:33'),
	('admine88e7421-a0d4-48f2-a221-b30cfc54a7dc]', 'song-d0787553-4f74-4db9-83dd-2d88ae5a41a4', '2025-01-28 15:13:40'),
	('c9a79c22-8546-4540-8d16-92c01c4a6a23', 'song-696cd143-755a-4524-9a18-f20272cbd303', '2025-01-28 17:50:29'),
	('c9a79c22-8546-4540-8d16-92c01c4a6a23', 'song-a961384b-b512-4ffa-9f7f-234a66121299', '2025-01-28 17:52:08'),
	('admine88e7421-a0d4-48f2-a221-b30cfc54a7dc]', 'song-181e740c-21dc-42be-88e0-2f8a31b8c957', '2025-01-29 04:48:24'),
	('admine88e7421-a0d4-48f2-a221-b30cfc54a7dc]', 'song-93e4e301-e7fc-4109-be08-5127938c68dd', '2025-01-29 04:54:55'),
	('admine88e7421-a0d4-48f2-a221-b30cfc54a7dc]', 'song-8d2ede38-9298-42a1-8f7b-d8b8f5030799', '2025-01-29 05:00:20'),
	('admine88e7421-a0d4-48f2-a221-b30cfc54a7dc]', 'song-696cd143-755a-4524-9a18-f20272cbd303', '2025-01-29 05:03:13'),
	('admine88e7421-a0d4-48f2-a221-b30cfc54a7dc]', 'song-d0787553-4f74-4db9-83dd-2d88ae5a41a4', '2025-01-29 05:08:07'),
	('admine88e7421-a0d4-48f2-a221-b30cfc54a7dc]', 'song-fd04f9f5-d3e9-4161-accb-cb80f1e9fd85', '2025-01-29 05:12:33'),
	('admine88e7421-a0d4-48f2-a221-b30cfc54a7dc]', 'song-973e9f0d-7d80-4163-a815-56d45bc4311b', '2025-01-29 05:16:31'),
	('admine88e7421-a0d4-48f2-a221-b30cfc54a7dc]', 'song-217cc123-5cc5-49f1-a633-f4baf7187d0e', '2025-01-29 05:19:49'),
	('admine88e7421-a0d4-48f2-a221-b30cfc54a7dc]', 'song-181e740c-21dc-42be-88e0-2f8a31b8c957', '2025-01-29 05:23:19'),
	('admine88e7421-a0d4-48f2-a221-b30cfc54a7dc]', 'song-93e4e301-e7fc-4109-be08-5127938c68dd', '2025-01-29 05:26:22'),
	('admine88e7421-a0d4-48f2-a221-b30cfc54a7dc]', 'song-8d2ede38-9298-42a1-8f7b-d8b8f5030799', '2025-01-29 05:30:21'),
	('admine88e7421-a0d4-48f2-a221-b30cfc54a7dc]', 'song-181e740c-21dc-42be-88e0-2f8a31b8c957', '2025-01-29 05:31:30'),
	('admine88e7421-a0d4-48f2-a221-b30cfc54a7dc]', 'song-2b9fa186-fe17-45b1-99e7-495ad71e86e5', '2025-01-29 05:34:35'),
	('admine88e7421-a0d4-48f2-a221-b30cfc54a7dc]', 'song-94abb065-3617-49a5-96cd-7688733c5472', '2025-01-29 05:37:43'),
	('admine88e7421-a0d4-48f2-a221-b30cfc54a7dc]', 'song-a9a0721a-e1e6-494a-9643-1b63bc711005', '2025-01-29 08:23:38'),
	('admine88e7421-a0d4-48f2-a221-b30cfc54a7dc]', 'song-181e740c-21dc-42be-88e0-2f8a31b8c957', '2025-01-29 08:30:52'),
	('admine88e7421-a0d4-48f2-a221-b30cfc54a7dc]', 'song-fd04f9f5-d3e9-4161-accb-cb80f1e9fd85', '2025-01-29 08:31:02'),
	('admine88e7421-a0d4-48f2-a221-b30cfc54a7dc]', 'song-696cd143-755a-4524-9a18-f20272cbd303', '2025-01-29 08:31:08'),
	('admine88e7421-a0d4-48f2-a221-b30cfc54a7dc]', 'song-94abb065-3617-49a5-96cd-7688733c5472', '2025-01-29 08:31:25'),
	('admine88e7421-a0d4-48f2-a221-b30cfc54a7dc]', 'song-973e9f0d-7d80-4163-a815-56d45bc4311b', '2025-01-29 08:31:33'),
	('admine88e7421-a0d4-48f2-a221-b30cfc54a7dc]', 'song-fb310e12-5b58-4eda-b9fc-0a8817130b1f', '2025-01-29 08:32:09'),
	('admine88e7421-a0d4-48f2-a221-b30cfc54a7dc]', 'song-d7953a19-4f48-4051-982f-e528c5db7cec', '2025-01-29 08:32:25'),
	('admine88e7421-a0d4-48f2-a221-b30cfc54a7dc]', 'song-181e740c-21dc-42be-88e0-2f8a31b8c957', '2025-01-30 05:56:40'),
	('admine88e7421-a0d4-48f2-a221-b30cfc54a7dc]', 'song-d7953a19-4f48-4051-982f-e528c5db7cec', '2025-01-30 05:56:44'),
	('admine88e7421-a0d4-48f2-a221-b30cfc54a7dc]', 'song-696cd143-755a-4524-9a18-f20272cbd303', '2025-01-30 06:00:02'),
	('admine88e7421-a0d4-48f2-a221-b30cfc54a7dc]', 'song-217cc123-5cc5-49f1-a633-f4baf7187d0e', '2025-01-30 06:04:56'),
	('admine88e7421-a0d4-48f2-a221-b30cfc54a7dc]', 'song-a961384b-b512-4ffa-9f7f-234a66121299', '2025-01-30 06:08:25'),
	('admine88e7421-a0d4-48f2-a221-b30cfc54a7dc]', 'song-696cd143-755a-4524-9a18-f20272cbd303', '2025-01-30 09:22:21'),
	('admine88e7421-a0d4-48f2-a221-b30cfc54a7dc]', 'song-d7953a19-4f48-4051-982f-e528c5db7cec', '2025-01-30 12:38:41'),
	('c9a79c22-8546-4540-8d16-92c01c4a6a23', 'song-d7953a19-4f48-4051-982f-e528c5db7cec', '2025-01-30 14:28:20'),
	('admine88e7421-a0d4-48f2-a221-b30cfc54a7dc]', 'song-a961384b-b512-4ffa-9f7f-234a66121299', '2025-01-30 14:32:21'),
	('admine88e7421-a0d4-48f2-a221-b30cfc54a7dc]', 'song-94f93a3e-e9fe-4336-8804-db4bd4af2ad0', '2025-01-30 14:35:45'),
	('admine88e7421-a0d4-48f2-a221-b30cfc54a7dc]', 'song-c8fd9440-c08c-4811-b263-05026d01816f', '2025-01-30 14:39:01'),
	('admine88e7421-a0d4-48f2-a221-b30cfc54a7dc]', 'song-8d2ede38-9298-42a1-8f7b-d8b8f5030799', '2025-01-30 14:42:10'),
	('admine88e7421-a0d4-48f2-a221-b30cfc54a7dc]', 'song-93e4e301-e7fc-4109-be08-5127938c68dd', '2025-01-30 14:45:03'),
	('admine88e7421-a0d4-48f2-a221-b30cfc54a7dc]', 'song-973e9f0d-7d80-4163-a815-56d45bc4311b', '2025-01-30 14:48:55'),
	('admine88e7421-a0d4-48f2-a221-b30cfc54a7dc]', 'song-d7953a19-4f48-4051-982f-e528c5db7cec', '2025-01-30 14:52:12'),
	('admine88e7421-a0d4-48f2-a221-b30cfc54a7dc]', 'song-d0787553-4f74-4db9-83dd-2d88ae5a41a4', '2025-01-30 14:55:29'),
	('admine88e7421-a0d4-48f2-a221-b30cfc54a7dc]', 'song-f3934345-93c2-444f-a297-cc1efc9bfdd8', '2025-01-30 14:59:55'),
	('admine88e7421-a0d4-48f2-a221-b30cfc54a7dc]', 'song-2b9fa186-fe17-45b1-99e7-495ad71e86e5', '2025-01-30 15:03:17'),
	('admine88e7421-a0d4-48f2-a221-b30cfc54a7dc]', 'song-fb310e12-5b58-4eda-b9fc-0a8817130b1f', '2025-01-30 15:06:26'),
	('admine88e7421-a0d4-48f2-a221-b30cfc54a7dc]', 'song-fd04f9f5-d3e9-4161-accb-cb80f1e9fd85', '2025-01-30 15:52:09'),
	('admine88e7421-a0d4-48f2-a221-b30cfc54a7dc]', 'song-adaec925-bf2e-4669-8c57-77ec19747ca9', '2025-01-30 15:56:06'),
	('admine88e7421-a0d4-48f2-a221-b30cfc54a7dc]', 'song-181e740c-21dc-42be-88e0-2f8a31b8c957', '2025-01-30 15:59:38'),
	('admine88e7421-a0d4-48f2-a221-b30cfc54a7dc]', 'song-696cd143-755a-4524-9a18-f20272cbd303', '2025-01-30 16:02:42'),
	('admine88e7421-a0d4-48f2-a221-b30cfc54a7dc]', 'song-217cc123-5cc5-49f1-a633-f4baf7187d0e', '2025-01-30 16:07:37'),
	('admine88e7421-a0d4-48f2-a221-b30cfc54a7dc]', 'song-a961384b-b512-4ffa-9f7f-234a66121299', '2025-01-30 16:11:06'),
	('admine88e7421-a0d4-48f2-a221-b30cfc54a7dc]', 'song-d7953a19-4f48-4051-982f-e528c5db7cec', '2025-01-31 12:16:43'),
	('admine88e7421-a0d4-48f2-a221-b30cfc54a7dc]', 'song-78857a62-c7a9-41e2-abba-12b096ad0b76', '2025-01-31 12:19:26'),
	('admine88e7421-a0d4-48f2-a221-b30cfc54a7dc]', 'song-d7953a19-4f48-4051-982f-e528c5db7cec', '2025-01-31 12:23:10'),
	('admine88e7421-a0d4-48f2-a221-b30cfc54a7dc]', 'song-a961384b-b512-4ffa-9f7f-234a66121299', '2025-01-31 14:09:49'),
	('admine88e7421-a0d4-48f2-a221-b30cfc54a7dc]', 'song-adaec925-bf2e-4669-8c57-77ec19747ca9', '2025-01-31 14:48:48'),
	('admine88e7421-a0d4-48f2-a221-b30cfc54a7dc]', 'song-181e740c-21dc-42be-88e0-2f8a31b8c957', '2025-01-31 14:51:10'),
	('admine88e7421-a0d4-48f2-a221-b30cfc54a7dc]', 'song-d0787553-4f74-4db9-83dd-2d88ae5a41a4', '2025-01-31 14:54:13'),
	('c9a79c22-8546-4540-8d16-92c01c4a6a23', 'song-a961384b-b512-4ffa-9f7f-234a66121299', '2025-02-01 02:36:06'),
	('c9a79c22-8546-4540-8d16-92c01c4a6a23', 'song-0872b219-c9e9-40be-b5ca-2243067fc5f2', '2025-02-01 02:36:29'),
	('admine88e7421-a0d4-48f2-a221-b30cfc54a7dc]', 'song-d7953a19-4f48-4051-982f-e528c5db7cec', '2025-02-01 03:26:45'),
	('c9a79c22-8546-4540-8d16-92c01c4a6a23', 'song-d7953a19-4f48-4051-982f-e528c5db7cec', '2025-02-01 03:26:53'),
	('admine88e7421-a0d4-48f2-a221-b30cfc54a7dc]', 'song-d0787553-4f74-4db9-83dd-2d88ae5a41a4', '2025-02-01 07:23:45'),
	('admine88e7421-a0d4-48f2-a221-b30cfc54a7dc]', '381b6b5e-305f-4cbc-a3bf-7707147c8804', '2025-02-01 07:51:50'),
	('c9a79c22-8546-4540-8d16-92c01c4a6a23', '381b6b5e-305f-4cbc-a3bf-7707147c8804', '2025-02-01 08:15:46'),
	('admine88e7421-a0d4-48f2-a221-b30cfc54a7dc]', 'song-d0787553-4f74-4db9-83dd-2d88ae5a41a4', '2025-02-01 12:23:42'),
	('admine88e7421-a0d4-48f2-a221-b30cfc54a7dc]', 'song-adaec925-bf2e-4669-8c57-77ec19747ca9', '2025-02-01 12:28:11'),
	('admine88e7421-a0d4-48f2-a221-b30cfc54a7dc]', 'song-93e4e301-e7fc-4109-be08-5127938c68dd', '2025-02-01 12:31:43'),
	('admine88e7421-a0d4-48f2-a221-b30cfc54a7dc]', 'song-2b9fa186-fe17-45b1-99e7-495ad71e86e5', '2025-02-01 12:35:35'),
	('admine88e7421-a0d4-48f2-a221-b30cfc54a7dc]', 'song-973e9f0d-7d80-4163-a815-56d45bc4311b', '2025-02-01 12:38:44'),
	('admine88e7421-a0d4-48f2-a221-b30cfc54a7dc]', 'song-fd04f9f5-d3e9-4161-accb-cb80f1e9fd85', '2025-02-01 12:43:03'),
	('admine88e7421-a0d4-48f2-a221-b30cfc54a7dc]', 'song-8d2ede38-9298-42a1-8f7b-d8b8f5030799', '2025-02-01 12:47:02'),
	('admine88e7421-a0d4-48f2-a221-b30cfc54a7dc]', 'song-a961384b-b512-4ffa-9f7f-234a66121299', '2025-02-01 12:49:55'),
	('admine88e7421-a0d4-48f2-a221-b30cfc54a7dc]', 'song-d7953a19-4f48-4051-982f-e528c5db7cec', '2025-02-01 12:53:15'),
	('admine88e7421-a0d4-48f2-a221-b30cfc54a7dc]', 'song-217cc123-5cc5-49f1-a633-f4baf7187d0e', '2025-02-01 12:56:36'),
	('admine88e7421-a0d4-48f2-a221-b30cfc54a7dc]', 'song-fb310e12-5b58-4eda-b9fc-0a8817130b1f', '2025-02-01 13:00:06'),
	('admine88e7421-a0d4-48f2-a221-b30cfc54a7dc]', 'song-94f93a3e-e9fe-4336-8804-db4bd4af2ad0', '2025-02-01 13:03:22'),
	('admine88e7421-a0d4-48f2-a221-b30cfc54a7dc]', 'song-f3934345-93c2-444f-a297-cc1efc9bfdd8', '2025-02-01 13:06:36'),
	('c9a79c22-8546-4540-8d16-92c01c4a6a23', 'song-181e740c-21dc-42be-88e0-2f8a31b8c957', '2025-02-01 14:20:16'),
	('admine88e7421-a0d4-48f2-a221-b30cfc54a7dc]', 'song-a4f534a6-1560-4390-8c68-7157513eab53', '2025-02-01 15:26:03'),
	('admine88e7421-a0d4-48f2-a221-b30cfc54a7dc]', 'song-d7953a19-4f48-4051-982f-e528c5db7cec', '2025-02-01 15:39:05'),
	('admine88e7421-a0d4-48f2-a221-b30cfc54a7dc]', 'song-23d147c6-b178-42e0-a294-1bcf4405ddd4', '2025-02-01 15:44:44'),
	('admine88e7421-a0d4-48f2-a221-b30cfc54a7dc]', 'song-f3934345-93c2-444f-a297-cc1efc9bfdd8', '2025-02-02 02:43:30'),
	('c9a79c22-8546-4540-8d16-92c01c4a6a23', '381b6b5e-305f-4cbc-a3bf-7707147c8804', '2025-02-02 03:41:40'),
	('c9a79c22-8546-4540-8d16-92c01c4a6a23', 'song-533f87a8-965d-4a83-91ff-57b446085a9d', '2025-02-02 03:48:22'),
	('c9a79c22-8546-4540-8d16-92c01c4a6a23', 'song-d0787553-4f74-4db9-83dd-2d88ae5a41a4', '2025-02-02 03:48:51'),
	('c9a79c22-8546-4540-8d16-92c01c4a6a23', 'song-c6240124-3a3b-446c-ad72-96beb41c4506', '2025-02-02 04:13:26'),
	('c9a79c22-8546-4540-8d16-92c01c4a6a23', 'song-d0787553-4f74-4db9-83dd-2d88ae5a41a4', '2025-02-02 05:08:45'),
	('c9a79c22-8546-4540-8d16-92c01c4a6a23', 'song-0872b219-c9e9-40be-b5ca-2243067fc5f2', '2025-02-02 06:36:58'),
	('c9a79c22-8546-4540-8d16-92c01c4a6a23', 'song-d0787553-4f74-4db9-83dd-2d88ae5a41a4', '2025-02-02 09:49:06'),
	('admine88e7421-a0d4-48f2-a221-b30cfc54a7dc]', 'song-f8325f13-4eb7-46e4-acd9-f1532725fa1a', '2025-02-02 09:59:17'),
	('admine88e7421-a0d4-48f2-a221-b30cfc54a7dc]', 'song-1c1e0c41-1480-44ec-aeee-594e5228a5d7', '2025-02-02 10:01:21'),
	('admine88e7421-a0d4-48f2-a221-b30cfc54a7dc]', 'song-7192b129-7729-44a6-aca7-4082096af355', '2025-02-02 10:03:45'),
	('admine88e7421-a0d4-48f2-a221-b30cfc54a7dc]', 'song-ffdab8bd-da57-4a41-8ec0-7213fd351ca2', '2025-02-02 10:10:26'),
	('admine88e7421-a0d4-48f2-a221-b30cfc54a7dc]', 'song-1c1e0c41-1480-44ec-aeee-594e5228a5d7', '2025-02-02 10:12:40'),
	('admine88e7421-a0d4-48f2-a221-b30cfc54a7dc]', 'song-82ea8d9a-2f47-4e79-89bf-6206e0bbb4cd', '2025-02-02 10:17:00'),
	('c9a79c22-8546-4540-8d16-92c01c4a6a23', 'song-0872b219-c9e9-40be-b5ca-2243067fc5f2', '2025-02-02 10:39:02'),
	('admine88e7421-a0d4-48f2-a221-b30cfc54a7dc]', 'song-d0787553-4f74-4db9-83dd-2d88ae5a41a4', '2025-02-02 14:35:46'),
	('admine88e7421-a0d4-48f2-a221-b30cfc54a7dc]', 'song-a1ced8dc-d59b-48e0-8708-49924c754261', '2025-02-02 14:39:18'),
	('admine88e7421-a0d4-48f2-a221-b30cfc54a7dc]', 'song-b4dfb119-131a-408e-aba3-b84befa0a062', '2025-02-02 14:42:29'),
	('admine88e7421-a0d4-48f2-a221-b30cfc54a7dc]', 'song-d381dc1a-f71c-4a1b-9c8a-4d73446a5f6a', '2025-02-02 14:46:37'),
	('admine88e7421-a0d4-48f2-a221-b30cfc54a7dc]', 'song-d0787553-4f74-4db9-83dd-2d88ae5a41a4', '2025-02-02 14:48:33'),
	('admine88e7421-a0d4-48f2-a221-b30cfc54a7dc]', 'song-bd619e99-6e06-4f10-b010-1346a32ff692', '2025-02-02 14:56:22'),
	('admine88e7421-a0d4-48f2-a221-b30cfc54a7dc]', 'song-99240f28-6fa9-4e98-b1fa-36996b2da21e', '2025-02-02 15:10:14'),
	('admine88e7421-a0d4-48f2-a221-b30cfc54a7dc]', 'song-d0787553-4f74-4db9-83dd-2d88ae5a41a4', '2025-02-02 15:12:00'),
	('admine88e7421-a0d4-48f2-a221-b30cfc54a7dc]', 'song-99240f28-6fa9-4e98-b1fa-36996b2da21e', '2025-02-02 15:12:13'),
	('admine88e7421-a0d4-48f2-a221-b30cfc54a7dc]', 'song-fa185d49-0661-4b00-aad4-8f58179f2bec', '2025-02-02 15:14:50'),
	('admine88e7421-a0d4-48f2-a221-b30cfc54a7dc]', 'song-ab26daf4-6ff0-4358-ac9e-08d674b81e42', '2025-02-02 15:20:46'),
	('admine88e7421-a0d4-48f2-a221-b30cfc54a7dc]', 'song-99240f28-6fa9-4e98-b1fa-36996b2da21e', '2025-02-02 15:23:39'),
	('admine88e7421-a0d4-48f2-a221-b30cfc54a7dc]', 'song-4166e218-e31f-4a3f-a943-a2c345d903f4', '2025-02-02 15:30:33'),
	('admine88e7421-a0d4-48f2-a221-b30cfc54a7dc]', 'song-0751946f-37d9-4b91-9371-13ff14e8b209', '2025-02-02 15:43:30'),
	('admine88e7421-a0d4-48f2-a221-b30cfc54a7dc]', 'song-c5c86838-f1bb-4cc2-9b89-c9fd23a03aa7', '2025-02-02 15:50:19'),
	('admine88e7421-a0d4-48f2-a221-b30cfc54a7dc]', 'song-adb9e73f-0d00-4578-a1d8-693252af950b', '2025-02-02 15:56:07'),
	('admine88e7421-a0d4-48f2-a221-b30cfc54a7dc]', 'song-ba71cede-7f52-45b4-ab85-5b9a6bc18d87', '2025-02-02 16:01:36'),
	('admine88e7421-a0d4-48f2-a221-b30cfc54a7dc]', 'song-178de5d0-53b2-4b69-80b2-7e41410d4846', '2025-02-02 16:11:11'),
	('admine88e7421-a0d4-48f2-a221-b30cfc54a7dc]', 'song-1c1e0c41-1480-44ec-aeee-594e5228a5d7', '2025-02-03 01:38:21'),
	('admine88e7421-a0d4-48f2-a221-b30cfc54a7dc]', 'song-2e1663d5-aebd-442c-8d19-f02b8a232656', '2025-02-03 01:50:31'),
	('admine88e7421-a0d4-48f2-a221-b30cfc54a7dc]', 'song-1f177511-feb6-46d2-bbee-e078e9be7980', '2025-02-03 01:54:49'),
	('admine88e7421-a0d4-48f2-a221-b30cfc54a7dc]', 'song-ed483e4d-928a-497e-8efc-1fa69989092b', '2025-02-03 01:59:12'),
	('admine88e7421-a0d4-48f2-a221-b30cfc54a7dc]', 'song-b3667c0a-223e-4fab-b6d0-2bf5ae119327', '2025-02-03 02:09:18'),
	('admine88e7421-a0d4-48f2-a221-b30cfc54a7dc]', 'song-99240f28-6fa9-4e98-b1fa-36996b2da21e', '2025-02-03 02:09:26'),
	('admine88e7421-a0d4-48f2-a221-b30cfc54a7dc]', 'song-1fd54e9a-9f0a-4905-84ae-c0854bb61949', '2025-02-03 02:24:10'),
	('admine88e7421-a0d4-48f2-a221-b30cfc54a7dc]', 'song-51eaae38-d450-4fe3-9d88-26b88db434ca', '2025-02-03 02:37:40'),
	('admine88e7421-a0d4-48f2-a221-b30cfc54a7dc]', 'song-0f20e6f7-a0df-4078-aada-f93479988447', '2025-02-03 02:39:59'),
	('admine88e7421-a0d4-48f2-a221-b30cfc54a7dc]', 'song-453eaff6-6ddd-462e-bba6-d8c1b30b5678', '2025-02-03 02:44:18'),
	('admine88e7421-a0d4-48f2-a221-b30cfc54a7dc]', 'song-fafaf10c-0257-417b-bce3-9667dd00f13d', '2025-02-03 02:55:12'),
	('admine88e7421-a0d4-48f2-a221-b30cfc54a7dc]', 'song-128fb4bd-118c-4433-94fe-036f7645b61b', '2025-02-03 03:11:04'),
	('admine88e7421-a0d4-48f2-a221-b30cfc54a7dc]', 'song-1c1e0c41-1480-44ec-aeee-594e5228a5d7', '2025-02-03 03:17:34'),
	('admine88e7421-a0d4-48f2-a221-b30cfc54a7dc]', 'song-128fb4bd-118c-4433-94fe-036f7645b61b', '2025-02-03 03:17:49'),
	('admine88e7421-a0d4-48f2-a221-b30cfc54a7dc]', 'song-b3667c0a-223e-4fab-b6d0-2bf5ae119327', '2025-02-03 03:26:01'),
	('c9a79c22-8546-4540-8d16-92c01c4a6a23', 'song-b3667c0a-223e-4fab-b6d0-2bf5ae119327', '2025-02-03 03:27:18'),
	('admine88e7421-a0d4-48f2-a221-b30cfc54a7dc]', 'song-f3934345-93c2-444f-a297-cc1efc9bfdd8', '2025-02-03 03:42:08'),
	('c9a79c22-8546-4540-8d16-92c01c4a6a23', 'song-f3934345-93c2-444f-a297-cc1efc9bfdd8', '2025-02-03 03:43:35'),
	('c9a79c22-8546-4540-8d16-92c01c4a6a23', 'song-8d2ede38-9298-42a1-8f7b-d8b8f5030799', '2025-02-03 03:45:03'),
	('admine88e7421-a0d4-48f2-a221-b30cfc54a7dc]', 'song-d7953a19-4f48-4051-982f-e528c5db7cec', '2025-02-03 07:23:58'),
	('admine88e7421-a0d4-48f2-a221-b30cfc54a7dc]', 'song-4166e218-e31f-4a3f-a943-a2c345d903f4', '2025-02-03 07:30:06'),
	('admine88e7421-a0d4-48f2-a221-b30cfc54a7dc]', 'song-b3667c0a-223e-4fab-b6d0-2bf5ae119327', '2025-02-03 09:08:19'),
	('admine88e7421-a0d4-48f2-a221-b30cfc54a7dc]', 'song-e9cd49b9-0d52-4c13-9481-5adf3626297a', '2025-02-03 09:15:21'),
	('admine88e7421-a0d4-48f2-a221-b30cfc54a7dc]', 'song-7b0b0724-ae28-4dd5-95af-2a111697e4d0', '2025-02-03 09:21:47'),
	('admine88e7421-a0d4-48f2-a221-b30cfc54a7dc]', 'song-128fb4bd-118c-4433-94fe-036f7645b61b', '2025-02-03 09:38:37'),
	('admine88e7421-a0d4-48f2-a221-b30cfc54a7dc]', 'song-b6266d98-49b2-4aab-974b-04f0dc13f3e8', '2025-02-03 09:38:58'),
	('admine88e7421-a0d4-48f2-a221-b30cfc54a7dc]', 'song-21ca8286-7a4a-4fc4-9aaf-e7b7e9da8f10', '2025-02-03 09:39:14'),
	('admine88e7421-a0d4-48f2-a221-b30cfc54a7dc]', 'song-b3667c0a-223e-4fab-b6d0-2bf5ae119327', '2025-02-03 11:23:13'),
	('c9a79c22-8546-4540-8d16-92c01c4a6a23', 'song-b3667c0a-223e-4fab-b6d0-2bf5ae119327', '2025-02-03 11:24:26'),
	('admine88e7421-a0d4-48f2-a221-b30cfc54a7dc]', 'song-4166e218-e31f-4a3f-a943-a2c345d903f4', '2025-02-03 12:55:40'),
	('c9a79c22-8546-4540-8d16-92c01c4a6a23', 'song-8d2ede38-9298-42a1-8f7b-d8b8f5030799', '2025-02-03 15:18:23'),
	('c9a79c22-8546-4540-8d16-92c01c4a6a23', 'song-128fb4bd-118c-4433-94fe-036f7645b61b', '2025-02-03 15:18:30'),
	('c9a79c22-8546-4540-8d16-92c01c4a6a23', 'song-ffdab8bd-da57-4a41-8ec0-7213fd351ca2', '2025-02-03 15:23:04'),
	('c9a79c22-8546-4540-8d16-92c01c4a6a23', 'song-4166e218-e31f-4a3f-a943-a2c345d903f4', '2025-02-03 15:26:57'),
	('c9a79c22-8546-4540-8d16-92c01c4a6a23', 'song-ed483e4d-928a-497e-8efc-1fa69989092b', '2025-02-03 15:31:01'),
	('c9a79c22-8546-4540-8d16-92c01c4a6a23', 'song-b3667c0a-223e-4fab-b6d0-2bf5ae119327', '2025-02-03 15:34:07'),
	('admine88e7421-a0d4-48f2-a221-b30cfc54a7dc]', 'song-0751946f-37d9-4b91-9371-13ff14e8b209', '2025-02-04 03:00:34'),
	('c9a79c22-8546-4540-8d16-92c01c4a6a23', 'song-0872b219-c9e9-40be-b5ca-2243067fc5f2', '2025-02-04 05:08:43'),
	('c9a79c22-8546-4540-8d16-92c01c4a6a23', 'song-b3667c0a-223e-4fab-b6d0-2bf5ae119327', '2025-02-04 06:33:01'),
	('c9a79c22-8546-4540-8d16-92c01c4a6a23', 'song-0751946f-37d9-4b91-9371-13ff14e8b209', '2025-02-04 06:34:16'),
	('c9a79c22-8546-4540-8d16-92c01c4a6a23', 'song-128fb4bd-118c-4433-94fe-036f7645b61b', '2025-02-04 06:36:54'),
	('admine88e7421-a0d4-48f2-a221-b30cfc54a7dc]', 'song-128fb4bd-118c-4433-94fe-036f7645b61b', '2025-02-04 06:54:23'),
	('admine88e7421-a0d4-48f2-a221-b30cfc54a7dc]', 'song-c5c86838-f1bb-4cc2-9b89-c9fd23a03aa7', '2025-02-04 06:54:51'),
	('admine88e7421-a0d4-48f2-a221-b30cfc54a7dc]', 'song-0751946f-37d9-4b91-9371-13ff14e8b209', '2025-02-04 06:57:20'),
	('admine88e7421-a0d4-48f2-a221-b30cfc54a7dc]', 'song-c5c86838-f1bb-4cc2-9b89-c9fd23a03aa7', '2025-02-04 07:15:49'),
	('c9a79c22-8546-4540-8d16-92c01c4a6a23', 'song-c5c86838-f1bb-4cc2-9b89-c9fd23a03aa7', '2025-02-04 07:16:01'),
	('c9a79c22-8546-4540-8d16-92c01c4a6a23', 'song-2e1663d5-aebd-442c-8d19-f02b8a232656', '2025-02-04 07:19:58'),
	('admine88e7421-a0d4-48f2-a221-b30cfc54a7dc]', 'song-2e1663d5-aebd-442c-8d19-f02b8a232656', '2025-02-04 07:47:18'),
	('admine88e7421-a0d4-48f2-a221-b30cfc54a7dc]', 'song-fa0861c1-196a-4c0f-beb9-40b6f5f8b8f5', '2025-02-04 07:52:28'),
	('admine88e7421-a0d4-48f2-a221-b30cfc54a7dc]', 'song-2e1663d5-aebd-442c-8d19-f02b8a232656', '2025-02-04 07:55:42'),
	('admine88e7421-a0d4-48f2-a221-b30cfc54a7dc]', 'song-fa0861c1-196a-4c0f-beb9-40b6f5f8b8f5', '2025-02-04 07:55:52'),
	('admine88e7421-a0d4-48f2-a221-b30cfc54a7dc]', 'song-62c017df-d24e-420e-9bc8-dfcbbf329ce6', '2025-02-04 07:57:42'),
	('admine88e7421-a0d4-48f2-a221-b30cfc54a7dc]', 'song-b3667c0a-223e-4fab-b6d0-2bf5ae119327', '2025-02-04 07:59:20'),
	('admine88e7421-a0d4-48f2-a221-b30cfc54a7dc]', 'song-21ca8286-7a4a-4fc4-9aaf-e7b7e9da8f10', '2025-02-04 08:04:00'),
	('admine88e7421-a0d4-48f2-a221-b30cfc54a7dc]', 'song-b3667c0a-223e-4fab-b6d0-2bf5ae119327', '2025-02-04 08:06:12'),
	('admine88e7421-a0d4-48f2-a221-b30cfc54a7dc]', 'song-0751946f-37d9-4b91-9371-13ff14e8b209', '2025-02-04 08:06:17'),
	('admine88e7421-a0d4-48f2-a221-b30cfc54a7dc]', 'song-2e1663d5-aebd-442c-8d19-f02b8a232656', '2025-02-04 09:44:09'),
	('admine88e7421-a0d4-48f2-a221-b30cfc54a7dc]', 'song-62c017df-d24e-420e-9bc8-dfcbbf329ce6', '2025-02-04 09:44:17'),
	('c9a79c22-8546-4540-8d16-92c01c4a6a23', 'song-b3667c0a-223e-4fab-b6d0-2bf5ae119327', '2025-02-04 09:54:39'),
	('c9a79c22-8546-4540-8d16-92c01c4a6a23', 'song-23d147c6-b178-42e0-a294-1bcf4405ddd4', '2025-02-04 09:59:21'),
	('c9a79c22-8546-4540-8d16-92c01c4a6a23', 'song-2e1663d5-aebd-442c-8d19-f02b8a232656', '2025-02-04 10:02:59'),
	('c9a79c22-8546-4540-8d16-92c01c4a6a23', 'song-7192b129-7729-44a6-aca7-4082096af355', '2025-02-04 10:06:23'),
	('c9a79c22-8546-4540-8d16-92c01c4a6a23', 'song-51eaae38-d450-4fe3-9d88-26b88db434ca', '2025-02-04 10:11:24'),
	('c9a79c22-8546-4540-8d16-92c01c4a6a23', 'song-ba71cede-7f52-45b4-ab85-5b9a6bc18d87', '2025-02-04 10:15:10'),
	('c9a79c22-8546-4540-8d16-92c01c4a6a23', 'song-453eaff6-6ddd-462e-bba6-d8c1b30b5678', '2025-02-04 10:19:29'),
	('c9a79c22-8546-4540-8d16-92c01c4a6a23', 'song-1c1e0c41-1480-44ec-aeee-594e5228a5d7', '2025-02-04 10:24:04'),
	('c9a79c22-8546-4540-8d16-92c01c4a6a23', 'song-82ea8d9a-2f47-4e79-89bf-6206e0bbb4cd', '2025-02-04 10:27:40'),
	('c9a79c22-8546-4540-8d16-92c01c4a6a23', 'song-1f177511-feb6-46d2-bbee-e078e9be7980', '2025-02-04 10:31:41'),
	('c9a79c22-8546-4540-8d16-92c01c4a6a23', 'song-62c017df-d24e-420e-9bc8-dfcbbf329ce6', '2025-02-04 10:35:07'),
	('c9a79c22-8546-4540-8d16-92c01c4a6a23', 'song-ab26daf4-6ff0-4358-ac9e-08d674b81e42', '2025-02-04 10:39:38'),
	('c9a79c22-8546-4540-8d16-92c01c4a6a23', 'song-178de5d0-53b2-4b69-80b2-7e41410d4846', '2025-02-04 10:42:55'),
	('c9a79c22-8546-4540-8d16-92c01c4a6a23', 'song-b987433e-b777-40c4-8e84-edf3dca11b64', '2025-02-04 10:47:17'),
	('c9a79c22-8546-4540-8d16-92c01c4a6a23', 'song-5d078f4a-08dd-4d12-b1ec-57c70e19ac27', '2025-02-04 10:47:34'),
	('admine88e7421-a0d4-48f2-a221-b30cfc54a7dc]', 'song-21ca8286-7a4a-4fc4-9aaf-e7b7e9da8f10', '2025-02-04 10:51:00'),
	('c9a79c22-8546-4540-8d16-92c01c4a6a23', 'song-f6d98097-3555-4a83-9838-84cbae4a3bd3', '2025-02-04 10:55:15'),
	('c9a79c22-8546-4540-8d16-92c01c4a6a23', 'song-8bbae5ba-093b-47c1-9a4d-9fddc39eeecb', '2025-02-04 11:01:15'),
	('admine88e7421-a0d4-48f2-a221-b30cfc54a7dc]', 'song-b3667c0a-223e-4fab-b6d0-2bf5ae119327', '2025-02-04 11:15:29'),
	('c9a79c22-8546-4540-8d16-92c01c4a6a23', 'song-b3667c0a-223e-4fab-b6d0-2bf5ae119327', '2025-02-04 11:15:43'),
	('c9a79c22-8546-4540-8d16-92c01c4a6a23', 'song-b3667c0a-223e-4fab-b6d0-2bf5ae119327', '2025-02-04 11:15:43'),
	('c9a79c22-8546-4540-8d16-92c01c4a6a23', 'song-181e740c-21dc-42be-88e0-2f8a31b8c957', '2025-02-04 11:18:48'),
	('c9a79c22-8546-4540-8d16-92c01c4a6a23', 'song-181e740c-21dc-42be-88e0-2f8a31b8c957', '2025-02-04 11:18:48'),
	('admine88e7421-a0d4-48f2-a221-b30cfc54a7dc]', 'song-21ca8286-7a4a-4fc4-9aaf-e7b7e9da8f10', '2025-02-04 12:39:48'),
	('admine88e7421-a0d4-48f2-a221-b30cfc54a7dc]', 'song-86c5aee1-3a29-4690-8970-47020cd34228', '2025-02-04 12:44:06'),
	('admine88e7421-a0d4-48f2-a221-b30cfc54a7dc]', 'song-181e740c-21dc-42be-88e0-2f8a31b8c957', '2025-02-04 12:46:56'),
	('admine88e7421-a0d4-48f2-a221-b30cfc54a7dc]', 'song-181e740c-21dc-42be-88e0-2f8a31b8c957', '2025-02-04 12:46:56'),
	('admine88e7421-a0d4-48f2-a221-b30cfc54a7dc]', 'song-d06e760a-9645-4d27-b02e-fd365096d682', '2025-02-04 12:50:42'),
	('admine88e7421-a0d4-48f2-a221-b30cfc54a7dc]', 'song-d06e760a-9645-4d27-b02e-fd365096d682', '2025-02-04 12:50:42');

-- Dumping structure for table defaultdb.song
CREATE TABLE IF NOT EXISTS `song` (
  `Id` varchar(100) COLLATE utf8mb4_vietnamese_ci NOT NULL,
  `user_id` text COLLATE utf8mb4_vietnamese_ci NOT NULL,
  `Genre_id` varchar(100) CHARACTER SET utf8mb4 COLLATE utf8mb4_vietnamese_ci NOT NULL,
  `SongName` varchar(100) COLLATE utf8mb4_vietnamese_ci NOT NULL DEFAULT 'Chưa có tiêu đề',
  `Viewer` int NOT NULL DEFAULT '0',
  `Singer` varchar(100) CHARACTER SET utf8mb4 COLLATE utf8mb4_vietnamese_ci NOT NULL,
  `Duration` varchar(50) COLLATE utf8mb4_vietnamese_ci NOT NULL DEFAULT '',
  `status` int NOT NULL DEFAULT '0',
  `description` varchar(300) COLLATE utf8mb4_vietnamese_ci NOT NULL DEFAULT '',
  `SongImage` varchar(300) COLLATE utf8mb4_vietnamese_ci NOT NULL DEFAULT '',
  `publicDate` varchar(50) COLLATE utf8mb4_vietnamese_ci NOT NULL DEFAULT '',
  `filePath` varchar(100) COLLATE utf8mb4_vietnamese_ci NOT NULL DEFAULT '',
  `dicussquality` int NOT NULL DEFAULT '0',
  PRIMARY KEY (`Id`)
) ENGINE=InnoDB DEFAULT CHARSET=utf8mb4 COLLATE=utf8mb4_vietnamese_ci;

-- Dumping data for table defaultdb.song: ~156 rows (approximately)
INSERT INTO `song` (`Id`, `user_id`, `Genre_id`, `SongName`, `Viewer`, `Singer`, `Duration`, `status`, `description`, `SongImage`, `publicDate`, `filePath`, `dicussquality`) VALUES
	('381b6b5e-305f-4cbc-a3bf-7707147c8804', '9e3aadcb-23b1-4540-8ec3-4bbb6892f3e1 artist-0a9a1230-3eae-4275-90e2-4f38ba44a6d9', ' vpop', 'Đi Về Nhà', 11, 'Đen Vâu,JustaTee', '205.561', 1, '', 'https://firebasestorage.googleapis.com/v0/b/supple-league-394102.appspot.com/o/SongImage%2F381b6b5e-305f-4cbc-a3bf-7707147c8804.jpeg?alt=media&token=108164cf-7175-4179-89cf-3dd3be3937ee', '1608224400', '381b6b5e-305f-4cbc-a3bf-7707147c8804', 0),
	('e17363fa-82d8-4ca4-8dee-ce1b62bcf995', '9e3aadcb-23b1-4540-8ec3-4bbb6892f3e1', 'vpop', '2 Triệu Năm', 3, 'Đen Vâu', '217', 1, '', 'https://firebasestorage.googleapis.com/v0/b/supple-league-394102.appspot.com/o/SongImage%2Fe17363fa-82d8-4ca4-8dee-ce1b62bcf995.jpeg?alt=media&token=5a2db16d-8366-40ea-ab21-4c9506f0337b', '1560963600', 'e17363fa-82d8-4ca4-8dee-ce1b62bcf995', 0),
	('ef9012fd-f635-49b5-918b-874c806a6b40', '51925ca6-74c6-418d-9273-793061b05aa6', 'vpop', 'Buông đôi tay nhau ra', 10, 'Sơn Tùng M-TP', '226.115918', 1, '', 'https://firebasestorage.googleapis.com/v0/b/supple-league-394102.appspot.com/o/SongImage%2Fef9012fd-f635-49b5-918b-874c806a6b40.jpeg?alt=media&token=e7a4aefa-1719-4557-8372-1b5f489b40d0', '1448989200', 'ef9012fd-f635-49b5-918b-874c806a6b40', 0),
	('f6e0a637-d439-49d2-b720-edb8f9c750f5', '42a9314d-5f14-4786-88ab-604359aa75e1', 'vpop', 'Khi phải quên người đó đi', 5, 'Phan Mạnh Quỳnh', '324', 1, '', 'https://firebasestorage.googleapis.com/v0/b/supple-league-394102.appspot.com/o/SongImage%2Ff6e0a637-d439-49d2-b720-edb8f9c750f5.jpeg?alt=media&token=f06e85a1-7194-48de-aed7-2d3daf0ca872', '1473613200', 'f6e0a637-d439-49d2-b720-edb8f9c750f5', 0),
	('song-0751946f-37d9-4b91-9371-13ff14e8b209', 'artist-020da543-7392-4c8f-a5e4-948c8ad812d8-1738510117580', 'cpop sad', 'Thanh Ti', 2, 'Đẳng Thập Yêu Quân', '270.76', 1, '', 'https://firebasestorage.googleapis.com/v0/b/supple-league-394102.appspot.com/o/SongImage%2Fsong-0751946f-37d9-4b91-9371-13ff14e8b209.jpeg?alt=media&token=d89db40c-1633-4905-be63-4099a246ad15', '1568302926', 'song-0751946f-37d9-4b91-9371-13ff14e8b209', 0),
	('song-0872b219-c9e9-40be-b5ca-2243067fc5f2', '9e3aadcb-23b1-4540-8ec3-4bbb6892f3e1 artist-566a4f2a-83f4-4ad1-a550-1b52091a8bf2', 'vpop', 'Bài Này Chill Phết', 4, 'Đen Vâu,MIN', '273.381', 1, '', 'https://firebasestorage.googleapis.com/v0/b/supple-league-394102.appspot.com/o/SongImage%2Fsong-0872b219-c9e9-40be-b5ca-2243067fc5f2.jpeg?alt=media&token=cdc9b878-50bd-40ac-a1ff-ea0c5347b6d4', '1558371600', 'song-0872b219-c9e9-40be-b5ca-2243067fc5f2', 0),
	('song-09bf528d-f36d-4092-a0c1-30ce3c75c133', '9e3aadcb-23b1-4540-8ec3-4bbb6892f3e1', 'vpop', 'Đưa Nhau Đi Trốn', 1, 'Đen Vâu', '230.008005', 1, '', 'https://firebasestorage.googleapis.com/v0/b/supple-league-394102.appspot.com/o/SongImage%2Fsong-09bf528d-f36d-4092-a0c1-30ce3c75c133.jpeg?alt=media&token=e9c8797a-1502-491d-8860-877a4eb23d0e', '1558371600', 'song-09bf528d-f36d-4092-a0c1-30ce3c75c133', 1),
	('song-0b2f3131-e7f1-4774-860c-f6f01785f862', 'artist-717aba39-8501-41c1-8a26-8f68c4b282e3-1725186015160 artist-87cb9a4c-45d8-426a-bcac-9576677321f0-1725185616844', 'vpop sad', 'Yêu Một Người Có Lẽ', 1, 'Miu Lê,Lou Hoàng', '253.468', 1, '', 'https://firebasestorage.googleapis.com/v0/b/supple-league-394102.appspot.com/o/SongImage%2Fsong-0b2f3131-e7f1-4774-860c-f6f01785f862.jpeg?alt=media&token=b50eeb82-1f23-44b5-a610-23d5d40904d2', '1476870120', 'song-0b2f3131-e7f1-4774-860c-f6f01785f862', 0),
	('song-0be4bfaf-2c6d-4aa7-bc41-52958c1234cd', 'artist-b29a1a00-42ee-4984-a16e-0c757b4cec78-1731984342688', 'vpop', 'Mãi Mãi Bên Nhau', 0, 'Noo Phước Thịnh', '292', 1, '', 'https://firebasestorage.googleapis.com/v0/b/supple-league-394102.appspot.com/o/SongImage%2Fsong-0be4bfaf-2c6d-4aa7-bc41-52958c1234cd.jpeg?alt=media&token=ed50cb54-0985-4507-ab05-16ba72325330', '1418786746', 'song-0be4bfaf-2c6d-4aa7-bc41-52958c1234cd', 0),
	('song-0ffc9672-199c-4571-bf2d-1acba562fee6', '51925ca6-74c6-418d-9273-793061b05aa6', 'vpop', 'Chúng Ta Của Tương Lai', 6, 'Sơn Tùng M-TP', '245.76', 1, '', 'https://firebasestorage.googleapis.com/v0/b/supple-league-394102.appspot.com/o/SongImage%2Fsong-0ffc9672-199c-4571-bf2d-1acba562fee6.jpeg?alt=media&token=04ca551a-e44d-4666-9715-715c77bdb972', '1722618000', 'song-0ffc9672-199c-4571-bf2d-1acba562fee6', 0),
	('song-1018dc51-23e5-4e5f-934b-9d0c9de55105', 'artist-f4cee228-4fc9-4014-a0c8-5151397bb463-1732030044782', 'vpop', 'Là 1 Thằng Con Trai', 2, 'Jack-J97', '246.429', 1, '', 'https://firebasestorage.googleapis.com/v0/b/supple-league-394102.appspot.com/o/SongImage%2Fsong-1018dc51-23e5-4e5f-934b-9d0c9de55105.jpeg?alt=media&token=3d89087e-8c40-45eb-a0ff-6e5e29fb8002', '1583809442', 'song-1018dc51-23e5-4e5f-934b-9d0c9de55105', 0),
	('song-104bc6e6-0fef-47e0-8711-b7927848f523', 'artist-0a9a1230-3eae-4275-90e2-4f38ba44a6d9', 'vpop', ' Forever Alone', 2, 'JustaTee', '238.678005', 1, '', 'https://firebasestorage.googleapis.com/v0/b/supple-league-394102.appspot.com/o/SongImage%2Fsong-104bc6e6-0fef-47e0-8711-b7927848f523.jpeg?alt=media&token=505bb000-ddf0-4197-bd1d-9c6358d20b57', '1364230800', 'song-104bc6e6-0fef-47e0-8711-b7927848f523', 0),
	('song-10652f8a-6e9c-47b9-acb2-6ef44c21977c', 'artist-ea7399e9-d854-426d-b4ca-dc2644b88a74-1723107672710 artist-87cb9a4c-45d8-426a-bcac-9576677321f0-1725185616844', 'vpop', 'Đếm Ngày Xa Em', 3, 'Only C,Lou Hoàng', '256.609', 1, '', 'https://firebasestorage.googleapis.com/v0/b/supple-league-394102.appspot.com/o/SongImage%2Fsong-10652f8a-6e9c-47b9-acb2-6ef44c21977c.jpeg?alt=media&token=7d3b9aed-deef-4a2a-9946-1d470a254d9b', '1464714000', 'song-10652f8a-6e9c-47b9-acb2-6ef44c21977c', 0),
	('song-128fb4bd-118c-4433-94fe-036f7645b61b', 'artist-b5f7bbc5-8a8d-425a-92d2-69c70e175a1f-1738551776320', 'cpop sad', 'Một triệu khả năng', 2, 'Christine Welch', '270.141', 1, '', 'https://firebasestorage.googleapis.com/v0/b/supple-league-394102.appspot.com/o/SongImage%2Fsong-128fb4bd-118c-4433-94fe-036f7645b61b.jpeg?alt=media&token=0296ebb8-3171-40e5-9ae8-2bfaedeac9a1', '1414811330', 'song-128fb4bd-118c-4433-94fe-036f7645b61b', 0),
	('song-14ad2fe8-5236-4da3-8255-8f96be44cfff', 'artist-7d2a7a2a-6110-4746-ac9b-9d0fb1e90b60-1737815723696', 'vpop', 'Chờ Em Trong Đêm', 0, 'The Men', '219.834', 1, '', 'https://firebasestorage.googleapis.com/v0/b/supple-league-394102.appspot.com/o/SongImage%2Fsong-14ad2fe8-5236-4da3-8255-8f96be44cfff.jpeg?alt=media&token=4c7af47b-10cf-478d-b208-1c4d8be78f43', '1308324396', 'song-14ad2fe8-5236-4da3-8255-8f96be44cfff', 0),
	('song-154a024a-7903-4211-9e82-5c0d9d018d9d', 'artist-4f2455ed-cadd-476b-b4c2-1663891c933a-1734273911958', 'vpop', 'Người Không Đáng', 0, 'Khắc Việt', '246.024', 1, '', 'https://firebasestorage.googleapis.com/v0/b/supple-league-394102.appspot.com/o/SongImage%2Fsong-154a024a-7903-4211-9e82-5c0d9d018d9d.jpeg?alt=media&token=e9f7eb6b-2b37-460f-8456-0b85a36364ca', '1435761937', 'song-154a024a-7903-4211-9e82-5c0d9d018d9d', 0),
	('song-15df81ef-2198-400e-aa4b-e444ebd830e3', 'artist-37d07bbb-b815-488f-baa5-6c25cbe4ba74-1725550799643 artist-0a9a1230-3eae-4275-90e2-4f38ba44a6d9', 'vpop', 'Thằng Điên', 2, 'Phương Ly,JustaTee', '235.5', 1, '', 'https://firebasestorage.googleapis.com/v0/b/supple-league-394102.appspot.com/o/SongImage%2Fsong-15df81ef-2198-400e-aa4b-e444ebd830e3.jpeg?alt=media&token=845507d3-0d41-4cb9-a407-aa7a1f841ef5', '1539333989', 'song-15df81ef-2198-400e-aa4b-e444ebd830e3', 0),
	('song-178de5d0-53b2-4b69-80b2-7e41410d4846', 'artist-0ce5ed6a-5b84-4c74-942e-b59926e83b66-1738512533902', 'cpop', 'Thích Hôn ', 1, '9277', '193.051', 1, '', 'https://firebasestorage.googleapis.com/v0/b/supple-league-394102.appspot.com/o/SongImage%2Fsong-178de5d0-53b2-4b69-80b2-7e41410d4846.jpeg?alt=media&token=e83f8fe4-1a7c-4bd5-9eb7-5d1c46392739', '1525882186', 'song-178de5d0-53b2-4b69-80b2-7e41410d4846', 0),
	('song-181e740c-21dc-42be-88e0-2f8a31b8c957', 'artist-1456b930-ad22-4f4f-a140-513ac23c8ad5-1738073625853', ' edm usuk', 'Epic', 4, 'TheFatRat', '180.327', 1, '', 'https://firebasestorage.googleapis.com/v0/b/supple-league-394102.appspot.com/o/SongImage%2Fsong-181e740c-21dc-42be-88e0-2f8a31b8c957.jpeg?alt=media&token=58f5a96c-358a-4e77-b358-ccd9a3141371', '1479566693', 'song-181e740c-21dc-42be-88e0-2f8a31b8c957', 0),
	('song-19da69ea-95be-4cbe-bd44-f478d351f3a2', 'artist-e9a1e896-ecc4-4adc-9f5e-2cd107fb1ed4', 'jpop', 'Egao no Mahou (Fairy Tail OP 5 )', 13, 'Fairy Tail', '208.399093', 1, '', 'https://firebasestorage.googleapis.com/v0/b/supple-league-394102.appspot.com/o/SongImage%2Fsong-19da69ea-95be-4cbe-bd44-f478d351f3a2.jpeg?alt=media&token=9c636dd2-f98f-4a0e-b08f-041472edaf3e', '1371488400', 'song-19da69ea-95be-4cbe-bd44-f478d351f3a2', 0),
	('song-1acbe83f-cfac-4359-a242-20090273f7d0', 'artist-ea7399e9-d854-426d-b4ca-dc2644b88a74-1723107672710', 'vpop', 'Yêu Là  Tha Thu', 2, 'Only C', '273.117', 1, '', 'https://firebasestorage.googleapis.com/v0/b/supple-league-394102.appspot.com/o/SongImage%2Fsong-1acbe83f-cfac-4359-a242-20090273f7d0.jpeg?alt=media&token=667ef54c-0c15-40e4-bf9b-df247ac9e6ba', '1491930000', 'song-1acbe83f-cfac-4359-a242-20090273f7d0', 0),
	('song-1c1e0c41-1480-44ec-aeee-594e5228a5d7', 'artist-1bc9c882-f6ec-4cc0-98c9-419eba220014-1738424207163', 'cpop music', 'China-A', 1, 'YUAN', '212.974', 1, '', 'https://firebasestorage.googleapis.com/v0/b/supple-league-394102.appspot.com/o/SongImage%2Fsong-1c1e0c41-1480-44ec-aeee-594e5228a5d7.jpeg?alt=media&token=fc682498-002a-4077-987b-340a725b0f88', '1467280723', 'song-1c1e0c41-1480-44ec-aeee-594e5228a5d7', 0),
	('song-1d7422a0-38e9-4d54-ba74-df0dc415cd61', 'artist-b29a1a00-42ee-4984-a16e-0c757b4cec78-1731984342688', 'vpop', 'Cause I Love You', 0, 'Noo Phước Thịnh', '373', 1, '', 'https://firebasestorage.googleapis.com/v0/b/supple-league-394102.appspot.com/o/SongImage%2Fsong-1d7422a0-38e9-4d54-ba74-df0dc415cd61.jpeg?alt=media&token=bb4c68f6-2bd9-4f3b-8461-0dee5deb89d5', '1463629553', 'song-1d7422a0-38e9-4d54-ba74-df0dc415cd61', 0),
	('song-1d91e5de-acd7-499e-b79a-11ba8f916c90', '51925ca6-74c6-418d-9273-793061b05aa6', 'vpop', ' Ấn Nút Nhớ…Thả Giấc Mơ', 6, 'Sơn Tùng M-TP', '244.583991', 1, '', 'https://firebasestorage.googleapis.com/v0/b/supple-league-394102.appspot.com/o/SongImage%2Fsong-1d91e5de-acd7-499e-b79a-11ba8f916c90.jpeg?alt=media&token=5877b458-e663-498c-b869-03e66b1cb964', '1434560400', 'song-1d91e5de-acd7-499e-b79a-11ba8f916c90', 0),
	('song-1f177511-feb6-46d2-bbee-e078e9be7980', 'artist-8dca8df5-0a86-4150-96ea-b00ed01305c3-1738547567642', 'cpop', 'Phong Dạ Hành', 1, 'Tưởng Tuyết Nhi ', '201.828', 1, '', 'https://firebasestorage.googleapis.com/v0/b/supple-league-394102.appspot.com/o/SongImage%2Fsong-1f177511-feb6-46d2-bbee-e078e9be7980.jpeg?alt=media&token=cc27aabc-99b9-4d5c-a6c3-f7e2672e16df', '1627437266', 'song-1f177511-feb6-46d2-bbee-e078e9be7980', 0),
	('song-1fb9c6d4-3844-4772-972e-b8b918829202', 'artist-fe79e6f5-1ebe-4223-9b00-3e00c16af0bd', 'vpop', 'Chạm Đáy Nỗi Đau', 0, 'Erik', '293.193', 1, '', 'https://firebasestorage.googleapis.com/v0/b/supple-league-394102.appspot.com/o/SongImage%2Fsong-1fb9c6d4-3844-4772-972e-b8b918829202.jpeg?alt=media&token=32334d24-80fe-4110-aae8-9eaa24d14082', '1524823826', 'song-1fb9c6d4-3844-4772-972e-b8b918829202', 0),
	('song-217cc123-5cc5-49f1-a633-f4baf7187d0e', 'artist-1456b930-ad22-4f4f-a140-513ac23c8ad5-1738073625853', ' edm usuk', 'Close To The Sun', 4, 'TheFatRat', '205.729', 1, '', 'https://firebasestorage.googleapis.com/v0/b/supple-league-394102.appspot.com/o/SongImage%2Fsong-217cc123-5cc5-49f1-a633-f4baf7187d0e.jpeg?alt=media&token=e98088ad-97af-4733-867b-f24d07888869', '1600612117', 'song-217cc123-5cc5-49f1-a633-f4baf7187d0e', 0),
	('song-21ca8286-7a4a-4fc4-9aaf-e7b7e9da8f10', 'artist-d71883a7-b621-4693-b9e8-062c144b4d45-1737797467978', 'vpop', 'NGƯỜI CÓ THƯƠNG', 0, 'DatKaa', '282.069', 1, '', 'https://firebasestorage.googleapis.com/v0/b/supple-league-394102.appspot.com/o/SongImage%2Fsong-21ca8286-7a4a-4fc4-9aaf-e7b7e9da8f10.jpeg?alt=media&token=043f91ec-89e6-4ca7-8c13-fa3be7281900', '1596880482', 'song-21ca8286-7a4a-4fc4-9aaf-e7b7e9da8f10', 0),
	('song-23d147c6-b178-42e0-a294-1bcf4405ddd4', 'artist-1bc9c882-f6ec-4cc0-98c9-419eba220014-1738424207163', 'cpop music', ' China-P', 1, 'YUAN', '213.81', 1, '', 'https://firebasestorage.googleapis.com/v0/b/supple-league-394102.appspot.com/o/SongImage%2Fsong-23d147c6-b178-42e0-a294-1bcf4405ddd4.jpeg?alt=media&token=c48d66a9-026d-4d6d-8f30-65837217836d', '1467474286', 'song-23d147c6-b178-42e0-a294-1bcf4405ddd4', 0),
	('song-275e4c7f-99ce-4848-8c99-db6c8316f289', '51925ca6-74c6-418d-9273-793061b05aa6', 'vpop', 'Có Chắc Yêu Là Đây', 6, 'Sơn Tùng M-TP', '215.284', 1, '', 'https://firebasestorage.googleapis.com/v0/b/supple-league-394102.appspot.com/o/SongImage%2Fsong-275e4c7f-99ce-4848-8c99-db6c8316f289.jpeg?alt=media&token=1dff67e1-51c3-42d4-91ba-0cf947faef48', '1593956220', 'song-275e4c7f-99ce-4848-8c99-db6c8316f289', 0),
	('song-279034ba-af64-4b30-8342-09aa24557a2d', 'artist-e3f078e5-f587-4c18-a790-424e6dd64487-1725455195688', 'vpop', 'Vừa Hận Vừa Yêu', 2, 'Trung Tự', '157.239002', 1, '', 'https://firebasestorage.googleapis.com/v0/b/supple-league-394102.appspot.com/o/SongImage%2Fsong-279034ba-af64-4b30-8342-09aa24557a2d.jpeg?alt=media&token=b0234f06-0a80-4238-a3ed-f40989da2989', '1719334800', 'song-279034ba-af64-4b30-8342-09aa24557a2d', 0),
	('song-27b04085-ddac-46f4-ba90-b5269a6b12c1', 'artist-f4cee228-4fc9-4014-a0c8-5151397bb463-1732030044782 artist-f7098c96-6699-4646-be45-717b445672dd-1732026661111', 'vpop', 'SAO EM VÔ TÌNH ', 4, 'Jack-J97,K ICM', '335.738', 1, '', 'https://firebasestorage.googleapis.com/v0/b/supple-league-394102.appspot.com/o/SongImage%2Fsong-27b04085-ddac-46f4-ba90-b5269a6b12c1.jpeg?alt=media&token=1cf13720-2ef6-4359-877d-fbbae89a36bd', '1558453029', 'song-27b04085-ddac-46f4-ba90-b5269a6b12c1', 0),
	('song-2b9fa186-fe17-45b1-99e7-495ad71e86e5', 'artist-eb91aa80-3869-430d-9810-dd12344779ed-1738071857142', ' edm usuk', 'Without You', 3, 'DEAMN', '185.017', 1, '', 'https://firebasestorage.googleapis.com/v0/b/supple-league-394102.appspot.com/o/SongImage%2Fsong-2b9fa186-fe17-45b1-99e7-495ad71e86e5.jpeg?alt=media&token=06ed197f-3137-48c7-8493-3fd68746dc5f', '1518704287', 'song-2b9fa186-fe17-45b1-99e7-495ad71e86e5', 0),
	('song-2e1663d5-aebd-442c-8d19-f02b8a232656', 'artist-72f7937e-dc5b-4bbd-941c-8ec37458ed93-1738547171759 artist-efd0f20b-ea67-45e9-a76d-9118dc6f0588-1738547135616', 'cpop', 'Xuất Sơn', 2, 'Vương Thắng Nam,Hoa Chúc', '200.389', 1, '', 'https://firebasestorage.googleapis.com/v0/b/supple-league-394102.appspot.com/o/SongImage%2Fsong-2e1663d5-aebd-442c-8d19-f02b8a232656.jpeg?alt=media&token=1ad34be7-4598-40cd-9dcf-8abbe993bb7f', '1538099298', 'song-2e1663d5-aebd-442c-8d19-f02b8a232656', 0),
	('song-2e208458-ba2e-4e84-9849-7d57c013ddb8', 'artist-7d2a7a2a-6110-4746-ac9b-9d0fb1e90b60-1737815723696', 'vpop', 'NẾU LÀ ANH', 0, 'The Men', '256.926', 1, '', 'https://firebasestorage.googleapis.com/v0/b/supple-league-394102.appspot.com/o/SongImage%2Fsong-2e208458-ba2e-4e84-9849-7d57c013ddb8.jpeg?alt=media&token=c0379fcb-5258-447d-81b7-0be0ee9c0db4', '1377617569', 'song-2e208458-ba2e-4e84-9849-7d57c013ddb8', 0),
	('song-3099d47b-0ff1-44cd-a46c-616d206f0292', 'artist-566a4f2a-83f4-4ad1-a550-1b52091a8bf2', 'vpop', ' Em Mới Là Người Yêu Anh ', 2, 'MIN', '228.979002', 1, '', 'https://firebasestorage.googleapis.com/v0/b/supple-league-394102.appspot.com/o/SongImage%2Fsong-3099d47b-0ff1-44cd-a46c-616d206f0292.jpeg?alt=media&token=27ff6562-97cd-4895-8f55-6f73a43e8918', '1526922000', 'song-3099d47b-0ff1-44cd-a46c-616d206f0292', 0),
	('song-33790516-d0c7-4535-8865-d18949565652', 'artist-ee6b7fbc-e072-4a33-9e03-887fc1f82008-1725286552482', 'vpop', 'TÂM SỰ TUỔI 30 ', 4, 'Trịnh Thăng Bình', '263.290998', 1, '', 'https://firebasestorage.googleapis.com/v0/b/supple-league-394102.appspot.com/o/SongImage%2Fsong-33790516-d0c7-4535-8865-d18949565652.jpeg?alt=media&token=c7dced7c-cb85-48dc-8866-44e6c4116025', '1526922000', 'song-33790516-d0c7-4535-8865-d18949565652', 0),
	('song-34070b1c-5232-4543-b271-772926aa0c5b', 'artist-f4cee228-4fc9-4014-a0c8-5151397bb463-1732030044782 artist-f7098c96-6699-4646-be45-717b445672dd-1732026661111', 'vpop', 'Bạc Phận', 1, 'Jack-J97,K ICM', '249.001', 1, '', 'https://firebasestorage.googleapis.com/v0/b/supple-league-394102.appspot.com/o/SongImage%2Fsong-34070b1c-5232-4543-b271-772926aa0c5b.jpeg?alt=media&token=3b80572a-158a-42a1-a1ce-75e05526fff9', '1555380354', 'song-34070b1c-5232-4543-b271-772926aa0c5b', 0),
	('song-36d7e699-f13e-4746-93ba-0755345cb06d', '51925ca6-74c6-418d-9273-793061b05aa6', 'vpop', 'Như Ngày Hôm Qua', 3, 'Sơn Tùng M-TP', '221.570998', 1, '', 'https://firebasestorage.googleapis.com/v0/b/supple-league-394102.appspot.com/o/SongImage%2Fsong-36d7e699-f13e-4746-93ba-0755345cb06d.jpeg?alt=media&token=7fb0c9ba-f8f6-455b-acbe-91103ae36df6', '1463850000', 'song-36d7e699-f13e-4746-93ba-0755345cb06d', 0),
	('song-377a311a-e766-417a-889b-6c3df423e855', 'artist-37d07bbb-b815-488f-baa5-6c25cbe4ba74-1725550799643 artist-24f621fc-2ec1-4753-b79d-fbd35b5f17cb-1737819585602', 'vpop', 'Chạy Khỏi Thế Giới Này', 1, 'Phương Ly,Da LAB', '255.43', 1, '', 'https://firebasestorage.googleapis.com/v0/b/supple-league-394102.appspot.com/o/SongImage%2Fsong-377a311a-e766-417a-889b-6c3df423e855.jpeg?alt=media&token=c951e8fd-84ca-4069-9367-2cc21fd5a5a0', '1656603692', 'song-377a311a-e766-417a-889b-6c3df423e855', 0),
	('song-37999a9e-3ca8-4346-b4ba-d6e256e8ffb5', '51925ca6-74c6-418d-9273-793061b05aa6', 'vpop', 'Muộn Rồi Sao Mà Còn', 5, 'Sơn Tùng M-TP', '273.58', 1, '', 'https://firebasestorage.googleapis.com/v0/b/supple-league-394102.appspot.com/o/SongImage%2Fsong-37999a9e-3ca8-4346-b4ba-d6e256e8ffb5.jpeg?alt=media&token=7ac458e9-657a-429f-9ef4-74f43d8e0e06', '1621616400', 'song-37999a9e-3ca8-4346-b4ba-d6e256e8ffb5', 0),
	('song-3a759e1a-3432-4f0d-9fc2-c5c86c733259', 'artist-566a4f2a-83f4-4ad1-a550-1b52091a8bf2', 'vpop', 'TRÊN TÌNH BẠN DƯỚI TÌNH YÊU', 2, 'MIN', '293.639546', 1, '', 'https://firebasestorage.googleapis.com/v0/b/supple-league-394102.appspot.com/o/SongImage%2Fsong-3a759e1a-3432-4f0d-9fc2-c5c86c733259.jpeg?alt=media&token=147beb93-2199-4c5b-92b8-1718885497b3', '1590080400', 'song-3a759e1a-3432-4f0d-9fc2-c5c86c733259', 0),
	('song-4055a30d-96e1-488a-8ad7-adacc3b155d5', 'artist-87cb9a4c-45d8-426a-bcac-9576677321f0-1725185616844', 'vpop', 'Cảm Giác Lúc Ấy Sẽ Ra Sao', 0, 'Lou Hoàng', '252.924', 1, '', 'https://firebasestorage.googleapis.com/v0/b/supple-league-394102.appspot.com/o/SongImage%2Fsong-4055a30d-96e1-488a-8ad7-adacc3b155d5.jpeg?alt=media&token=4afe7f0b-3245-4110-8929-486e09d0c099', '1553681807', 'song-4055a30d-96e1-488a-8ad7-adacc3b155d5', 0),
	('song-4166e218-e31f-4a3f-a943-a2c345d903f4', 'artist-020da543-7392-4c8f-a5e4-948c8ad812d8-1738510117580', 'cpop', 'Từ∙Cửu môn hồi ức', 1, 'Đẳng Thập Yêu Quân', '240.067', 1, '', 'https://firebasestorage.googleapis.com/v0/b/supple-league-394102.appspot.com/o/SongImage%2Fsong-4166e218-e31f-4a3f-a943-a2c345d903f4.jpeg?alt=media&token=0e53ed4c-eae8-423d-8041-7729b39231ed', '1554391733', 'song-4166e218-e31f-4a3f-a943-a2c345d903f4', 0),
	('song-43b4a4c4-4b1e-4293-a800-e8cd18008028', 'artist-e9a1e896-ecc4-4adc-9f5e-2cd107fb1ed4', 'jpop', 'Tenohira [Fairy Tail OP 12]', 7, 'Fairy Tail', '191.402086', 1, '', 'https://firebasestorage.googleapis.com/v0/b/supple-league-394102.appspot.com/o/SongImage%2Fsong-43b4a4c4-4b1e-4293-a800-e8cd18008028.jpeg?alt=media&token=3a2b7c3c-5a8b-41d7-b3b6-8bf4184000ce', '1337619600', 'song-43b4a4c4-4b1e-4293-a800-e8cd18008028', 0),
	('song-453eaff6-6ddd-462e-bba6-d8c1b30b5678', 'artist-ea7319fc-a892-4526-a664-0347f2302ed6-1738549115228', 'cpop', 'Thiếu niên', 1, 'Mộng Nhiên', '236.16', 1, '', 'https://firebasestorage.googleapis.com/v0/b/supple-league-394102.appspot.com/o/SongImage%2Fsong-453eaff6-6ddd-462e-bba6-d8c1b30b5678.jpeg?alt=media&token=be32eff1-1be9-4e5c-aec3-79279855b2f6', '1584672183', 'song-453eaff6-6ddd-462e-bba6-d8c1b30b5678', 0),
	('song-45f37a25-fa22-4234-99c1-eebf02c5c6f4', '51925ca6-74c6-418d-9273-793061b05aa6', 'vpop', 'CHẠY NGAY ĐI', 2, 'Sơn Tùng M-TP', '263.963991', 1, '', 'https://firebasestorage.googleapis.com/v0/b/supple-league-394102.appspot.com/o/SongImage%2Fsong-45f37a25-fa22-4234-99c1-eebf02c5c6f4.jpeg?alt=media&token=63bd4a5f-370a-4261-b9c0-327c89a7a60c', '1526922000', 'song-45f37a25-fa22-4234-99c1-eebf02c5c6f4', 0),
	('song-4763e94c-76a4-40c2-a478-4ff14713cb11', 'artist-f4cee228-4fc9-4014-a0c8-5151397bb463-1732030044782', 'vpop', 'Cuối Cùng Thì', 0, 'Jack-J97', '212.96', 1, '', 'https://firebasestorage.googleapis.com/v0/b/supple-league-394102.appspot.com/o/SongImage%2Fsong-4763e94c-76a4-40c2-a478-4ff14713cb11.jpeg?alt=media&token=b9c5a6ca-b02e-450c-9ff0-727d361a8817', '1673492840', 'song-4763e94c-76a4-40c2-a478-4ff14713cb11', 0),
	('song-478c4d87-f77e-49fd-9163-56685817540b', '51925ca6-74c6-418d-9273-793061b05aa6', 'vpop', 'Nắng Ấm Xa Dần', 5, 'Sơn Tùng M-TP', '190.458005', 1, '', 'https://firebasestorage.googleapis.com/v0/b/supple-league-394102.appspot.com/o/SongImage%2Fsong-478c4d87-f77e-49fd-9163-56685817540b.jpeg?alt=media&token=ac63941f-4468-4aea-8be7-6ec9560e6aa1', '1725542955', 'song-478c4d87-f77e-49fd-9163-56685817540b', 0),
	('song-49722cde-1ea6-4e7f-b552-b45ccc6a9f11', '51925ca6-74c6-418d-9273-793061b05aa6', 'vpop', 'Em Của Ngày Hôm Qua', 4, 'Sơn Tùng M-TP', '232.49', 1, '', 'https://firebasestorage.googleapis.com/v0/b/supple-league-394102.appspot.com/o/SongImage%2Fsong-49722cde-1ea6-4e7f-b552-b45ccc6a9f11.jpeg?alt=media&token=0fde3815-f88a-4114-8378-79fb5c12ba4f', '1400691600', 'song-49722cde-1ea6-4e7f-b552-b45ccc6a9f11', 0),
	('song-4994ca26-490e-4412-9e54-826c652dd1b0', 'artist-4f2455ed-cadd-476b-b4c2-1663891c933a-1734273911958', 'vpop', 'Yêu Lại Từ Đầu ', 1, 'Khắc Việt', '207.073', 1, '', 'https://firebasestorage.googleapis.com/v0/b/supple-league-394102.appspot.com/o/SongImage%2Fsong-4994ca26-490e-4412-9e54-826c652dd1b0.jpeg?alt=media&token=08238cd1-fd6e-437f-8a22-04b63d512c2f', '1394764982', 'song-4994ca26-490e-4412-9e54-826c652dd1b0', 0),
	('song-49a9dcca-4b57-4efd-b4b3-a28d09045c16', 'artist-24f621fc-2ec1-4753-b79d-fbd35b5f17cb-1737819585602', 'vpop', 'Một Nhà', 0, 'Da LAB', '185.737', 1, '', 'https://firebasestorage.googleapis.com/v0/b/supple-league-394102.appspot.com/o/SongImage%2Fsong-49a9dcca-4b57-4efd-b4b3-a28d09045c16.jpeg?alt=media&token=76fc98f6-0f67-40ed-96e0-8530338a40d2', '1506089744', 'song-49a9dcca-4b57-4efd-b4b3-a28d09045c16', 0),
	('song-4b8528bb-d89a-4613-be22-412fabe6bde8', 'artist-ea7399e9-d854-426d-b4ca-dc2644b88a74-1723107672710 artist-87cb9a4c-45d8-426a-bcac-9576677321f0-1725185616844', 'vpop sad', 'Ngày Em Đi', 3, 'Only C,Lou Hoàng', '237.27', 1, '', 'https://firebasestorage.googleapis.com/v0/b/supple-league-394102.appspot.com/o/SongImage%2Fsong-4b8528bb-d89a-4613-be22-412fabe6bde8.jpeg?alt=media&token=bea9baa7-0b25-4f60-9f38-9f841d5f3972', '1432227600', 'song-4b8528bb-d89a-4613-be22-412fabe6bde8', 0),
	('song-4f1658fb-0766-49b0-bd17-2706ced368e0', '51925ca6-74c6-418d-9273-793061b05aa6', 'vpop', 'Gió cuốn em đi', 6, 'Sơn Tùng M-TP', '290.783492', 1, '', 'https://firebasestorage.googleapis.com/v0/b/supple-league-394102.appspot.com/o/SongImage%2Fsong-4f1658fb-0766-49b0-bd17-2706ced368e0.jpeg?alt=media&token=1933503c-d611-4a74-8fdb-4c0bf0950561', '1400691600', 'song-4f1658fb-0766-49b0-bd17-2706ced368e0', 0),
	('song-51eaae38-d450-4fe3-9d88-26b88db434ca', 'artist-ea7319fc-a892-4526-a664-0347f2302ed6-1738549115228', 'cpop', 'Là Anh', 1, 'Mộng Nhiên', '223.03', 1, '', 'https://firebasestorage.googleapis.com/v0/b/supple-league-394102.appspot.com/o/SongImage%2Fsong-51eaae38-d450-4fe3-9d88-26b88db434ca.jpeg?alt=media&token=69db83b6-0fb0-4802-a045-8df424113c7a', '1658716622', 'song-51eaae38-d450-4fe3-9d88-26b88db434ca', 0),
	('song-51fc786f-155b-455c-a918-5e1b3f0fe649', 'artist-fe79e6f5-1ebe-4223-9b00-3e00c16af0bd artist-566a4f2a-83f4-4ad1-a550-1b52091a8bf2', 'vpop', 'Ghen', 3, 'Erik,MIN', '266.610998', 1, '', 'https://firebasestorage.googleapis.com/v0/b/supple-league-394102.appspot.com/o/SongImage%2Fsong-51fc786f-155b-455c-a918-5e1b3f0fe649.jpeg?alt=media&token=66f01ecb-6f77-4782-a90a-ba68e4d57173', '1495386000', 'song-51fc786f-155b-455c-a918-5e1b3f0fe649', 0),
	('song-526167fb-8c2c-46a5-8ef3-d5f6a516227e', 'artist-24f621fc-2ec1-4753-b79d-fbd35b5f17cb-1737819585602', 'vpop', 'Thức Giấc', 0, 'Da LAB', '269.022', 1, '', 'https://firebasestorage.googleapis.com/v0/b/supple-league-394102.appspot.com/o/SongImage%2Fsong-526167fb-8c2c-46a5-8ef3-d5f6a516227e.jpeg?alt=media&token=05168e23-cd7c-48b6-b673-41eb196605f1', '1626228597', 'song-526167fb-8c2c-46a5-8ef3-d5f6a516227e', 0),
	('song-533f87a8-965d-4a83-91ff-57b446085a9d', 'artist-566a4f2a-83f4-4ad1-a550-1b52091a8bf2 9e3aadcb-23b1-4540-8ec3-4bbb6892f3e1 artist-0a9a1230-3eae-4275-90e2-4f38ba44a6d9', 'vpop', 'Vì yêu cú đâm đầu', 2, 'MIN,Đen Vâu,JustaTee', '232.671995', 1, '', 'https://firebasestorage.googleapis.com/v0/b/supple-league-394102.appspot.com/o/SongImage%2Fsong-533f87a8-965d-4a83-91ff-57b446085a9d.jpeg?alt=media&token=7da75b71-f074-4f03-b78f-6c7fd022b83f', '1558458000', 'song-533f87a8-965d-4a83-91ff-57b446085a9d', 0),
	('song-543c046f-5a09-4016-970d-64bc63f17110', 'artist-f4cee228-4fc9-4014-a0c8-5151397bb463-1732030044782', 'vpop', 'Thiên Lý Ơi ', 0, 'Jack-J97', '220.109', 1, '', 'https://firebasestorage.googleapis.com/v0/b/supple-league-394102.appspot.com/o/SongImage%2Fsong-543c046f-5a09-4016-970d-64bc63f17110.jpeg?alt=media&token=b8fb962b-3825-4bee-b876-b4775703a7ab', '1708570527', 'song-543c046f-5a09-4016-970d-64bc63f17110', 0),
	('song-5c372862-da4d-486e-9e45-e3ec51880c09', 'artist-4f2455ed-cadd-476b-b4c2-1663891c933a-1734273911958', 'vpop', 'Quên', 1, 'Khắc Việt', '277.675', 1, '', 'https://firebasestorage.googleapis.com/v0/b/supple-league-394102.appspot.com/o/SongImage%2Fsong-5c372862-da4d-486e-9e45-e3ec51880c09.jpeg?alt=media&token=dd0e87b6-8ff6-4000-84a0-533b288b7783', '1534001446', 'song-5c372862-da4d-486e-9e45-e3ec51880c09', 0),
	('song-5c3b562d-bf3c-490c-a8c1-c119294e2820', 'artist-e3f078e5-f587-4c18-a790-424e6dd64487-1725455195688', 'vpop', 'Đêm Qua Anh Mơ ', 0, 'Trung Tự', '133.090998', 1, '', 'https://firebasestorage.googleapis.com/v0/b/supple-league-394102.appspot.com/o/SongImage%2Fsong-5c3b562d-bf3c-490c-a8c1-c119294e2820.jpeg?alt=media&token=cfa5d7de-cdf4-4b40-b8b9-0bce701fe920', '1590080400', 'song-5c3b562d-bf3c-490c-a8c1-c119294e2820', 0),
	('song-5ce1a02d-9830-444e-9495-0f6629effd92', 'artist-a3e230e4-c1bb-48a8-8069-d6e3792323fc-1725283096104', 'vpop', 'Nắm Lấy Tay Anh ', 9, 'Tuấn Hưng', '271.696009', 1, '', 'https://firebasestorage.googleapis.com/v0/b/supple-league-394102.appspot.com/o/SongImage%2Fsong-5ce1a02d-9830-444e-9495-0f6629effd92.jpeg?alt=media&token=cbe99e8e-f6a8-4551-bc9a-ecbfd43737b6', '1400691600', 'song-5ce1a02d-9830-444e-9495-0f6629effd92', 0),
	('song-5d078f4a-08dd-4d12-b1ec-57c70e19ac27', 'artist-b29a1a00-42ee-4984-a16e-0c757b4cec78-1731984342688', 'vpop sad', 'Chạm Khẽ Tim Anh Một Chút Thôi', 1, 'Noo Phước Thịnh', '347', 1, '', 'https://firebasestorage.googleapis.com/v0/b/supple-league-394102.appspot.com/o/SongImage%2Fsong-5d078f4a-08dd-4d12-b1ec-57c70e19ac27.jpeg?alt=media&token=d5f403e3-e13d-411a-9318-6a2dcdc2dc49', '1508213227', 'song-5d078f4a-08dd-4d12-b1ec-57c70e19ac27', 0),
	('song-5d887b87-81e8-4604-a529-b0a732b60c2d', 'artist-f4cee228-4fc9-4014-a0c8-5151397bb463-1732030044782', 'vpop', 'VỀ BÊN ANH', 2, 'Jack-J97', '260.691', 1, '', 'https://firebasestorage.googleapis.com/v0/b/supple-league-394102.appspot.com/o/SongImage%2Fsong-5d887b87-81e8-4604-a529-b0a732b60c2d.jpeg?alt=media&token=a3f067d2-599d-4f39-bbc0-d44ae843ef0b', '1515638374', 'song-5d887b87-81e8-4604-a529-b0a732b60c2d', 0),
	('song-600838b4-efcc-40ae-86ae-8f3aa108d08b', '51925ca6-74c6-418d-9273-793061b05aa6', 'vpop', 'Nơi Này Có Anh', 4, 'Sơn Tùng M-TP', '261.902993', 1, '', 'https://firebasestorage.googleapis.com/v0/b/supple-league-394102.appspot.com/o/SongImage%2Fsong-600838b4-efcc-40ae-86ae-8f3aa108d08b.jpeg?alt=media&token=fca094c3-b8e5-4924-af3c-f8b6876df581', '1495386000', 'song-600838b4-efcc-40ae-86ae-8f3aa108d08b', 0),
	('song-62c017df-d24e-420e-9bc8-dfcbbf329ce6', 'artist-020da543-7392-4c8f-a5e4-948c8ad812d8-1738510117580', 'cpop sad', 'Xích Linh', 1, 'Đẳng Thập Yêu Quân', '266', 1, '', 'https://firebasestorage.googleapis.com/v0/b/supple-league-394102.appspot.com/o/SongImage%2Fsong-62c017df-d24e-420e-9bc8-dfcbbf329ce6.jpeg?alt=media&token=ee71354c-2c2b-4de6-b033-8978fffa9758', '1584027369', 'song-62c017df-d24e-420e-9bc8-dfcbbf329ce6', 0),
	('song-63810c36-0bfe-448c-9fca-ab6865a9b557', 'artist-ea7399e9-d854-426d-b4ca-dc2644b88a74-1723107672710 artist-fd1ff219-ee15-45ff-baa5-316e29bd8998-1723110503718', 'vpop', 'Anh Không Đòi Quà', 7, 'Only C,Karik', '166.68', 1, '', 'https://firebasestorage.googleapis.com/v0/b/supple-league-394102.appspot.com/o/SongImage%2Fsong-63810c36-0bfe-448c-9fca-ab6865a9b557.jpeg?alt=media&token=73906560-3c5f-4f4a-b0e0-36d6e9d09384', '1369155600', 'song-63810c36-0bfe-448c-9fca-ab6865a9b557', 0),
	('song-65ab71c0-895c-43ce-8af2-14b4670f10ca', 'artist-f4cee228-4fc9-4014-a0c8-5151397bb463-1732030044782', 'vpop', 'Hoa Hải Đường', 2, 'Jack-J97', '229.59', 1, '', 'https://firebasestorage.googleapis.com/v0/b/supple-league-394102.appspot.com/o/SongImage%2Fsong-65ab71c0-895c-43ce-8af2-14b4670f10ca.jpeg?alt=media&token=339ebab5-22ce-4b89-9338-1fdc69b79f68', '1600743559', 'song-65ab71c0-895c-43ce-8af2-14b4670f10ca', 0),
	('song-696cd143-755a-4524-9a18-f20272cbd303', 'artist-1456b930-ad22-4f4f-a140-513ac23c8ad5-1738073625853', ' edm usuk', 'Monody', 3, 'TheFatRat', '291.039', 1, '', 'https://firebasestorage.googleapis.com/v0/b/supple-league-394102.appspot.com/o/SongImage%2Fsong-696cd143-755a-4524-9a18-f20272cbd303.jpeg?alt=media&token=0b90288e-7fb1-4dad-b6f9-2291d796005f', '1446993152', 'song-696cd143-755a-4524-9a18-f20272cbd303', 0),
	('song-71204703-0de7-4f09-9cb4-39fe8ab41ab9', 'artist-24f621fc-2ec1-4753-b79d-fbd35b5f17cb-1737819585602', 'vpop', 'Thanh Xuân', 0, 'Da LAB', '220.637', 1, '', 'https://firebasestorage.googleapis.com/v0/b/supple-league-394102.appspot.com/o/SongImage%2Fsong-71204703-0de7-4f09-9cb4-39fe8ab41ab9.jpeg?alt=media&token=023ce24c-64fc-483f-a47c-2a045fe07a8a', '1536070820', 'song-71204703-0de7-4f09-9cb4-39fe8ab41ab9', 0),
	('song-7192b129-7729-44a6-aca7-4082096af355', 'artist-1bc9c882-f6ec-4cc0-98c9-419eba220014-1738424207163', 'cpop music', 'China Rain', 1, 'YUAN', '297.587', 1, '', 'https://firebasestorage.googleapis.com/v0/b/supple-league-394102.appspot.com/o/SongImage%2Fsong-7192b129-7729-44a6-aca7-4082096af355.jpeg?alt=media&token=5eda28e2-5756-4c96-ab27-fa436b6a6070', '1522922444', 'song-7192b129-7729-44a6-aca7-4082096af355', 0),
	('song-729e7f87-e705-4164-83c3-a49bc4d8ab46', '51925ca6-74c6-418d-9273-793061b05aa6', 'vpop', 'Âm Thầm Bên Em', 9, 'Sơn Tùng M-TP', '291.317007', 1, '', 'https://firebasestorage.googleapis.com/v0/b/supple-league-394102.appspot.com/o/SongImage%2Fsong-729e7f87-e705-4164-83c3-a49bc4d8ab46.jpeg?alt=media&token=ebf406d9-356e-42f4-9f5e-676ef1d14e8f', '1432227600', 'song-729e7f87-e705-4164-83c3-a49bc4d8ab46', 0),
	('song-784d02fa-dc31-4c2f-9627-820889482e80', 'artist-0a9a1230-3eae-4275-90e2-4f38ba44a6d9', 'vpop', 'Đã Lỡ Yêu Em Nhiều ', 7, 'JustaTee', '266.14712', 1, '', 'https://firebasestorage.googleapis.com/v0/b/supple-league-394102.appspot.com/o/SongImage%2Fsong-784d02fa-dc31-4c2f-9627-820889482e80.jpeg?alt=media&token=23df1585-a88a-4c53-b294-9f85987eb77f', '1510506000', 'song-784d02fa-dc31-4c2f-9627-820889482e80', 1),
	('song-78857a62-c7a9-41e2-abba-12b096ad0b76', 'artist-4c4ae34c-b34b-427b-825c-59f995dfcc14-1738076385917 artist-05fffea7-110d-45ef-b70b-975c27c7fed0-1738325890038', 'usuk edm', 'Way Back', 0, 'Vicetone,Cozi Zuehlsdorff', '209.027', 1, '', 'https://firebasestorage.googleapis.com/v0/b/supple-league-394102.appspot.com/o/SongImage%2Fsong-78857a62-c7a9-41e2-abba-12b096ad0b76.jpeg?alt=media&token=ed5325d6-8920-4666-ac92-e7531e357a7c', '1520597969', 'song-78857a62-c7a9-41e2-abba-12b096ad0b76', 0),
	('song-7a126c0e-ebe5-491e-8041-d520b396ef24', '42a9314d-5f14-4786-88ab-604359aa75e1', 'vpop', 'Vợ Người Ta', 1, 'Phan Mạnh Quỳnh', '196.831995', 1, '', 'https://firebasestorage.googleapis.com/v0/b/supple-league-394102.appspot.com/o/SongImage%2Fsong-7a126c0e-ebe5-491e-8041-d520b396ef24.jpeg?alt=media&token=e678156f-8e0c-48c0-894d-a6c408dd59fd', '1447347600', 'song-7a126c0e-ebe5-491e-8041-d520b396ef24', 0),
	('song-7ab6533d-db5d-4885-8e7a-a1e1d37d2800', '51925ca6-74c6-418d-9273-793061b05aa6', 'vpop', 'Hãy Trao Cho Anh', 5, 'Sơn Tùng M-TP', '246.387007', 1, '', 'https://firebasestorage.googleapis.com/v0/b/supple-league-394102.appspot.com/o/SongImage%2Fsong-7ab6533d-db5d-4885-8e7a-a1e1d37d2800.jpeg?alt=media&token=6852a5c9-1615-4d79-ad10-a8205a05c3f3', '1546794000', 'song-7ab6533d-db5d-4885-8e7a-a1e1d37d2800', 0),
	('song-7b0b0724-ae28-4dd5-95af-2a111697e4d0', 'artist-0553133c-8416-4c87-bc32-b007699a9a2b-1738574392549', 'cpop sad', 'Lữ Khách Qua Thời Gian', 0, 'Danh Quyết', '169.431', 1, '', 'https://firebasestorage.googleapis.com/v0/b/supple-league-394102.appspot.com/o/SongImage%2Fsong-7b0b0724-ae28-4dd5-95af-2a111697e4d0.jpeg?alt=media&token=7492b6d9-ba2a-486c-ae2e-7b5f9fdd8361', '1514798421', 'song-7b0b0724-ae28-4dd5-95af-2a111697e4d0', 0),
	('song-804d7a8e-25af-4fa9-b575-087865be1ca0', 'artist-df5c4415-932c-4b69-98ca-740516b210cf-1737779637572', 'vpop', 'Hoa Cỏ Lau', 1, 'Phong Max', '210.821', 1, '', 'https://firebasestorage.googleapis.com/v0/b/supple-league-394102.appspot.com/o/SongImage%2Fsong-804d7a8e-25af-4fa9-b575-087865be1ca0.jpeg?alt=media&token=6a587dfc-d1a1-4339-a20a-3d4eee941d43', '1682138088', 'song-804d7a8e-25af-4fa9-b575-087865be1ca0', 0),
	('song-82ea8d9a-2f47-4e79-89bf-6206e0bbb4cd', 'artist-1bc9c882-f6ec-4cc0-98c9-419eba220014-1738424207163', 'cpop music', 'China B', 1, 'YUAN', '237.262', 1, '', 'https://firebasestorage.googleapis.com/v0/b/supple-league-394102.appspot.com/o/SongImage%2Fsong-82ea8d9a-2f47-4e79-89bf-6206e0bbb4cd.jpeg?alt=media&token=9d5639a8-7b20-4e97-8dd6-e2759e736c88', '1610792178', 'song-82ea8d9a-2f47-4e79-89bf-6206e0bbb4cd', 0),
	('song-858a0871-ff5b-47f2-bdda-88ca679b141b', 'artist-717aba39-8501-41c1-8a26-8f68c4b282e3-1725186015160', 'vpop', 'Anh Đang Nơi Đâu', 3, 'Miu Lê', '200.955011', 1, '', 'https://firebasestorage.googleapis.com/v0/b/supple-league-394102.appspot.com/o/SongImage%2Fsong-858a0871-ff5b-47f2-bdda-88ca679b141b.jpeg?alt=media&token=0468e4fd-b926-4837-963a-891e43f71472', '1452099600', 'song-858a0871-ff5b-47f2-bdda-88ca679b141b', 0),
	('song-86c5aee1-3a29-4690-8970-47020cd34228', 'artist-bce49a0b-09fb-430f-8a0a-253ec877419f-1738672823180', 'vpop', 'Đúng Người Đúng Thời Điểm ', 0, 'Thanh Hưng', '296.471', 1, '', 'https://firebasestorage.googleapis.com/v0/b/supple-league-394102.appspot.com/o/SongImage%2Fsong-86c5aee1-3a29-4690-8970-47020cd34228.jpeg?alt=media&token=d1f2a568-254f-4640-97ed-1b725c9c05a0', '1550752964', 'song-86c5aee1-3a29-4690-8970-47020cd34228', 0),
	('song-878cd831-fdb8-4623-9305-fabbb69395ca', 'artist-e9a1e896-ecc4-4adc-9f5e-2cd107fb1ed4', 'jpop', 'Snow Fairy (Fairy Tail OP 1)', 7, 'Fairy Tail', '212.509025', 1, '', 'https://firebasestorage.googleapis.com/v0/b/supple-league-394102.appspot.com/o/SongImage%2Fsong-878cd831-fdb8-4623-9305-fabbb69395ca.jpeg?alt=media&token=378a09bc-f13f-443d-a1ed-42602bd5fc4d', '1389027600', 'song-878cd831-fdb8-4623-9305-fabbb69395ca', 0),
	('song-88382a76-7ced-4df5-b1e6-9a218bdd5cb8', '51925ca6-74c6-418d-9273-793061b05aa6', 'vpop', 'Đừng Về Trễ Nha', 4, 'Sơn Tùng M-TP', '281.286009', 1, '', 'https://firebasestorage.googleapis.com/v0/b/supple-league-394102.appspot.com/o/SongImage%2Fsong-88382a76-7ced-4df5-b1e6-9a218bdd5cb8.jpeg?alt=media&token=00b293e2-c05b-4a71-b113-77144db6669c', '1389027600', 'song-88382a76-7ced-4df5-b1e6-9a218bdd5cb8', 0),
	('song-88c9b7e6-c225-463f-8d11-7af8679d39d3', 'artist-24f621fc-2ec1-4753-b79d-fbd35b5f17cb-1737819585602 artist-717aba39-8501-41c1-8a26-8f68c4b282e3-1725186015160', 'vpop', 'Gác Lại Âu Lo', 2, 'Da LAB,Miu Lê', '268.671', 1, '', 'https://firebasestorage.googleapis.com/v0/b/supple-league-394102.appspot.com/o/SongImage%2Fsong-88c9b7e6-c225-463f-8d11-7af8679d39d3.jpeg?alt=media&token=17cd1c06-cb9f-4553-a8d1-ae13b6f940ce', '1595687364', 'song-88c9b7e6-c225-463f-8d11-7af8679d39d3', 0),
	('song-8bbae5ba-093b-47c1-9a4d-9fddc39eeecb', 'artist-b29a1a00-42ee-4984-a16e-0c757b4cec78-1731984342688', 'vpop', 'Chờ Ngày Mưa Tan', 1, 'Noo Phước Thịnh', '212', 1, '', 'https://firebasestorage.googleapis.com/v0/b/supple-league-394102.appspot.com/o/SongImage%2Fsong-8bbae5ba-093b-47c1-9a4d-9fddc39eeecb.jpeg?alt=media&token=15017608-1fc7-4cf1-88ca-ec6334e63ed2', '1364788282', 'song-8bbae5ba-093b-47c1-9a4d-9fddc39eeecb', 0),
	('song-8d2ede38-9298-42a1-8f7b-d8b8f5030799', 'artist-1456b930-ad22-4f4f-a140-513ac23c8ad5-1738073625853', ' edm usuk', 'Rise up', 3, 'TheFatRat', '169.785', 1, '', 'https://firebasestorage.googleapis.com/v0/b/supple-league-394102.appspot.com/o/SongImage%2Fsong-8d2ede38-9298-42a1-8f7b-d8b8f5030799.jpeg?alt=media&token=1a61226f-c1d9-4db3-96d2-be53e8899d67', '1572015221', 'song-8d2ede38-9298-42a1-8f7b-d8b8f5030799', 0),
	('song-9307de90-d2fa-44d6-9938-468a3db8b5a0', 'artist-13c5ddd7-222b-45d5-8260-3c62ce646e01-1732718402757', 'jpop', 'Kyomu Densen', 1, 'Ali Project', '263.361', 1, '', 'https://firebasestorage.googleapis.com/v0/b/supple-league-394102.appspot.com/o/SongImage%2Fsong-9307de90-d2fa-44d6-9938-468a3db8b5a0.jpeg?alt=media&token=ab469f29-d542-4fcf-a35e-cee2e6ac36b9', '1423925435', 'song-9307de90-d2fa-44d6-9938-468a3db8b5a0', 0),
	('song-93e4e301-e7fc-4109-be08-5127938c68dd', 'artist-1456b930-ad22-4f4f-a140-513ac23c8ad5-1738073625853', ' edm usuk', 'Windfall', 5, 'TheFatRat', '228.383', 1, '', 'https://firebasestorage.googleapis.com/v0/b/supple-league-394102.appspot.com/o/SongImage%2Fsong-93e4e301-e7fc-4109-be08-5127938c68dd.jpeg?alt=media&token=62086227-0dd6-442b-9e05-c2608d8237b9', '1416494507', 'song-93e4e301-e7fc-4109-be08-5127938c68dd', 0),
	('song-93fdba3c-5398-45a0-adf7-375b5ef97a48', '42a9314d-5f14-4786-88ab-604359aa75e1', 'vpop', 'Có chàng trài viết lên cây', 3, 'Phan Mạnh Quỳnh', '310.023', 1, '', 'https://firebasestorage.googleapis.com/v0/b/supple-league-394102.appspot.com/o/SongImage%2Fsong-93fdba3c-5398-45a0-adf7-375b5ef97a48.jpeg?alt=media&token=890310be-65d2-4237-accc-d8284600f617', '1483722000', 'song-93fdba3c-5398-45a0-adf7-375b5ef97a48', 0),
	('song-945e2d3b-1652-4fb3-970a-c36ce43282bc', 'artist-e9a1e896-ecc4-4adc-9f5e-2cd107fb1ed4', 'jpop', 'Fairy Tail - Opening 2', 5, 'Fairy Tail', '244.993741', 1, '', 'https://firebasestorage.googleapis.com/v0/b/supple-league-394102.appspot.com/o/SongImage%2Fsong-945e2d3b-1652-4fb3-970a-c36ce43282bc.jpeg?alt=media&token=708755f5-71e7-4f64-9d0e-77f0ecf9d812', '1389027600', 'song-945e2d3b-1652-4fb3-970a-c36ce43282bc', 0),
	('song-94abb065-3617-49a5-96cd-7688733c5472', 'artist-e9a1e896-ecc4-4adc-9f5e-2cd107fb1ed4', 'jpop', 'Masayume Chasing (Fairy Tail OP15)', 6, 'Fairy Tail', '205.496009', 1, '', 'https://firebasestorage.googleapis.com/v0/b/supple-league-394102.appspot.com/o/SongImage%2Fsong-94abb065-3617-49a5-96cd-7688733c5472.jpeg?alt=media&token=76671377-121e-455a-9550-e967c814bdca', '1404050133', 'song-94abb065-3617-49a5-96cd-7688733c5472', 0),
	('song-94f93a3e-e9fe-4336-8804-db4bd4af2ad0', 'artist-eb91aa80-3869-430d-9810-dd12344779ed-1738071857142', ' edm usuk', 'Rendezvous ', 2, 'DEAMN', '191.286', 1, '', 'https://firebasestorage.googleapis.com/v0/b/supple-league-394102.appspot.com/o/SongImage%2Fsong-94f93a3e-e9fe-4336-8804-db4bd4af2ad0.jpeg?alt=media&token=6b92f4eb-98ae-4126-a319-5956ef30598b', '1507903186', 'song-94f93a3e-e9fe-4336-8804-db4bd4af2ad0', 0),
	('song-95520147-9480-45d4-afc2-c31436be5b0d', 'artist-ee6b7fbc-e072-4a33-9e03-887fc1f82008-1725286552482', 'vpop', 'Vỡ Tan', 5, 'Trịnh Thăng Bình', '256.14', 1, '', 'https://firebasestorage.googleapis.com/v0/b/supple-league-394102.appspot.com/o/SongImage%2Fsong-95520147-9480-45d4-afc2-c31436be5b0d.jpeg?alt=media&token=1de03caa-b4a3-42ff-9b21-5e439a4166da', '1481861451', 'song-95520147-9480-45d4-afc2-c31436be5b0d', 0),
	('song-973e9f0d-7d80-4163-a815-56d45bc4311b', 'artist-1456b930-ad22-4f4f-a140-513ac23c8ad5-1738073625853', ' edm usuk', 'Fly Away', 3, 'TheFatRat', '194.398', 1, '', 'https://firebasestorage.googleapis.com/v0/b/supple-league-394102.appspot.com/o/SongImage%2Fsong-973e9f0d-7d80-4163-a815-56d45bc4311b.jpeg?alt=media&token=fe3904ab-5aaf-4a99-a0fa-38f6c264eba2', '1496413541', 'song-973e9f0d-7d80-4163-a815-56d45bc4311b', 0),
	('song-982f10b9-42ec-4af8-9de8-7f77f623913b', 'artist-87cb9a4c-45d8-426a-bcac-9576677321f0-1725185616844', 'vpop sad', 'Yêu Em Dại Khờ', 1, 'Lou Hoàng', '270.011995', 1, '', 'https://firebasestorage.googleapis.com/v0/b/supple-league-394102.appspot.com/o/SongImage%2Fsong-982f10b9-42ec-4af8-9de8-7f77f623913b.jpeg?alt=media&token=d0cc22e8-f83f-4f09-bb68-dbad59d51675', '1546794000', 'song-982f10b9-42ec-4af8-9de8-7f77f623913b', 0),
	('song-9c4ca4f2-5085-409c-a413-5c30d4f042ad', 'artist-717aba39-8501-41c1-8a26-8f68c4b282e3-1725186015160', 'vpop', 'EM NHỚ ANH', 2, 'Miu Lê', '225.882993', 1, '', 'https://firebasestorage.googleapis.com/v0/b/supple-league-394102.appspot.com/o/SongImage%2Fsong-9c4ca4f2-5085-409c-a413-5c30d4f042ad.jpeg?alt=media&token=0fcde259-a0fb-4760-aa4c-f13300868fc7', '1294333200', 'song-9c4ca4f2-5085-409c-a413-5c30d4f042ad', 0),
	('song-a3c722bd-ba0a-4ac3-9844-da80ae7731ed', 'artist-0a9a1230-3eae-4275-90e2-4f38ba44a6d9', 'vpop sad', 'Bâng Khuâng', 2, 'JustaTee', '264.057007', 1, '', 'https://firebasestorage.googleapis.com/v0/b/supple-league-394102.appspot.com/o/SongImage%2Fsong-a3c722bd-ba0a-4ac3-9844-da80ae7731ed.jpeg?alt=media&token=048fb894-0266-46ad-a48e-1e364b1f0e4a', '1389027600', 'song-a3c722bd-ba0a-4ac3-9844-da80ae7731ed', 0),
	('song-a4f534a6-1560-4390-8c68-7157513eab53', 'artist-f7098c96-6699-4646-be45-717b445672dd-1732026661111 artist-4539e319-819e-4627-a60c-eddc308df754-1738423582802 artist-79971eb4-fcaa-4be6-b4c3-70e7dd5923e3-1738423596080', 'sad vpop', 'Buồn Của Anh ', 0, 'K ICM,Đạt G,Masew', '288.009', 1, '', 'https://firebasestorage.googleapis.com/v0/b/supple-league-394102.appspot.com/o/SongImage%2Fsong-a4f534a6-1560-4390-8c68-7157513eab53.jpeg?alt=media&token=c08482e9-05f7-4f63-8918-8cfa04e51c9b', '1513351499', 'song-a4f534a6-1560-4390-8c68-7157513eab53', 0),
	('song-a636ab8d-bed9-43df-b1e2-01161aeceb5f', 'artist-a3e230e4-c1bb-48a8-8069-d6e3792323fc-1725283096104', 'vpop', 'Dĩ Vãng Cuộc Tình', 2, 'Tuấn Hưng', '271.056009', 1, '', 'https://firebasestorage.googleapis.com/v0/b/supple-league-394102.appspot.com/o/SongImage%2Fsong-a636ab8d-bed9-43df-b1e2-01161aeceb5f.jpeg?alt=media&token=4f60554c-d841-4a08-90df-d45fbc17228f', '1357491600', 'song-a636ab8d-bed9-43df-b1e2-01161aeceb5f', 0),
	('song-a93c7513-4d0a-49c4-a613-a85aa196d39f', 'artist-4f2455ed-cadd-476b-b4c2-1663891c933a-1734273911958', 'vpop sad', 'Anh Khác Hay Em Khác', 1, 'Khắc Việt', '259.726', 1, '', 'https://firebasestorage.googleapis.com/v0/b/supple-league-394102.appspot.com/o/SongImage%2Fsong-a93c7513-4d0a-49c4-a613-a85aa196d39f.jpeg?alt=media&token=5ee07072-ba2d-46f5-a43a-3450bdc235f6', '1394794502', 'song-a93c7513-4d0a-49c4-a613-a85aa196d39f', 0),
	('song-a961384b-b512-4ffa-9f7f-234a66121299', 'artist-eb91aa80-3869-430d-9810-dd12344779ed-1738071857142', ' edm usuk', 'Drive My Car', 3, 'DEAMN', '196.674', 1, '', 'https://firebasestorage.googleapis.com/v0/b/supple-league-394102.appspot.com/o/SongImage%2Fsong-a961384b-b512-4ffa-9f7f-234a66121299.jpeg?alt=media&token=ef46d48c-bb61-4d8c-b5bf-e42dee76ade1', '1492092315', 'song-a961384b-b512-4ffa-9f7f-234a66121299', 0),
	('song-a9a0721a-e1e6-494a-9643-1b63bc711005', '51925ca6-74c6-418d-9273-793061b05aa6', 'vpop', 'Lạc Trôi', 5, 'Sơn Tùng M-TP', '232.987007', 1, '', 'https://firebasestorage.googleapis.com/v0/b/supple-league-394102.appspot.com/o/SongImage%2Fsong-a9a0721a-e1e6-494a-9643-1b63bc711005.jpeg?alt=media&token=e95d29d6-5be5-4099-a1c5-fe8f007f488b', '1483203600', 'song-a9a0721a-e1e6-494a-9643-1b63bc711005', 0),
	('song-aac27eea-cbc1-4031-be26-b0e0d5e6a25f', '51925ca6-74c6-418d-9273-793061b05aa6', 'vpop', 'Chúng Ta Của Hiện Tại', 4, 'Sơn Tùng M-TP', '301.556009', 1, '', 'https://firebasestorage.googleapis.com/v0/b/supple-league-394102.appspot.com/o/SongImage%2Fsong-aac27eea-cbc1-4031-be26-b0e0d5e6a25f.jpeg?alt=media&token=a454eaa3-d802-4099-a438-843dfe01c43c', '1577984400', 'song-aac27eea-cbc1-4031-be26-b0e0d5e6a25f', 0),
	('song-ab26daf4-6ff0-4358-ac9e-08d674b81e42', 'artist-8d22b263-0b3e-44f0-b6fe-4d1a1f8cb9d9-1738508571727', 'cpop sad', 'Tinh Vệ', 1, '30 năm trước, 50 năm sau', '192.215', 1, '', 'https://firebasestorage.googleapis.com/v0/b/supple-league-394102.appspot.com/o/SongImage%2Fsong-ab26daf4-6ff0-4358-ac9e-08d674b81e42.jpeg?alt=media&token=bf9de215-ca56-4a78-90b3-bc68a2a4d6ef', '1640359175', 'song-ab26daf4-6ff0-4358-ac9e-08d674b81e42', 0),
	('song-ab7da2ba-6079-434b-96b1-7742eb40c7d7', '51925ca6-74c6-418d-9273-793061b05aa6', 'vpop', 'Chúng Ta Không Thuộc Về Nhau', 6, 'Sơn Tùng M-TP', '236.193379', 1, '', 'https://firebasestorage.googleapis.com/v0/b/supple-league-394102.appspot.com/o/SongImage%2Fsong-ab7da2ba-6079-434b-96b1-7742eb40c7d7.jpeg?alt=media&token=694ce1e4-b992-4733-81cf-a059f4d4fcac', '1451754000', 'song-ab7da2ba-6079-434b-96b1-7742eb40c7d7', 0),
	('song-adaec925-bf2e-4669-8c57-77ec19747ca9', 'artist-4c4ae34c-b34b-427b-825c-59f995dfcc14-1738076385917 artist-05fffea7-110d-45ef-b70b-975c27c7fed0-1738325890038', ' edm usuk', 'Nevada', 2, 'Vicetone,Cozi Zuehlsdorff', '208.794', 1, '', 'https://firebasestorage.googleapis.com/v0/b/supple-league-394102.appspot.com/o/SongImage%2Fsong-adaec925-bf2e-4669-8c57-77ec19747ca9.jpeg?alt=media&token=d2bb5061-e816-42c9-a533-80a4e50e4fee', '1466867082', 'song-adaec925-bf2e-4669-8c57-77ec19747ca9', 0),
	('song-adb9e73f-0d00-4578-a1d8-693252af950b', 'artist-79971eb4-fcaa-4be6-b4c3-70e7dd5923e3-1738423596080', 'vpop sad', 'Mộng Mơ ', 0, 'Masew', '226.727', 1, '', 'https://firebasestorage.googleapis.com/v0/b/supple-league-394102.appspot.com/o/SongImage%2Fsong-adb9e73f-0d00-4578-a1d8-693252af950b.jpeg?alt=media&token=5ed3117b-a480-45b1-80b4-0ad4e298ea6a', '1616774098', 'song-adb9e73f-0d00-4578-a1d8-693252af950b', 0),
	('song-afe234d5-fb74-4b4a-a48a-a1a191c36a2e', 'artist-7d2a7a2a-6110-4746-ac9b-9d0fb1e90b60-1737815723696', 'vpop', 'Gọi Tên Em Trong Đêm ', 1, 'The Men', '254.227', 1, '', 'https://firebasestorage.googleapis.com/v0/b/supple-league-394102.appspot.com/o/SongImage%2Fsong-afe234d5-fb74-4b4a-a48a-a1a191c36a2e.jpeg?alt=media&token=cbad7b9f-0fbd-41b1-97c5-5b05ddd46489', '1318259351', 'song-afe234d5-fb74-4b4a-a48a-a1a191c36a2e', 0),
	('song-b1d95327-057f-4a9f-abec-8eba59ea9371', 'artist-a3e230e4-c1bb-48a8-8069-d6e3792323fc-1725283096104', 'vpop', 'Tìm Lại Bầu Trời', 2, 'Tuấn Hưng', '328.817007', 1, '', 'https://firebasestorage.googleapis.com/v0/b/supple-league-394102.appspot.com/o/SongImage%2Fsong-b1d95327-057f-4a9f-abec-8eba59ea9371.jpeg?alt=media&token=df9cd734-e2ea-439b-a03b-3e5a579db7d4', '1293987600', 'song-b1d95327-057f-4a9f-abec-8eba59ea9371', 0),
	('song-b3667c0a-223e-4fab-b6d0-2bf5ae119327', 'artist-8dca8df5-0a86-4150-96ea-b00ed01305c3-1738547567642 artist-48c4134e-cbc8-42a1-8737-f575c01848ec-1738548540433', 'cpop', 'Mạc Vấn Quy Kỳ', 4, 'Tưởng Tuyết Nhi ,Silk Ye', '221', 1, '', 'https://firebasestorage.googleapis.com/v0/b/supple-league-394102.appspot.com/o/SongImage%2Fsong-b3667c0a-223e-4fab-b6d0-2bf5ae119327.jpeg?alt=media&token=edfdf7b0-2ca9-466c-a944-bf7e0e3b2c18', '1623982108', 'song-b3667c0a-223e-4fab-b6d0-2bf5ae119327', 0),
	('song-b6266d98-49b2-4aab-974b-04f0dc13f3e8', 'artist-0553133c-8416-4c87-bc32-b007699a9a2b-1738574392549', 'cpop sad', 'Cát Vàng', 0, 'Danh Quyết', '168.252', 1, '', 'https://firebasestorage.googleapis.com/v0/b/supple-league-394102.appspot.com/o/SongImage%2Fsong-b6266d98-49b2-4aab-974b-04f0dc13f3e8.jpeg?alt=media&token=aa5a1ead-cec9-4733-b12c-8dfa403bae4f', '1547458663', 'song-b6266d98-49b2-4aab-974b-04f0dc13f3e8', 0),
	('song-b769ab3f-f2bd-4c23-a41a-ec3f99e9f4dc', '51925ca6-74c6-418d-9273-793061b05aa6', 'vpop', 'Cơn Mưa Ngang Qua', 6, 'Sơn Tùng M-TP', '230.992109', 1, '', 'https://firebasestorage.googleapis.com/v0/b/supple-league-394102.appspot.com/o/SongImage%2Fsong-b769ab3f-f2bd-4c23-a41a-ec3f99e9f4dc.jpeg?alt=media&token=37d18c3f-d376-4a11-a894-7b31bb6695b8', '1388682000', 'song-b769ab3f-f2bd-4c23-a41a-ec3f99e9f4dc', 0),
	('song-b987433e-b777-40c4-8e84-edf3dca11b64', 'artist-b29a1a00-42ee-4984-a16e-0c757b4cec78-1731984342688', 'vpop', 'Như Phút Ban Đầu', 0, 'Noo Phước Thịnh', '253', 1, '', 'https://firebasestorage.googleapis.com/v0/b/supple-league-394102.appspot.com/o/SongImage%2Fsong-b987433e-b777-40c4-8e84-edf3dca11b64.jpeg?alt=media&token=9604b913-41ae-4632-9215-4d49b35ca24f', '1475640051', 'song-b987433e-b777-40c4-8e84-edf3dca11b64', 0),
	('song-ba3c4b4d-a3f8-446a-8697-6d4179af49c4', 'artist-f4cee228-4fc9-4014-a0c8-5151397bb463-1732030044782 artist-f7098c96-6699-4646-be45-717b445672dd-1732026661111', 'vpop', 'Hồng Nhan', 3, 'Jack-J97,K ICM', '228.198', 1, '', 'https://firebasestorage.googleapis.com/v0/b/supple-league-394102.appspot.com/o/SongImage%2Fsong-ba3c4b4d-a3f8-446a-8697-6d4179af49c4.jpeg?alt=media&token=8ff25462-1aed-46a3-8a67-f533b73667fb', '1550543731', 'song-ba3c4b4d-a3f8-446a-8697-6d4179af49c4', 0),
	('song-ba71cede-7f52-45b4-ab85-5b9a6bc18d87', 'artist-1bc9c882-f6ec-4cc0-98c9-419eba220014-1738424207163', 'cpop music', 'China-Pipa', 1, 'YUAN', '254.839', 1, '', 'https://firebasestorage.googleapis.com/v0/b/supple-league-394102.appspot.com/o/SongImage%2Fsong-ba71cede-7f52-45b4-ab85-5b9a6bc18d87.jpeg?alt=media&token=4b91edca-5b4a-4599-8814-45d3ffe4c71f', '1469721530', 'song-ba71cede-7f52-45b4-ab85-5b9a6bc18d87', 0),
	('song-bd619e99-6e06-4f10-b010-1346a32ff692', 'artist-bca4ab76-29ad-48b0-a6bf-0afacb6c545c-1738491015170', 'cpop', 'Hồng chiêu nguyện', 0, 'Âm Khuyết Thi Thính', '173.454', 1, '', 'https://firebasestorage.googleapis.com/v0/b/supple-league-394102.appspot.com/o/SongImage%2Fsong-bd619e99-6e06-4f10-b010-1346a32ff692.jpeg?alt=media&token=f8361b55-7167-48dd-a917-e0be304a7d72', '1520434579', 'song-bd619e99-6e06-4f10-b010-1346a32ff692', 0),
	('song-bdc3f005-cad3-438d-97cf-475a01c5cae6', 'artist-b29a1a00-42ee-4984-a16e-0c757b4cec78-1731984342688', 'vpop sad', 'Gạt Đi Nước Mắt', 0, 'Noo Phước Thịnh', '259', 1, '', 'https://firebasestorage.googleapis.com/v0/b/supple-league-394102.appspot.com/o/SongImage%2Fsong-bdc3f005-cad3-438d-97cf-475a01c5cae6.jpeg?alt=media&token=446d62b4-9709-4468-be46-195ac2eae5c7', '1418874095', 'song-bdc3f005-cad3-438d-97cf-475a01c5cae6', 0),
	('song-bf027b85-813b-4993-b58e-7a2ff4a92300', 'artist-7d2a7a2a-6110-4746-ac9b-9d0fb1e90b60-1737815723696', 'vpop', 'Lời Anh Muốn Nói', 0, 'The Men', '278.643', 1, '', 'https://firebasestorage.googleapis.com/v0/b/supple-league-394102.appspot.com/o/SongImage%2Fsong-bf027b85-813b-4993-b58e-7a2ff4a92300.jpeg?alt=media&token=616efe0e-03be-4df4-87d6-b0b4e24301e9', '1343840400', 'song-bf027b85-813b-4993-b58e-7a2ff4a92300', 0),
	('song-c5c86838-f1bb-4cc2-9b89-c9fd23a03aa7', 'artist-53a888c8-ff1f-4fbc-9510-3d50d4d8aefb-1738511202803', 'pop sad', 'NGƯỜI TẠO GIẤC MƠ ', 0, 'Khánh Ngân', '262.488', 1, '', 'https://firebasestorage.googleapis.com/v0/b/supple-league-394102.appspot.com/o/SongImage%2Fsong-c5c86838-f1bb-4cc2-9b89-c9fd23a03aa7.jpeg?alt=media&token=2cb7d21e-dc36-41a4-b0d0-b8c81fe3b92c', '1421509651', 'song-c5c86838-f1bb-4cc2-9b89-c9fd23a03aa7', 0),
	('song-c6240124-3a3b-446c-ad72-96beb41c4506', '42a9314d-5f14-4786-88ab-604359aa75e1', 'vpop', 'Anh Ghét Làm Bạn Em', 2, 'Phan Mạnh Quỳnh', '246.960998', 1, '', 'https://firebasestorage.googleapis.com/v0/b/supple-league-394102.appspot.com/o/SongImage%2Fsong-c6240124-3a3b-446c-ad72-96beb41c4506.jpeg?alt=media&token=ce2c95ae-527c-498e-be77-02aa34ab9397', '1413219600', 'song-c6240124-3a3b-446c-ad72-96beb41c4506', 0),
	('song-c7b2e3e8-cca2-4e21-9919-289d104cbfc4', 'artist-d71883a7-b621-4693-b9e8-062c144b4d45-1737797467978', 'vpop', 'CHIỀU THU HỌA BÓNG NÀNG', 0, 'DatKaa', '266.735', 1, '', 'https://firebasestorage.googleapis.com/v0/b/supple-league-394102.appspot.com/o/SongImage%2Fsong-c7b2e3e8-cca2-4e21-9919-289d104cbfc4.jpeg?alt=media&token=d20c84a1-4c40-46cd-aa7f-07b074a43746', '1607853523', 'song-c7b2e3e8-cca2-4e21-9919-289d104cbfc4', 0),
	('song-c7bf148f-c85e-47ad-88ef-e44ed8bd7a27', 'artist-0a9a1230-3eae-4275-90e2-4f38ba44a6d9 artist-37d07bbb-b815-488f-baa5-6c25cbe4ba74-1725550799643', 'vpop', 'Mặt Trời Của Em', 9, 'JustaTee,Phương Ly', '249.332993', 1, '', 'https://firebasestorage.googleapis.com/v0/b/supple-league-394102.appspot.com/o/SongImage%2Fsong-c7bf148f-c85e-47ad-88ef-e44ed8bd7a27.jpeg?alt=media&token=4963126b-177b-4b88-84e8-9394e177c055', '1509205542', 'song-c7bf148f-c85e-47ad-88ef-e44ed8bd7a27', 0),
	('song-c8fd9440-c08c-4811-b263-05026d01816f', 'artist-eb91aa80-3869-430d-9810-dd12344779ed-1738071857142', ' edm usuk', 'Save Me', 1, 'DEAMN', '185.249', 1, '', 'https://firebasestorage.googleapis.com/v0/b/supple-league-394102.appspot.com/o/SongImage%2Fsong-c8fd9440-c08c-4811-b263-05026d01816f.jpeg?alt=media&token=f7c3cdd6-3215-4335-8c75-fbc96e1760ac', '1487339210', 'song-c8fd9440-c08c-4811-b263-05026d01816f', 0),
	('song-cc571170-c656-4960-b448-712b0188a595', 'artist-c07dcb4a-6dc6-40d8-ab80-d8058b56c6e7-1736004451431', 'cpop', '米塔の小曲', 2, 'Mita', '147.563', 1, '', 'https://firebasestorage.googleapis.com/v0/b/supple-league-394102.appspot.com/o/SongImage%2Fsong-cc571170-c656-4960-b448-712b0188a595.jpeg?alt=media&token=02aed826-7044-4ede-8745-f7abe2ccb177', '1736004674', 'song-cc571170-c656-4960-b448-712b0188a595', 0),
	('song-cf0b9b88-603f-435c-b7f9-b35935b76480', 'artist-ee6b7fbc-e072-4a33-9e03-887fc1f82008-1725286552482', 'vpop', 'Người Ấy', 3, 'Trịnh Thăng Bình', '253.608005', 1, '', 'https://firebasestorage.googleapis.com/v0/b/supple-league-394102.appspot.com/o/SongImage%2Fsong-cf0b9b88-603f-435c-b7f9-b35935b76480.jpeg?alt=media&token=5149e7ea-50f8-48fa-9e03-f6170b33aff5', '1357146000', 'song-cf0b9b88-603f-435c-b7f9-b35935b76480', 0),
	('song-d06e760a-9645-4d27-b02e-fd365096d682', 'artist-bce49a0b-09fb-430f-8a0a-253ec877419f-1738672823180', 'sad vpop', 'Thay Tôi Yêu Cô Ấy', 0, 'Thanh Hưng', '328', 1, '', 'https://firebasestorage.googleapis.com/v0/b/supple-league-394102.appspot.com/o/SongImage%2Fsong-d06e760a-9645-4d27-b02e-fd365096d682.jpeg?alt=media&token=f17125d6-4ae7-4802-bcca-2f09fabbee6c', '1564836529', 'song-d06e760a-9645-4d27-b02e-fd365096d682', 0),
	('song-d0787553-4f74-4db9-83dd-2d88ae5a41a4', 'artist-1456b930-ad22-4f4f-a140-513ac23c8ad5-1738073625853', ' edm usuk', 'Never Be Alone', 4, 'TheFatRat', '263.268', 1, '', 'https://firebasestorage.googleapis.com/v0/b/supple-league-394102.appspot.com/o/SongImage%2Fsong-d0787553-4f74-4db9-83dd-2d88ae5a41a4.jpeg?alt=media&token=84c2199f-ad22-40bd-b182-17b8fffe6cb6', '1422540997', 'song-d0787553-4f74-4db9-83dd-2d88ae5a41a4', 0),
	('song-d1eac032-1b95-425f-a4a8-26ba8f22b16d', 'artist-717aba39-8501-41c1-8a26-8f68c4b282e3-1725186015160', 'vpop', 'Giả Vờ Nhưng Em Yêu Anh', 2, 'Miu Lê', '234.888', 1, '', 'https://firebasestorage.googleapis.com/v0/b/supple-league-394102.appspot.com/o/SongImage%2Fsong-d1eac032-1b95-425f-a4a8-26ba8f22b16d.jpeg?alt=media&token=98dcb4ca-9eb6-4aa9-a8f0-df958a464a7e', '1376913372', 'song-d1eac032-1b95-425f-a4a8-26ba8f22b16d', 0),
	('song-d2ba7c4e-e4b2-440a-8252-a7a488ac5439', 'artist-e9a1e896-ecc4-4adc-9f5e-2cd107fb1ed4', 'jpop', 'Glitter (Fairy Tail - Ending 11)', 7, 'Fairy Tail', '239.947279', 1, '', 'https://firebasestorage.googleapis.com/v0/b/supple-league-394102.appspot.com/o/SongImage%2Fsong-d2ba7c4e-e4b2-440a-8252-a7a488ac5439.jpeg?alt=media&token=5100ab77-da74-4761-a54d-6af47670fa10', '1325523600', 'song-d2ba7c4e-e4b2-440a-8252-a7a488ac5439', 0),
	('song-d2e32bb6-21c9-488d-91bb-7553c0302dc8', 'artist-f4cee228-4fc9-4014-a0c8-5151397bb463-1732030044782 artist-f7098c96-6699-4646-be45-717b445672dd-1732026661111', 'vpop', 'Sóng Gió', 1, 'Jack-J97,K ICM', '254.095', 1, '', 'https://firebasestorage.googleapis.com/v0/b/supple-league-394102.appspot.com/o/SongImage%2Fsong-d2e32bb6-21c9-488d-91bb-7553c0302dc8.jpeg?alt=media&token=f80d41a3-5936-4d99-a22f-4a65c0ab7ba1', '1562899901', 'song-d2e32bb6-21c9-488d-91bb-7553c0302dc8', 0),
	('song-d381dc1a-f71c-4a1b-9c8a-4d73446a5f6a', 'artist-bca4ab76-29ad-48b0-a6bf-0afacb6c545c-1738491015170 artist-e5325c2e-4c74-4f23-a1fc-79de0b487f96-1738507126215', 'cpop', 'Mang Chủng', 0, 'Âm Khuyết Thi Thính,Triệu Phương Tịnh', '216.001', 1, '', 'https://firebasestorage.googleapis.com/v0/b/supple-league-394102.appspot.com/o/SongImage%2Fsong-d381dc1a-f71c-4a1b-9c8a-4d73446a5f6a.jpeg?alt=media&token=fe6cb78d-9adb-41ea-ab72-8763e30a1627', '1561214697', 'song-d381dc1a-f71c-4a1b-9c8a-4d73446a5f6a', 0),
	('song-d539d44d-fdf0-41d5-ab2b-4bc5b3f2ba95', '51925ca6-74c6-418d-9273-793061b05aa6', 'vpop', 'Không Phải Dạng Vừa Đâu', 4, 'Sơn Tùng M-TP', '246.125011', 1, '', 'https://firebasestorage.googleapis.com/v0/b/supple-league-394102.appspot.com/o/SongImage%2Fsong-d539d44d-fdf0-41d5-ab2b-4bc5b3f2ba95.jpeg?alt=media&token=d63b0ac1-66b6-4b49-91d8-27de98d0a027', '1420218000', 'song-d539d44d-fdf0-41d5-ab2b-4bc5b3f2ba95', 0),
	('song-d5929fd7-3621-4b43-828c-ebfe89618c21', '42a9314d-5f14-4786-88ab-604359aa75e1', 'vpop', 'Hãy Ra Khỏi Người Đó Đi', 5, 'Phan Mạnh Quỳnh', '190.38', 1, '', 'https://firebasestorage.googleapis.com/v0/b/supple-league-394102.appspot.com/o/SongImage%2Fsong-d5929fd7-3621-4b43-828c-ebfe89618c21.jpeg?alt=media&token=79cf638a-d8c7-4691-ac55-2906e73fbf67', '1451754000', 'song-d5929fd7-3621-4b43-828c-ebfe89618c21', 0),
	('song-d7953a19-4f48-4051-982f-e528c5db7cec', 'artist-4c4ae34c-b34b-427b-825c-59f995dfcc14-1738076385917', ' edm usuk', 'Walk Thru Fire', 3, 'Vicetone', '194.483', 1, '', 'https://firebasestorage.googleapis.com/v0/b/supple-league-394102.appspot.com/o/SongImage%2Fsong-d7953a19-4f48-4051-982f-e528c5db7cec.jpeg?alt=media&token=bfff3525-3c38-4b06-af0a-fa22b33cb1f0', '1533740487', 'song-d7953a19-4f48-4051-982f-e528c5db7cec', 0),
	('song-db4ed8d3-c166-426f-817b-54e6762cd179', 'artist-4f2455ed-cadd-476b-b4c2-1663891c933a-1734273911958', 'vpop', 'Tội Cho Cô Gái Đó', 2, 'Khắc Việt', '260.087', 1, '', 'https://firebasestorage.googleapis.com/v0/b/supple-league-394102.appspot.com/o/SongImage%2Fsong-db4ed8d3-c166-426f-817b-54e6762cd179.jpeg?alt=media&token=43eefdf8-515e-41a2-9f0f-5d444dd69fd5', '1441213200', 'song-db4ed8d3-c166-426f-817b-54e6762cd179', 0),
	('song-db7a06fe-3561-4b53-bd28-8151fb65bc44', '51925ca6-74c6-418d-9273-793061b05aa6', 'vpop', 'Một Năm Mới Bình An', 4, 'Sơn Tùng M-TP', '247.170998', 1, '', 'https://firebasestorage.googleapis.com/v0/b/supple-league-394102.appspot.com/o/SongImage%2Fsong-db7a06fe-3561-4b53-bd28-8151fb65bc44.jpeg?alt=media&token=bc47e07f-ad3e-49c2-a180-b95bfeaf9209', '1453556956', 'song-db7a06fe-3561-4b53-bd28-8151fb65bc44', 0),
	('song-dcf2696a-bad3-4046-8101-64b3e943a3bf', 'artist-a3e230e4-c1bb-48a8-8069-d6e3792323fc-1725283096104', 'vpop', 'Anh Nhớ Em', 2, 'Tuấn Hưng', '259.631995', 1, '', 'https://firebasestorage.googleapis.com/v0/b/supple-league-394102.appspot.com/o/SongImage%2Fsong-dcf2696a-bad3-4046-8101-64b3e943a3bf.jpeg?alt=media&token=241396d9-7395-41b0-ace7-254f204ab958', '1451754000', 'song-dcf2696a-bad3-4046-8101-64b3e943a3bf', 0),
	('song-e2497509-d209-44cd-8af0-e077f6f182e7', 'artist-a3e230e4-c1bb-48a8-8069-d6e3792323fc-1725283096104', 'vpop', 'Cầu Vòng Khuyết', 3, 'Tuấn Hưng', '251.89', 1, '', 'https://firebasestorage.googleapis.com/v0/b/supple-league-394102.appspot.com/o/SongImage%2Fsong-e2497509-d209-44cd-8af0-e077f6f182e7.jpeg?alt=media&token=e79cd673-9e71-4941-aced-8b009b3c91ab', '1357146000', 'song-e2497509-d209-44cd-8af0-e077f6f182e7', 0),
	('song-e4e99454-add9-4bbf-a77b-ad3e56699c3b', 'artist-ea7399e9-d854-426d-b4ca-dc2644b88a74-1723107672710 artist-fd1ff219-ee15-45ff-baa5-316e29bd8998-1723110503718', 'vpop', 'Yêu Đơn Phương', 1, 'Only C,Karik', '268.8', 1, '', 'https://firebasestorage.googleapis.com/v0/b/supple-league-394102.appspot.com/o/SongImage%2Fsong-e4e99454-add9-4bbf-a77b-ad3e56699c3b.jpeg?alt=media&token=6a367e53-8fc1-4dca-b3c2-be7c34d94806', '1514912400', 'song-e4e99454-add9-4bbf-a77b-ad3e56699c3b', 0),
	('song-e8de7073-0a5e-4140-8627-bc617fc86c13', 'artist-7d2a7a2a-6110-4746-ac9b-9d0fb1e90b60-1737815723696', 'vpop', 'Ngàn Nỗi Nhớ Gửi Đến Em', 0, 'The Men', '294.947', 1, '', 'https://firebasestorage.googleapis.com/v0/b/supple-league-394102.appspot.com/o/SongImage%2Fsong-e8de7073-0a5e-4140-8627-bc617fc86c13.jpeg?alt=media&token=05060759-3d0b-453f-903c-9141ea9db3e5', '1370532053', 'song-e8de7073-0a5e-4140-8627-bc617fc86c13', 0),
	('song-e9cd49b9-0d52-4c13-9481-5adf3626297a', 'artist-55930b25-3bb4-4934-9e66-e3d58649eca5-1738573864283', 'cpop music sad', 'Túy Hồng Nhan', 0, 'Lưu Y Đóa', '183.903', 1, '', 'https://firebasestorage.googleapis.com/v0/b/supple-league-394102.appspot.com/o/SongImage%2Fsong-e9cd49b9-0d52-4c13-9481-5adf3626297a.jpeg?alt=media&token=6465b358-8459-4c6d-8afe-f39cb9b7fb05', '1297501896', 'song-e9cd49b9-0d52-4c13-9481-5adf3626297a', 0),
	('song-ea417cc6-bf0e-4c36-bfc9-7d0d4ea9995c', 'artist-f4cee228-4fc9-4014-a0c8-5151397bb463-1732030044782 artist-f7098c96-6699-4646-be45-717b445672dd-1732026661111', 'vpop', 'Hoa Vô Sắc', 1, 'Jack-J97,K ICM', '280.672', 1, '', 'https://firebasestorage.googleapis.com/v0/b/supple-league-394102.appspot.com/o/SongImage%2Fsong-ea417cc6-bf0e-4c36-bfc9-7d0d4ea9995c.jpeg?alt=media&token=d6e62bcd-d88c-4132-aafb-48925c96fbe3', '1571798877', 'song-ea417cc6-bf0e-4c36-bfc9-7d0d4ea9995c', 0),
	('song-ed483e4d-928a-497e-8efc-1fa69989092b', 'artist-8dca8df5-0a86-4150-96ea-b00ed01305c3-1738547567642', 'cpop', 'Yến Vô Hiết', 1, 'Tưởng Tuyết Nhi ', '201.457', 1, '', 'https://firebasestorage.googleapis.com/v0/b/supple-league-394102.appspot.com/o/SongImage%2Fsong-ed483e4d-928a-497e-8efc-1fa69989092b.jpeg?alt=media&token=28daa33d-7dce-4520-bd16-2c6f7d7be247', '1596938265', 'song-ed483e4d-928a-497e-8efc-1fa69989092b', 0),
	('song-f19d4db3-0087-4224-961a-f977afd194a4', 'artist-ea7399e9-d854-426d-b4ca-dc2644b88a74-1723107672710', 'vpop', 'Thấy Là Yêu Thương', 0, 'Only C', '241.537', 1, '', 'https://firebasestorage.googleapis.com/v0/b/supple-league-394102.appspot.com/o/SongImage%2Fsong-f19d4db3-0087-4224-961a-f977afd194a4.jpeg?alt=media&token=4a2f4ca2-9555-4ae2-aaf4-eef42b9f511f', '1483376400', 'song-f19d4db3-0087-4224-961a-f977afd194a4', 0),
	('song-f29bddea-56c9-415f-980d-491d489a5732', 'artist-566a4f2a-83f4-4ad1-a550-1b52091a8bf2', 'vpop', 'Có em chờ', 2, 'MIN', '243.554104', 1, '', 'https://firebasestorage.googleapis.com/v0/b/supple-league-394102.appspot.com/o/SongImage%2Fsong-f29bddea-56c9-415f-980d-491d489a5732.jpeg?alt=media&token=6e79f348-180c-471d-a8cc-66cf6565232f', '1483376400', 'song-f29bddea-56c9-415f-980d-491d489a5732', 0),
	('song-f3934345-93c2-444f-a297-cc1efc9bfdd8', 'artist-eb91aa80-3869-430d-9810-dd12344779ed-1738071857142', ' edm usuk', 'Give Me Your Love', 2, 'DEAMN', '198.113', 1, '', 'https://firebasestorage.googleapis.com/v0/b/supple-league-394102.appspot.com/o/SongImage%2Fsong-f3934345-93c2-444f-a297-cc1efc9bfdd8.jpeg?alt=media&token=2c59e1d2-d03c-4584-8097-8970e62fcfe8', '1481464608', 'song-f3934345-93c2-444f-a297-cc1efc9bfdd8', 0),
	('song-f3d6d762-65be-4a7a-b84c-127ad60f0e28', 'artist-d71883a7-b621-4693-b9e8-062c144b4d45-1737797467978', 'vpop', 'Hạ Còn Vương Nắng', 0, 'DatKaa', '285.607', 1, '', 'https://firebasestorage.googleapis.com/v0/b/supple-league-394102.appspot.com/o/SongImage%2Fsong-f3d6d762-65be-4a7a-b84c-127ad60f0e28.jpeg?alt=media&token=9762773c-75bf-4a45-89ef-be41cf954ac2', '1617528890', 'song-f3d6d762-65be-4a7a-b84c-127ad60f0e28', 0),
	('song-f4381e2c-c4a5-4c1d-bf4c-dd4f03aef3de', 'artist-e9a1e896-ecc4-4adc-9f5e-2cd107fb1ed4', 'jpop', 'HOLY SHINE (Fairy Tail ED 5)', 5, 'Fairy Tail', '274.599184', 1, '', 'https://firebasestorage.googleapis.com/v0/b/supple-league-394102.appspot.com/o/SongImage%2Fsong-f4381e2c-c4a5-4c1d-bf4c-dd4f03aef3de.jpeg?alt=media&token=f9fcba75-7110-4e9a-a8f3-e10a4ac7f8e2', '1293987600', 'song-f4381e2c-c4a5-4c1d-bf4c-dd4f03aef3de', 0),
	('song-f696fb26-5004-4136-8621-02cce631e173', 'artist-566a4f2a-83f4-4ad1-a550-1b52091a8bf2', 'vpop', 'Cà Phê', 3, 'MIN', '190.526009', 1, '', 'https://firebasestorage.googleapis.com/v0/b/supple-league-394102.appspot.com/o/SongImage%2Fsong-f696fb26-5004-4136-8621-02cce631e173.jpeg?alt=media&token=496982f2-ee17-4b27-8a02-d5f1af1686aa', '1641142800', 'song-f696fb26-5004-4136-8621-02cce631e173', 0),
	('song-f6d98097-3555-4a83-9838-84cbae4a3bd3', 'artist-b29a1a00-42ee-4984-a16e-0c757b4cec78-1731984342688', 'vpop sad', 'Xa Em', 1, 'Noo Phước Thịnh', '356', 1, '', 'https://firebasestorage.googleapis.com/v0/b/supple-league-394102.appspot.com/o/SongImage%2Fsong-f6d98097-3555-4a83-9838-84cbae4a3bd3.jpeg?alt=media&token=4fda6992-9c4e-461c-b0db-b29ea2593e9e', '1342582247', 'song-f6d98097-3555-4a83-9838-84cbae4a3bd3', 0),
	('song-f8325f13-4eb7-46e4-acd9-f1532725fa1a', 'artist-1bc9c882-f6ec-4cc0-98c9-419eba220014-1738424207163', 'music cpop', 'China E', 0, 'YUAN', '199.646', 1, '', 'https://firebasestorage.googleapis.com/v0/b/supple-league-394102.appspot.com/o/SongImage%2Fsong-f8325f13-4eb7-46e4-acd9-f1532725fa1a.jpeg?alt=media&token=c3c65c4a-951b-4aee-b21f-15fa287a90b1', '1549792539', 'song-f8325f13-4eb7-46e4-acd9-f1532725fa1a', 0),
	('song-fa0861c1-196a-4c0f-beb9-40b6f5f8b8f5', 'artist-63e39141-f2ca-43ff-9ede-c66d5ab980e9-1738655453104', 'cpop', 'Thế Giới Rộng Lớn Như Vậy Vẫn Gặp Được Bạn', 1, 'Trình Hưởng', '234', 1, '', 'https://firebasestorage.googleapis.com/v0/b/supple-league-394102.appspot.com/o/SongImage%2Fsong-fa0861c1-196a-4c0f-beb9-40b6f5f8b8f5.jpeg?alt=media&token=d04aa795-3ace-444a-bf2e-21ca2cc895eb', '1583049122', 'song-fa0861c1-196a-4c0f-beb9-40b6f5f8b8f5', 0),
	('song-fafaf10c-0257-417b-bce3-9667dd00f13d', 'artist-7ca17e4c-b92f-48cb-9642-4ffbc9f19978-1738551165034', 'cpop', 'Gặp người đúng lúc', 0, 'Li Yugang', '197.022', 1, '', 'https://firebasestorage.googleapis.com/v0/b/supple-league-394102.appspot.com/o/SongImage%2Fsong-fafaf10c-0257-417b-bce3-9667dd00f13d.jpeg?alt=media&token=cd2a19a9-40d8-4231-b3c9-72bebadecdeb', '1490064827', 'song-fafaf10c-0257-417b-bce3-9667dd00f13d', 0),
	('song-fb310e12-5b58-4eda-b9fc-0a8817130b1f', 'artist-eb91aa80-3869-430d-9810-dd12344779ed-1738071857142', ' edm usuk', 'Sign', 2, 'DEAMN', '191.89', 1, '', 'https://firebasestorage.googleapis.com/v0/b/supple-league-394102.appspot.com/o/SongImage%2Fsong-fb310e12-5b58-4eda-b9fc-0a8817130b1f.jpeg?alt=media&token=ea5650c5-9eb6-458a-bc47-f8a7874298cb', '1446904468', 'song-fb310e12-5b58-4eda-b9fc-0a8817130b1f', 0),
	('song-fd04f9f5-d3e9-4161-accb-cb80f1e9fd85', 'artist-1456b930-ad22-4f4f-a140-513ac23c8ad5-1738073625853', ' edm usuk', 'The Calling', 4, 'TheFatRat', '234.197', 1, '', 'https://firebasestorage.googleapis.com/v0/b/supple-league-394102.appspot.com/o/SongImage%2Fsong-fd04f9f5-d3e9-4161-accb-cb80f1e9fd85.jpeg?alt=media&token=eb361035-4650-43ea-933d-d0f081b93da9', '1459434178', 'song-fd04f9f5-d3e9-4161-accb-cb80f1e9fd85', 0),
	('song-ffdab8bd-da57-4a41-8ec0-7213fd351ca2', 'artist-1bc9c882-f6ec-4cc0-98c9-419eba220014-1738424207163', 'cpop music', 'China-X', 1, 'YUAN', '230.203', 1, '', 'https://firebasestorage.googleapis.com/v0/b/supple-league-394102.appspot.com/o/SongImage%2Fsong-ffdab8bd-da57-4a41-8ec0-7213fd351ca2.jpeg?alt=media&token=50a6d832-2d16-4200-9b11-a946af7178f9', '1480587028', 'song-ffdab8bd-da57-4a41-8ec0-7213fd351ca2', 0);

-- Dumping structure for table defaultdb.tab
CREATE TABLE IF NOT EXISTS "tab" (
  "id" varchar(50) CHARACTER SET utf8mb4 COLLATE utf8mb4_0900_ai_ci NOT NULL,
  "nameTab" varchar(50) DEFAULT NULL,
  PRIMARY KEY ("id")
);

-- Dumping data for table defaultdb.tab: ~8 rows (approximately)
INSERT INTO `tab` (`id`, `nameTab`) VALUES
	('cpop', 'cpop'),
	('edm', 'edm'),
	('kpop', 'kpop'),
	('music', 'music'),
	('sad', 'sad'),
	('usuk', 'usuk'),
	('vpop', 'vpop');

-- Dumping structure for table defaultdb.user
CREATE TABLE IF NOT EXISTS "user" (
  "id" varchar(100) COLLATE utf8mb4_vietnamese_ci NOT NULL,
  "Name" varchar(100) COLLATE utf8mb4_vietnamese_ci NOT NULL,
  "Vertify" char(9) CHARACTER SET utf8mb4 COLLATE utf8mb4_vietnamese_ci NOT NULL DEFAULT '0',
  "Nationality" varchar(30) COLLATE utf8mb4_vietnamese_ci NOT NULL DEFAULT '""',
  "ChanalName" varchar(30) COLLATE utf8mb4_vietnamese_ci DEFAULT NULL,
  "pathImage" varchar(300) COLLATE utf8mb4_vietnamese_ci NOT NULL,
  "description" varchar(200) COLLATE utf8mb4_vietnamese_ci DEFAULT NULL,
  "RefeshToken" varchar(100) COLLATE utf8mb4_vietnamese_ci DEFAULT NULL,
  "Banner" varchar(300) COLLATE utf8mb4_vietnamese_ci DEFAULT NULL,
  "role" varchar(100) COLLATE utf8mb4_vietnamese_ci NOT NULL DEFAULT 'user',
  PRIMARY KEY ("id")
);

-- Dumping data for table defaultdb.user: ~54 rows (approximately)
INSERT INTO `user` (`id`, `Name`, `Vertify`, `Nationality`, `ChanalName`, `pathImage`, `description`, `RefeshToken`, `Banner`, `role`) VALUES
	('42a9314d-5f14-4786-88ab-604359aa75e1', 'Phan Manh Quỳnh', '1', 'Phan Mạnh Quỳnh', 'Phan Mạnh Quỳnh', 'https://firebasestorage.googleapis.com/v0/b/supple-league-394102.appspot.com/o/PathImageFile%2F42a9314d-5f14-4786-88ab-604359aa75e1.jpeg?alt=media&token=a4d98f56-9dbb-45c6-a7ee-e84086cd17df', '', '', '/public/banner/phanmanhquynhf.jpg', 'user'),
	('51925ca6-74c6-418d-9273-793061b05aa6', 'Sơn Tùng M-TP', '1', 'Việt Nam', 'Sơn Tùng M-TP', 'https://firebasestorage.googleapis.com/v0/b/supple-league-394102.appspot.com/o/PathImageFile%2F51925ca6-74c6-418d-9273-793061b05aa6.jpeg?alt=media&token=8f20e1fb-7667-460b-a200-d4ccf4966c70', '', '', 'https://firebasestorage.googleapis.com/v0/b/supple-league-394102.appspot.com/o/Banner%2F51925ca6-74c6-418d-9273-793061b05aa6.jpeg?alt=media&token=3bfdc2d0-675b-49a2-9317-75a14aeb0cae', 'user'),
	('9e3aadcb-23b1-4540-8ec3-4bbb6892f3e1', 'Đen Vâu', '1', 'Đen Vâu', 'Đen Vâu', 'https://firebasestorage.googleapis.com/v0/b/supple-league-394102.appspot.com/o/PathImageFile%2F9e3aadcb-23b1-4540-8ec3-4bbb6892f3e1.jpeg?alt=media&token=f7f04595-a175-4af3-b7a4-bf4a6d737c98', '', '', '/public/banner/denvau.jpg', 'user'),
	('admine88e7421-a0d4-48f2-a221-b30cfc54a7dc]', 'admin', '3', '', '', '', '', '', '', 'master'),
	('artist-020da543-7392-4c8f-a5e4-948c8ad812d8-1738510117580', 'Đẳng Thập Yêu Quân', '1', 'Trung Quốc', 'Đẳng Thập Yêu Quân', 'https://firebasestorage.googleapis.com/v0/b/supple-league-394102.appspot.com/o/PathImageFile%2Fartist-020da543-7392-4c8f-a5e4-948c8ad812d8-1738510117580.webp?alt=media&token=bb31e564-f478-4fb4-a0b3-cf34ec134225', 'Đây là nghệ sĩ tài năng', '', '', 'user'),
	('artist-0553133c-8416-4c87-bc32-b007699a9a2b-1738574392549', 'Danh Quyết', '1', 'Trung Quốc', 'Danh Quyết', 'https://firebasestorage.googleapis.com/v0/b/supple-league-394102.appspot.com/o/PathImageFile%2Fartist-0553133c-8416-4c87-bc32-b007699a9a2b-1738574392549.webp?alt=media&token=7dffc0fd-784b-4561-b021-d36156130106', 'Đây là nghệ sĩ tài năng', '', '', 'user'),
	('artist-05fffea7-110d-45ef-b70b-975c27c7fed0-1738325890038', 'Cozi Zuehlsdorff', '1', 'Hoa Kỳ', 'Cozi Zuehlsdorff', 'https://firebasestorage.googleapis.com/v0/b/supple-league-394102.appspot.com/o/PathImageFile%2Fartist-05fffea7-110d-45ef-b70b-975c27c7fed0-1738325890038.webp?alt=media&token=5459f24d-c0b2-43c2-88a3-158386813df4', '', '', 'https://firebasestorage.googleapis.com/v0/b/supple-league-394102.appspot.com/o/Banner%2Fartist-05fffea7-110d-45ef-b70b-975c27c7fed0-1738325890038.webp?alt=media&token=989da641-bb15-42fa-b361-a0b717ef7011', 'user'),
	('artist-0a9a1230-3eae-4275-90e2-4f38ba44a6d9', 'JustaTee', '1', 'Việt Nam', 'JustaTee', 'https://firebasestorage.googleapis.com/v0/b/supple-league-394102.appspot.com/o/PathImageFile%2Fartist-0a9a1230-3eae-4275-90e2-4f38ba44a6d9.jpeg?alt=media&token=6b7829ef-cbf4-4acf-80f0-baf7cfbe45e8', '', '', 'https://firebasestorage.googleapis.com/v0/b/supple-league-394102.appspot.com/o/Banner%2Fartist-0a9a1230-3eae-4275-90e2-4f38ba44a6d9.jpeg?alt=media&token=d023a200-c3ab-4799-b0f4-ff9f053d2e61', 'user'),
	('artist-0ce5ed6a-5b84-4c74-942e-b59926e83b66-1738512533902', '9277', '1', 'Trung Quốc', '9277', 'https://firebasestorage.googleapis.com/v0/b/supple-league-394102.appspot.com/o/PathImageFile%2Fartist-0ce5ed6a-5b84-4c74-942e-b59926e83b66-1738512533902.webp?alt=media&token=12436620-37a8-4b3a-9204-c4f0042a4ed5', 'Đây là nghệ sĩ tài năng', '', '', 'user'),
	('artist-13c5ddd7-222b-45d5-8260-3c62ce646e01-1732718402757', 'Ali Project', '1', 'Nhật Bản', 'Ali Project', 'https://firebasestorage.googleapis.com/v0/b/supple-league-394102.appspot.com/o/PathImageFile%2Fartist-13c5ddd7-222b-45d5-8260-3c62ce646e01-1732718402757.jpeg?alt=media&token=9b0b6b4b-51f1-4edb-91ba-63950dfbcc2a', 'Đây là nghệ sĩ tài năng', '', 'https://firebasestorage.googleapis.com/v0/b/supple-league-394102.appspot.com/o/Banner%2Fartist-13c5ddd7-222b-45d5-8260-3c62ce646e01-1732718402757.webp?alt=media&token=7b6b282a-1fca-409e-8db3-d0c763eeddfd', 'user'),
	('artist-1456b930-ad22-4f4f-a140-513ac23c8ad5-1738073625853', 'TheFatRat', '1', 'Đức', 'TheFatRat', 'https://firebasestorage.googleapis.com/v0/b/supple-league-394102.appspot.com/o/PathImageFile%2Fartist-1456b930-ad22-4f4f-a140-513ac23c8ad5-1738073625853.webp?alt=media&token=c2074c73-4f1e-48e7-9ba4-64b42ddcacfd', 'Đây là nghệ sĩ tài năng', '', 'https://firebasestorage.googleapis.com/v0/b/supple-league-394102.appspot.com/o/Banner%2Fartist-1456b930-ad22-4f4f-a140-513ac23c8ad5-1738073625853.webp?alt=media&token=c580587d-6f15-4ec1-a9fd-634ceeb820e7', 'user'),
	('artist-1bc9c882-f6ec-4cc0-98c9-419eba220014-1738424207163', 'YUAN', '1', 'Trung Quốc', 'YUAN', 'https://firebasestorage.googleapis.com/v0/b/supple-league-394102.appspot.com/o/PathImageFile%2Fartist-1bc9c882-f6ec-4cc0-98c9-419eba220014-1738424207163.webp?alt=media&token=c2fa8119-a88f-4c98-b222-91e1fac23b02', 'Đây là nghệ sĩ tài năng', '', 'https://firebasestorage.googleapis.com/v0/b/supple-league-394102.appspot.com/o/Banner%2Fartist-1bc9c882-f6ec-4cc0-98c9-419eba220014-1738424207163.webp?alt=media&token=e564b8bd-7e2f-47c8-a471-08afd2f8dc8b', 'user'),
	('artist-24f621fc-2ec1-4753-b79d-fbd35b5f17cb-1737819585602', 'Da LAB', '1', 'Việt Nam', 'Da LAB', 'https://firebasestorage.googleapis.com/v0/b/supple-league-394102.appspot.com/o/PathImageFile%2Fartist-24f621fc-2ec1-4753-b79d-fbd35b5f17cb-1737819585602.webp?alt=media&token=8acd2725-bbb2-48ec-b4a4-e840c05a85fc', 'Đây là nghệ sĩ tài năng', '', 'https://firebasestorage.googleapis.com/v0/b/supple-league-394102.appspot.com/o/Banner%2Fartist-24f621fc-2ec1-4753-b79d-fbd35b5f17cb-1737819585602.webp?alt=media&token=27020f24-f6aa-40f1-8610-45324fd3b724', 'user'),
	('artist-37d07bbb-b815-488f-baa5-6c25cbe4ba74-1725550799643', 'Phương Ly', '1', 'Viết Nam', 'Phương Ly', 'https://firebasestorage.googleapis.com/v0/b/supple-league-394102.appspot.com/o/PathImageFile%2Fartist-37d07bbb-b815-488f-baa5-6c25cbe4ba74-1725550799643.jpeg?alt=media&token=920df610-5fa4-4c4a-8884-13df8f38fee5', 'Đây là nghệ sĩ tài năng', '', 'https://firebasestorage.googleapis.com/v0/b/supple-league-394102.appspot.com/o/Banner%2Fartist-37d07bbb-b815-488f-baa5-6c25cbe4ba74-1725550799643.jpeg?alt=media&token=f3362be6-9fe8-4509-a0c1-55187c57dd62', 'user'),
	('artist-4539e319-819e-4627-a60c-eddc308df754-1738423582802', 'Đạt G', '1', 'Việt Nam', 'Đạt G', 'https://firebasestorage.googleapis.com/v0/b/supple-league-394102.appspot.com/o/PathImageFile%2Fartist-4539e319-819e-4627-a60c-eddc308df754-1738423582802.webp?alt=media&token=c324c53a-2c5a-4693-982e-37a25be3a216', '', '', 'https://firebasestorage.googleapis.com/v0/b/supple-league-394102.appspot.com/o/Banner%2Fartist-4539e319-819e-4627-a60c-eddc308df754-1738423582802.webp?alt=media&token=d522bbe0-5af8-4888-abf8-4789d89f65c3', 'user'),
	('artist-48c4134e-cbc8-42a1-8737-f575c01848ec-1738548540433', 'Silk Ye', '1', 'Trung Quốc', 'Silk Ye', 'https://firebasestorage.googleapis.com/v0/b/supple-league-394102.appspot.com/o/PathImageFile%2Fartist-48c4134e-cbc8-42a1-8737-f575c01848ec-1738548540433.webp?alt=media&token=cd73ffe7-fd12-467c-ac64-a0d4265eef58', '', '', 'https://firebasestorage.googleapis.com/v0/b/supple-league-394102.appspot.com/o/Banner%2Fartist-48c4134e-cbc8-42a1-8737-f575c01848ec-1738548540433.webp?alt=media&token=dfc8852f-3373-4e52-a118-601ad55895cc', 'user'),
	('artist-4c4ae34c-b34b-427b-825c-59f995dfcc14-1738076385917', 'Vicetone', '1', ' Hà Lan', 'Vicetone', 'https://firebasestorage.googleapis.com/v0/b/supple-league-394102.appspot.com/o/PathImageFile%2Fartist-4c4ae34c-b34b-427b-825c-59f995dfcc14-1738076385917.webp?alt=media&token=a3ac7cdd-c5f6-44e5-afd4-689878018886', 'Đây là nghệ sĩ tài năng', '', 'https://firebasestorage.googleapis.com/v0/b/supple-league-394102.appspot.com/o/Banner%2Fartist-4c4ae34c-b34b-427b-825c-59f995dfcc14-1738076385917.webp?alt=media&token=0028a7a7-bf89-4b12-96b3-5747513a4782', 'user'),
	('artist-4f2455ed-cadd-476b-b4c2-1663891c933a-1734273911958', 'Khắc Việt', '1', 'Việt Nam', 'Khắc Việt', 'https://firebasestorage.googleapis.com/v0/b/supple-league-394102.appspot.com/o/PathImageFile%2Fartist-4f2455ed-cadd-476b-b4c2-1663891c933a-1734273911958.jpeg?alt=media&token=46c7e3f1-267d-4230-8981-0b6e2ed8a150', 'Đây là nghệ sĩ tài năng', '', 'https://firebasestorage.googleapis.com/v0/b/supple-league-394102.appspot.com/o/Banner%2Fartist-4f2455ed-cadd-476b-b4c2-1663891c933a-1734273911958.jpeg?alt=media&token=38e2035c-3995-4bdb-93f0-7cdb615ce3e7', 'user'),
	('artist-53a888c8-ff1f-4fbc-9510-3d50d4d8aefb-1738511202803', 'Khánh Ngân', '1', 'Việt Nam', 'Khánh Ngân', 'https://firebasestorage.googleapis.com/v0/b/supple-league-394102.appspot.com/o/PathImageFile%2Fartist-53a888c8-ff1f-4fbc-9510-3d50d4d8aefb-1738511202803.webp?alt=media&token=fb5b4056-e96c-4698-b49d-7eb972367be3', 'Đây là nghệ sĩ tài năng', '', 'https://firebasestorage.googleapis.com/v0/b/supple-league-394102.appspot.com/o/Banner%2Fartist-53a888c8-ff1f-4fbc-9510-3d50d4d8aefb-1738511202803.webp?alt=media&token=8041c922-2688-42cf-a3db-ae0f47fbd9fe', 'user'),
	('artist-55930b25-3bb4-4934-9e66-e3d58649eca5-1738573864283', 'Lưu Y Đóa', '1', 'Trung Quốc', 'Lưu Y Đóa', 'https://firebasestorage.googleapis.com/v0/b/supple-league-394102.appspot.com/o/PathImageFile%2Fartist-55930b25-3bb4-4934-9e66-e3d58649eca5-1738573864283.webp?alt=media&token=c530d1c8-d738-4de2-b87c-aa31e8f37574', 'Đây là nghệ sĩ tài năng', '', '', 'user'),
	('artist-566a4f2a-83f4-4ad1-a550-1b52091a8bf2', 'MIN', '1', 'Việt Nam', 'MIN', 'https://firebasestorage.googleapis.com/v0/b/supple-league-394102.appspot.com/o/PathImageFile%2Fartist-566a4f2a-83f4-4ad1-a550-1b52091a8bf2.jpeg?alt=media&token=c4bc0e67-98d4-49c6-b871-f31c39f95770', '', '', 'https://firebasestorage.googleapis.com/v0/b/supple-league-394102.appspot.com/o/Banner%2Fartist-566a4f2a-83f4-4ad1-a550-1b52091a8bf2.jpeg?alt=media&token=5014c7f7-72cb-4200-b8f0-565f1dd17be0', 'user'),
	('artist-63e39141-f2ca-43ff-9ede-c66d5ab980e9-1738655453104', 'Trình Hưởng', '1', 'Trung Quốc', 'Trình Hưởng', 'https://firebasestorage.googleapis.com/v0/b/supple-league-394102.appspot.com/o/PathImageFile%2Fartist-63e39141-f2ca-43ff-9ede-c66d5ab980e9-1738655453104.webp?alt=media&token=d4b77b91-1a82-4836-a25c-85864851606f', 'Đây là nghệ sĩ tài năng', '', '', 'user'),
	('artist-717aba39-8501-41c1-8a26-8f68c4b282e3-1725186015160', 'Miu Lê', '1', 'Viết Nam', 'Miu Lê', 'https://firebasestorage.googleapis.com/v0/b/supple-league-394102.appspot.com/o/PathImageFile%2Fartist-717aba39-8501-41c1-8a26-8f68c4b282e3-1725186015160.jpeg?alt=media&token=6e66f5c4-f783-44fd-b79e-cd170c2e28ef', 'Đây là nghệ sĩ tài năng', '', 'https://firebasestorage.googleapis.com/v0/b/supple-league-394102.appspot.com/o/Banner%2Fartist-717aba39-8501-41c1-8a26-8f68c4b282e3-1725186015160.jpeg?alt=media&token=ef20c913-c92c-43fd-911f-756ea4873180', 'user'),
	('artist-72f7937e-dc5b-4bbd-941c-8ec37458ed93-1738547171759', 'Vương Thắng Nam', '1', 'Trung Quốc', 'Vương Thắng Nam', 'https://firebasestorage.googleapis.com/v0/b/supple-league-394102.appspot.com/o/PathImageFile%2Fartist-72f7937e-dc5b-4bbd-941c-8ec37458ed93-1738547171759.webp?alt=media&token=b4cdd657-d2b6-4d34-84dc-039ed82a0b41', 'Đây là nghệ sĩ tài năng', '', '', 'user'),
	('artist-79971eb4-fcaa-4be6-b4c3-70e7dd5923e3-1738423596080', 'Masew', '1', 'Việt Nam', 'Masew', 'https://firebasestorage.googleapis.com/v0/b/supple-league-394102.appspot.com/o/PathImageFile%2Fartist-79971eb4-fcaa-4be6-b4c3-70e7dd5923e3-1738423596080.webp?alt=media&token=bdd3938d-140e-4b6e-932c-9efc4cca090f', '', '', 'https://firebasestorage.googleapis.com/v0/b/supple-league-394102.appspot.com/o/Banner%2Fartist-79971eb4-fcaa-4be6-b4c3-70e7dd5923e3-1738423596080.webp?alt=media&token=799119c5-c728-449c-a68a-1d377d642dac', 'user'),
	('artist-7ca17e4c-b92f-48cb-9642-4ffbc9f19978-1738551165034', 'Li Yugang', '1', 'Trung Quốc', 'Li Yugang', 'https://firebasestorage.googleapis.com/v0/b/supple-league-394102.appspot.com/o/PathImageFile%2Fartist-7ca17e4c-b92f-48cb-9642-4ffbc9f19978-1738551165034.webp?alt=media&token=9438d2ce-89e5-4a41-929b-6b65da35827c', 'Đây là nghệ sĩ tài năng', '', '', 'user'),
	('artist-7d2a7a2a-6110-4746-ac9b-9d0fb1e90b60-1737815723696', 'The Men', '1', 'Việt Nam', 'The Men', 'https://firebasestorage.googleapis.com/v0/b/supple-league-394102.appspot.com/o/PathImageFile%2Fartist-7d2a7a2a-6110-4746-ac9b-9d0fb1e90b60-1737815723696.webp?alt=media&token=5e2c580e-550a-4e85-8289-378ab6e33218', 'Đây là nghệ sĩ tài năng', '', 'https://firebasestorage.googleapis.com/v0/b/supple-league-394102.appspot.com/o/Banner%2Fartist-7d2a7a2a-6110-4746-ac9b-9d0fb1e90b60-1737815723696.webp?alt=media&token=396f4eb5-e4e0-4594-a1c2-749b095dd787', 'user'),
	('artist-87cb9a4c-45d8-426a-bcac-9576677321f0-1725185616844', 'Lou Hoàng', '1', 'Viết Nam', 'Lou Hoàng', 'https://firebasestorage.googleapis.com/v0/b/supple-league-394102.appspot.com/o/PathImageFile%2Fartist-87cb9a4c-45d8-426a-bcac-9576677321f0-1725185616844.jpeg?alt=media&token=a8a68e42-ca65-42de-aee6-67c34a6ce600', 'Đây là nghệ sĩ tài năng', '', 'https://firebasestorage.googleapis.com/v0/b/supple-league-394102.appspot.com/o/Banner%2Fartist-87cb9a4c-45d8-426a-bcac-9576677321f0-1725185616844.jpeg?alt=media&token=5c87670d-67e2-4359-adf0-a266701f6569', 'user'),
	('artist-8d22b263-0b3e-44f0-b6fe-4d1a1f8cb9d9-1738508571727', '30 năm trước, 50 năm sau', '1', 'Trung Quốc', '30 năm trước, 50 năm sau', 'https://firebasestorage.googleapis.com/v0/b/supple-league-394102.appspot.com/o/PathImageFile%2Fartist-8d22b263-0b3e-44f0-b6fe-4d1a1f8cb9d9-1738508571727.webp?alt=media&token=41b9c25a-ab26-433c-9da8-a4ef17661a67', 'Đây là nghệ sĩ tài năng', '', '', 'user'),
	('artist-8dca8df5-0a86-4150-96ea-b00ed01305c3-1738547567642', 'Tưởng Tuyết Nhi ', '1', 'Trung Quốc', 'Tưởng Tuyết Nhi ', 'https://firebasestorage.googleapis.com/v0/b/supple-league-394102.appspot.com/o/PathImageFile%2Fartist-8dca8df5-0a86-4150-96ea-b00ed01305c3-1738547567642.webp?alt=media&token=a05bfc30-d4a3-4cc5-b1b8-dee51a6ad311', 'Đây là nghệ sĩ tài năng', '', 'https://firebasestorage.googleapis.com/v0/b/supple-league-394102.appspot.com/o/Banner%2Fartist-8dca8df5-0a86-4150-96ea-b00ed01305c3-1738547567642.webp?alt=media&token=4fff3831-2a84-4327-ad0d-17d8dec4a102', 'user'),
	('artist-a3e230e4-c1bb-48a8-8069-d6e3792323fc-1725283096104', 'Tuấn Hưng', '1', 'Viết Nam', 'Tuấn Hưng', 'https://firebasestorage.googleapis.com/v0/b/supple-league-394102.appspot.com/o/PathImageFile%2Fartist-a3e230e4-c1bb-48a8-8069-d6e3792323fc-1725283096104.jpeg?alt=media&token=8b7556f7-9be9-4150-8a8f-7c4fe76d6f08', 'Đây là nghệ sĩ tài năng', '', 'https://firebasestorage.googleapis.com/v0/b/supple-league-394102.appspot.com/o/Banner%2Fartist-a3e230e4-c1bb-48a8-8069-d6e3792323fc-1725283096104.jpeg?alt=media&token=12dd306c-342d-41f3-87ab-e33ed4984f9f', 'user'),
	('artist-b29a1a00-42ee-4984-a16e-0c757b4cec78-1731984342688', 'Noo Phước Thịnh', '1', 'Việt Nam', 'Noo Phước Thịnh', 'https://firebasestorage.googleapis.com/v0/b/supple-league-394102.appspot.com/o/PathImageFile%2Fartist-b29a1a00-42ee-4984-a16e-0c757b4cec78-1731984342688.jpeg?alt=media&token=0a6a6198-7ebd-4d7b-bfef-77694cee3ffb', 'Đây là nghệ sĩ tài năng', '', 'https://firebasestorage.googleapis.com/v0/b/supple-league-394102.appspot.com/o/Banner%2Fartist-b29a1a00-42ee-4984-a16e-0c757b4cec78-1731984342688.jpeg?alt=media&token=8c3e0ed2-0309-4cba-ba03-7e75caeb52ac', 'user'),
	('artist-b5f7bbc5-8a8d-425a-92d2-69c70e175a1f-1738551776320', 'Christine Welch', '1', 'Trung Quốc', 'Christine Welch', 'https://firebasestorage.googleapis.com/v0/b/supple-league-394102.appspot.com/o/PathImageFile%2Fartist-b5f7bbc5-8a8d-425a-92d2-69c70e175a1f-1738551776320.webp?alt=media&token=780ed3e4-7aa1-4185-8074-0091303a54b0', 'Đây là nghệ sĩ tài năng', '', '', 'user'),
	('artist-bca4ab76-29ad-48b0-a6bf-0afacb6c545c-1738491015170', 'Âm Khuyết Thi Thính', '1', 'Trung Quốc', 'Âm Khuyết Thi Thính', 'https://firebasestorage.googleapis.com/v0/b/supple-league-394102.appspot.com/o/PathImageFile%2Fartist-bca4ab76-29ad-48b0-a6bf-0afacb6c545c-1738491015170.webp?alt=media&token=3efb0194-2f77-4a47-a33d-625fb948933f', 'Đây là nghệ sĩ tài năng', '', 'https://firebasestorage.googleapis.com/v0/b/supple-league-394102.appspot.com/o/Banner%2Fartist-bca4ab76-29ad-48b0-a6bf-0afacb6c545c-1738491015170.webp?alt=media&token=05bc8f65-165c-4dab-8300-b77d4bc2d595', 'user'),
	('artist-bce49a0b-09fb-430f-8a0a-253ec877419f-1738672823180', 'Thanh Hưng', '1', 'Việt Nam', 'Thanh Hưng', 'https://firebasestorage.googleapis.com/v0/b/supple-league-394102.appspot.com/o/PathImageFile%2Fartist-bce49a0b-09fb-430f-8a0a-253ec877419f-1738672823180.webp?alt=media&token=01693cd1-d834-40f1-b56f-33fedcf7a5ef', 'Đây là nghệ sĩ tài năng', '', 'https://firebasestorage.googleapis.com/v0/b/supple-league-394102.appspot.com/o/Banner%2Fartist-bce49a0b-09fb-430f-8a0a-253ec877419f-1738672823180.webp?alt=media&token=a91b2897-69fe-4cbe-b604-e0e3ca97e8a9', 'user'),
	('artist-c07dcb4a-6dc6-40d8-ab80-d8058b56c6e7-1736004451431', 'Mita', '1', 'Nga', 'Mita', 'https://firebasestorage.googleapis.com/v0/b/supple-league-394102.appspot.com/o/PathImageFile%2Fartist-c07dcb4a-6dc6-40d8-ab80-d8058b56c6e7-1736004451431.jpeg?alt=media&token=175f108f-25ba-4ea9-aa66-094d4033072f', 'Đây là nghệ sĩ tài năng', '', 'https://firebasestorage.googleapis.com/v0/b/supple-league-394102.appspot.com/o/Banner%2Fartist-c07dcb4a-6dc6-40d8-ab80-d8058b56c6e7-1736004451431.jpeg?alt=media&token=d42df61c-8d80-492d-b47f-0fff81955487', 'user'),
	('artist-d71883a7-b621-4693-b9e8-062c144b4d45-1737797467978', 'DatKaa', '1', 'Việt Nam', 'DatKaa', 'https://firebasestorage.googleapis.com/v0/b/supple-league-394102.appspot.com/o/PathImageFile%2Fartist-d71883a7-b621-4693-b9e8-062c144b4d45-1737797467978.webp?alt=media&token=22b6d78f-b0e7-4c57-8aff-0f02b5836abb', 'Đây là nghệ sĩ tài năng', '', '', 'user'),
	('artist-df5c4415-932c-4b69-98ca-740516b210cf-1737779637572', 'Phong Max', '1', 'Việt Nam', 'Phong Max', 'https://firebasestorage.googleapis.com/v0/b/supple-league-394102.appspot.com/o/PathImageFile%2Fartist-df5c4415-932c-4b69-98ca-740516b210cf-1737779637572.jpeg?alt=media&token=dd6362c5-7e26-40f8-bffd-e1deff58eeda', 'Đây là nghệ sĩ tài năng', '', 'https://firebasestorage.googleapis.com/v0/b/supple-league-394102.appspot.com/o/Banner%2Fartist-df5c4415-932c-4b69-98ca-740516b210cf-1737779637572.webp?alt=media&token=63236860-b4ac-41d5-94dd-d5fcb2bb29bd', 'user'),
	('artist-e3f078e5-f587-4c18-a790-424e6dd64487-1725455195688', 'Trung Tự', '1', 'Viết Nam', 'Trung Tự', 'https://firebasestorage.googleapis.com/v0/b/supple-league-394102.appspot.com/o/PathImageFile%2Fartist-e3f078e5-f587-4c18-a790-424e6dd64487-1725455195688.jpeg?alt=media&token=b50c4a4c-75b7-4e25-94a3-cf9e562d4b02', 'Đây là nghệ sĩ tài năng', '', 'https://firebasestorage.googleapis.com/v0/b/supple-league-394102.appspot.com/o/Banner%2Fartist-e3f078e5-f587-4c18-a790-424e6dd64487-1725455195688.jpeg?alt=media&token=94d865f9-9648-473f-8457-5dac7bdbb474', 'user'),
	('artist-e5325c2e-4c74-4f23-a1fc-79de0b487f96-1738507126215', 'Triệu Phương Tịnh', '1', 'Trung Quốc', 'Triệu Phương Tịnh', 'https://firebasestorage.googleapis.com/v0/b/supple-league-394102.appspot.com/o/PathImageFile%2Fartist-e5325c2e-4c74-4f23-a1fc-79de0b487f96-1738507126215.webp?alt=media&token=db75832b-6762-4f94-bb7b-c56842fe0292', '', '', '', 'user'),
	('artist-e9a1e896-ecc4-4adc-9f5e-2cd107fb1ed4', 'Fairy Tail', '1', 'Nhật Bản', 'Fairy Tail', 'https://firebasestorage.googleapis.com/v0/b/supple-league-394102.appspot.com/o/PathImageFile%2Fartist-e9a1e896-ecc4-4adc-9f5e-2cd107fb1ed4.jpeg?alt=media&token=1f9581ea-6195-4d6d-8cba-685b7896feb3', 'Đây là nghệ sĩ tài năng', '', 'https://firebasestorage.googleapis.com/v0/b/supple-league-394102.appspot.com/o/Banner%2Fartist-e9a1e896-ecc4-4adc-9f5e-2cd107fb1ed4.jpeg?alt=media&token=f2dfcbdf-9d83-4ff2-92f0-8d8fedcdb0f0', 'user'),
	('artist-ea7319fc-a892-4526-a664-0347f2302ed6-1738549115228', 'Mộng Nhiên', '1', 'Trung Quốc', 'Mộng Nhiên', 'https://firebasestorage.googleapis.com/v0/b/supple-league-394102.appspot.com/o/PathImageFile%2Fartist-ea7319fc-a892-4526-a664-0347f2302ed6-1738549115228.webp?alt=media&token=350a90c0-4cb4-42b8-a104-851b4ee8564d', 'Đây là nghệ sĩ tài năng', '', '', 'user'),
	('artist-ea7399e9-d854-426d-b4ca-dc2644b88a74-1723107672710', 'Only C', '1', 'Việt Nam', 'Only C', 'https://firebasestorage.googleapis.com/v0/b/supple-league-394102.appspot.com/o/PathImageFile%2Fartist-ea7399e9-d854-426d-b4ca-dc2644b88a74-1723107672710.jpeg?alt=media&token=3abc6c4d-6395-4acc-b0bf-3bcf4d985560', 'Đây là nghệ sĩ tài năng', '', 'https://firebasestorage.googleapis.com/v0/b/supple-league-394102.appspot.com/o/Banner%2Fartist-ea7399e9-d854-426d-b4ca-dc2644b88a74-1723107672710.jpeg?alt=media&token=389fa49d-c876-4ada-ab0a-f9a43903c117', 'user'),
	('artist-eb91aa80-3869-430d-9810-dd12344779ed-1738071857142', 'DEAMN', '1', 'Mỹ', 'DEAMN', 'https://firebasestorage.googleapis.com/v0/b/supple-league-394102.appspot.com/o/PathImageFile%2Fartist-eb91aa80-3869-430d-9810-dd12344779ed-1738071857142.webp?alt=media&token=8069a3dd-d46a-4402-9e0f-512a31ea8a0b', 'Đây là nghệ sĩ tài năng', '', 'https://firebasestorage.googleapis.com/v0/b/supple-league-394102.appspot.com/o/Banner%2Fartist-eb91aa80-3869-430d-9810-dd12344779ed-1738071857142.webp?alt=media&token=a55085d2-d532-4043-938e-50d340a29103', 'user'),
	('artist-ee6b7fbc-e072-4a33-9e03-887fc1f82008-1725286552482', 'Trịnh Thăng Bình', '1', 'Viết Nam', 'Trịnh Thăng Bình', 'https://firebasestorage.googleapis.com/v0/b/supple-league-394102.appspot.com/o/PathImageFile%2Fartist-ee6b7fbc-e072-4a33-9e03-887fc1f82008-1725286552482.jpeg?alt=media&token=428230f6-5a70-43cf-89af-197dd028aeee', 'Đây là nghệ sĩ tài năng', '', 'https://firebasestorage.googleapis.com/v0/b/supple-league-394102.appspot.com/o/Banner%2Fartist-ee6b7fbc-e072-4a33-9e03-887fc1f82008-1725286552482.jpeg?alt=media&token=640d89e5-7a88-44b2-82d1-4c1019730d45', 'user'),
	('artist-efd0f20b-ea67-45e9-a76d-9118dc6f0588-1738547135616', 'Hoa Chúc', '1', 'Trung Quốc', 'Hoa Chúc', 'https://firebasestorage.googleapis.com/v0/b/supple-league-394102.appspot.com/o/PathImageFile%2Fartist-efd0f20b-ea67-45e9-a76d-9118dc6f0588-1738547135616.webp?alt=media&token=4eda9677-bdb9-4a31-898e-ab8fe4a6eb9e', 'Đây là nghệ sĩ tài năng', '', '', 'user'),
	('artist-f4cee228-4fc9-4014-a0c8-5151397bb463-1732030044782', 'Jack-J97', '1', 'Việt Nam', 'Jack-J97', 'https://firebasestorage.googleapis.com/v0/b/supple-league-394102.appspot.com/o/PathImageFile%2Fartist-f4cee228-4fc9-4014-a0c8-5151397bb463-1732030044782.jpeg?alt=media&token=84c63b13-8cda-48a4-b422-44799ff11a85', 'Đây là nghệ sĩ tài năng', '', 'https://firebasestorage.googleapis.com/v0/b/supple-league-394102.appspot.com/o/Banner%2Fartist-f4cee228-4fc9-4014-a0c8-5151397bb463-1732030044782.jpeg?alt=media&token=8c528edb-f5ac-40ef-ac19-2a3c5790e0c2', 'user'),
	('artist-f7098c96-6699-4646-be45-717b445672dd-1732026661111', 'K ICM', '1', 'Việt Nam', 'K ICM', 'https://firebasestorage.googleapis.com/v0/b/supple-league-394102.appspot.com/o/PathImageFile%2Fartist-f7098c96-6699-4646-be45-717b445672dd-1732026661111.jpeg?alt=media&token=36153d7f-d120-4696-a818-3251a4c55313', 'Đây là nghệ sĩ tài năng', '', 'https://firebasestorage.googleapis.com/v0/b/supple-league-394102.appspot.com/o/Banner%2Fartist-f7098c96-6699-4646-be45-717b445672dd-1732026661111.jpeg?alt=media&token=6f2e681f-d920-4377-943f-002d48ebb125', 'user'),
	('artist-fd1ff219-ee15-45ff-baa5-316e29bd8998-1723110503718', 'Karik', '1', 'Việt Nam', 'Karik', 'https://firebasestorage.googleapis.com/v0/b/supple-league-394102.appspot.com/o/PathImageFile%2Fartist-fd1ff219-ee15-45ff-baa5-316e29bd8998-1723110503718.jpeg?alt=media&token=4fdf0a36-5eae-47fa-b260-26ebbc373731', 'Đây là nghệ sĩ tài năng', '', 'https://firebasestorage.googleapis.com/v0/b/supple-league-394102.appspot.com/o/Banner%2Fartist-fd1ff219-ee15-45ff-baa5-316e29bd8998-1723110503718.jpeg?alt=media&token=f17e7f2b-033a-4c5d-a9b1-93bcb6d33d4a', 'user'),
	('artist-fe79e6f5-1ebe-4223-9b00-3e00c16af0bd', 'Erik', '1', 'Việt Nam', 'Erik', 'https://firebasestorage.googleapis.com/v0/b/supple-league-394102.appspot.com/o/PathImageFile%2Fartist-fe79e6f5-1ebe-4223-9b00-3e00c16af0bd.jpeg?alt=media&token=3bc37096-30bb-40ef-9a66-4f3097dcdd39', '', '', 'https://firebasestorage.googleapis.com/v0/b/supple-league-394102.appspot.com/o/Banner%2Fartist-fe79e6f5-1ebe-4223-9b00-3e00c16af0bd.jpeg?alt=media&token=1d0b9a9c-010c-4c44-83b2-edb63eb12bad', 'user'),
	('c9a79c22-8546-4540-8d16-92c01c4a6a23', 'huy', '0', '', '', 'https://avatars.githubusercontent.com/u/71593544?v=4', '', '', '', 'user'),
	('user-7364e787-c5e0-495f-852c-9d7850b817ef', 'nhân viên 3', '0', '', '', '/public/avatar/avatar.jpg', '', '', '', 'employee'),
	('user-9a6bf20a-dcee-4adf-81cf-e18a524a98b9', 'nhân viên 2', '0', '', '', '/public/avatar/avatar.jpg', '', '', '', 'employee'),
	('user-c7438792-5c68-466d-ae19-25aef6856bc2', 'nhân viên', '0', '', '', '/public/avatar/avatar.jpg', '', '', '', 'employee'),
	('user-f251a07e-7465-477b-9fa6-ee0a9f85c52d-1723366291936', 'khang hai', '0', '', 'khang hai', 'https://lh3.googleusercontent.com/a/ACg8ocLLzhOFABIwe28HYPqdWTlLJ1K_MroTPqia3pvuV1HWrkrI=s96-c', '', '', '', 'user');

-- Dumping structure for trigger defaultdb.up_contain_playlist
SET @OLDTMP_SQL_MODE=@@SQL_MODE, SQL_MODE='NO_AUTO_VALUE_ON_ZERO';
DELIMITER //
CREATE TRIGGER "up_contain_playlist" AFTER UPDATE ON "playlist" FOR EACH ROW UPDATE contain SET PlayList_id =NEW.id
where contain.PlayList_id=OLD.id//
DELIMITER ;
SET SQL_MODE=@OLDTMP_SQL_MODE;

/*!40103 SET TIME_ZONE=IFNULL(@OLD_TIME_ZONE, 'system') */;
/*!40101 SET SQL_MODE=IFNULL(@OLD_SQL_MODE, '') */;
/*!40014 SET FOREIGN_KEY_CHECKS=IFNULL(@OLD_FOREIGN_KEY_CHECKS, 1) */;
/*!40101 SET CHARACTER_SET_CLIENT=@OLD_CHARACTER_SET_CLIENT */;
/*!40111 SET SQL_NOTES=IFNULL(@OLD_SQL_NOTES, 1) */;
